X,Y,FID,COD_REG,REGION,CUT,COMUNA,CALLE_UNO,CALLE_DOS,NUMERO,DIR_GEOCOD,LAT,LNG,VAL_COM,TIPO,Año,Idaccident,Fecha,Tipo_Accid,Tipo__CONA,Zona,Causa__CON,Causa,Fallecidos,Graves,Menos_Grav,Leves,Hora
-70.9586108,-32.7832833,119,5,REGION VALPARAISO,5702,CATEMU,EL ARAYAN, ,3300,"El Arrayán, Catemu, Valparaíso, Chile",-32.7832833,-70.9586108,1,GEOMETRIC_CENTER,2020,1282413,2020/05/21 00:00:00+00,CHOQUE FRONTAL,CHOQUE,RURAL,PERDIDA CONTROL VEHICULO,PERDIDA CONTROL VEHICULO,0,0,0,0,00:35:00
-71.5009726,-33.0514444,120,5,REGION VALPARAISO,5109,VIÑA DEL MAR,TRONCAL SUR, ,10500,"Autop. Troncal Sur, Viña del Mar, Valparaíso, Chile",-33.0514444,-71.5009726,1,GEOMETRIC_CENTER,2020,1282432,2020/05/18 00:00:00+00,CHOQUE FRONTAL,CHOQUE,URBANA,PERDIDA CONTROL VEHICULO,PERDIDA CONTROL VEHICULO,0,0,0,2,14:00:00
-71.5017092,-33.0377998,121,5,REGION VALPARAISO,5109,VIÑA DEL MAR,RUTA LAS PALMAS, ,2400,"Cam. Las Palmas, Viña del Mar, Valparaíso, Chile",-33.0377998,-71.5017092,1,GEOMETRIC_CENTER,2020,1282483,2020/05/19 00:00:00+00,CHOQUE FRONTAL,CHOQUE,URBANA,IMPRUDENCIA DEL CONDUCTOR,CONDUCCION NO ATENTO CONDICIONES TRANSITO MOMENTO,0,0,0,1,07:40:00
-71.6642592,-33.3728501,122,5,REGION VALPARAISO,5602,ALGARROBO,EL MOLLE,EL ROBLE,0,"El Roble & El Molle, Algarrobo, Valparaíso, Chile",-33.3728501,-71.6642592,1,GEOMETRIC_CENTER,2020,1282489,2020/05/22 00:00:00+00,COLISION LATERAL,COLISION,URBANA,IMPRUDENCIA DEL CONDUCTOR,CONDUCCION CONTRA SENTIDO DEL TRANSITO,0,0,1,0,18:40:00
-71.5486345,-33.0230149,123,5,REGION VALPARAISO,5109,VIÑA DEL MAR,UNO NORTE,QUILLOTA,0,"Quillota & 1 Norte, Viña del Mar, Valparaíso, Chile",-33.0230149,-71.5486345,1,GEOMETRIC_CENTER,2020,1282525,2020/05/10 00:00:00+00,CAIDA,CAIDA,URBANA,IMPRUDENCIA DEL CONDUCTOR,CONDUCCION NO ATENTO CONDICIONES TRANSITO MOMENTO,0,0,0,0,17:30:00
-71.445354,-33.0479407,124,5,REGION VALPARAISO,5801,QUILPUE,LOS CARRERA,ANIBAL PINTO,0,"Aníbal Pinto & Avenida Los Carrera, Quilpué, Valparaíso, Chile",-33.0479407,-71.445354,1,GEOMETRIC_CENTER,2020,1282532,2020/05/23 00:00:00+00,COLISION LATERAL,COLISION,URBANA,IMPRUDENCIA DEL CONDUCTOR,CONDUCCION CAMBIAR SORPRESIVAMENTE PISTA CIRCULACION,0,0,0,0,11:15:00
-71.4082587,-33.0538567,125,5,REGION VALPARAISO,5801,QUILPUE,SEGUNDO DE LINEA, ,725,"Segundo de Línea 725, Quilpué, Valparaíso, Chile",-33.0538567,-71.4082587,1,ROOFTOP,2020,1282534,2020/05/23 00:00:00+00,COLISION LATERAL,COLISION,URBANA,IMPRUDENCIA DEL CONDUCTOR,ADELANTAMIENTO SIN EL ESPACIO O TIEMPO SUFICIENTE,0,0,0,0,16:00:00
-71.5978033,-33.0466524,126,5,REGION VALPARAISO,5101,VALPARAISO,SANTA JUSTINA,SANTA CLARISA,0,"Sta. Justina 681, Valparaíso, Chile",-33.0466524,-71.5978033,1,ROOFTOP,2020,1282593,2020/05/25 00:00:00+00,IMPACTO CON ANIMAL,OTRO TIPO,URBANA,DEFICIENCIAS VIALES,ANIMALES SUELTOS VIA PUBLICA,0,0,0,1,12:30:00
-71.4193436,-33.0583218,127,5,REGION VALPARAISO,5801,QUILPUE,SAN PEDRO,LAS CAMELIAS,0,"Las Camelias & San Pedro, Quilpué, Valparaíso, Chile",-33.0583218,-71.4193436,1,GEOMETRIC_CENTER,2020,1282612,2020/05/25 00:00:00+00,COLISION PERPENDICULAR,COLISION,URBANA,DESOBEDIENCIA A SEÑALIZACION,SEÑALIZACION DESOBEDECER SEÑAL CEDA EL PASO,0,0,0,0,17:30:00
-71.467432,-33.0504981,128,5,REGION VALPARAISO,5801,QUILPUE,ORTIZ VEGA,OHIGGINS,0,"Ortiz Vega & OHiggins, Quilpué, Valparaíso, Chile",-33.0504981,-71.467432,1,GEOMETRIC_CENTER,2020,1282614,2020/05/25 00:00:00+00,COLISION PERPENDICULAR,COLISION,URBANA,DESOBEDIENCIA A SEÑALIZACION,SEÑALIZACION DESOBEDECER SEÑAL CEDA EL PASO,0,0,0,2,13:30:00
-71.4422276,-33.0477613,129,5,REGION VALPARAISO,5801,QUILPUE,LOS CARRERA, ,811,"Av. Los Carrera 811, Quilpué, Valparaíso, Chile",-33.0477613,-71.4422276,1,ROOFTOP,2020,1282616,2020/05/25 00:00:00+00,COLISION LATERAL,COLISION,URBANA,IMPRUDENCIA DEL CONDUCTOR,CONDUCCION CAMBIAR SORPRESIVAMENTE PISTA CIRCULACION,0,0,0,0,13:50:00
-71.5807665,-33.0458369,130,5,REGION VALPARAISO,5101,VALPARAISO,VIOLETA PARRA, ,218,"Marina 719-685, Valparaíso, Chile",-33.0458369,-71.5807665,1,ROOFTOP,2020,1282649,2020/05/13 00:00:00+00,CHOQUE LATERAL,CHOQUE,URBANA,IMPRUDENCIA DEL CONDUCTOR,CARGA SOBRESALE ESTRUCTURA VEHICULO,0,0,0,0,09:30:00
-71.5515811,-33.0226144,131,5,REGION VALPARAISO,5109,VIÑA DEL MAR,LIBERTAD,UNO NORTE,0,"Pte. Libertad & 1 Nte., Viña del Mar, Valparaíso, Chile",-33.0226144,-71.5515811,1,GEOMETRIC_CENTER,2020,1282697,2020/05/14 00:00:00+00,CHOQUE FRENTE/POSTERIOR,CHOQUE,URBANA,IMPRUDENCIA DEL CONDUCTOR,CONDUCCION NO ATENTO CONDICIONES TRANSITO MOMENTO,0,0,0,0,21:00:00
-71.5424675,-33.0134073,132,5,REGION VALPARAISO,5109,VIÑA DEL MAR,CINCO ORIENTE,QUILLOTA,0,"Quillota & 5 Oriente, Viña del Mar, Valparaíso, Chile",-33.0134073,-71.5424675,1,GEOMETRIC_CENTER,2020,1282698,2020/05/15 00:00:00+00,COLISION POR ALCANCE,COLISION,URBANA,IMPRUDENCIA DEL CONDUCTOR,CONDUCCION NO ATENTO CONDICIONES TRANSITO MOMENTO,0,0,0,0,13:00:00
-71.5451323,-33.0067417,133,5,REGION VALPARAISO,5109,VIÑA DEL MAR,DIECIOCHO NORTE,BENIDORM,0,"Avenida Benidorm 961 Espacio Urbano 15 Norte Tercer Nivel saliendo al estacionamiento, Viña del Mar, Valparaíso, Chile",-33.0067417,-71.5451323,1,GEOMETRIC_CENTER,2020,1282700,2020/05/16 00:00:00+00,CHOQUE FRONTAL,CHOQUE,URBANA,PERDIDA CONTROL VEHICULO,PERDIDA CONTROL VEHICULO,0,0,0,0,01:00:00
-71.5387553,-33.0260326,134,5,REGION VALPARAISO,5109,VIÑA DEL MAR,UNO NORTE,PUENTE CANCHA,0,"1 Norte & Puente Cancha, Viña del Mar, Valparaíso, Chile",-33.0260326,-71.5387553,1,GEOMETRIC_CENTER,2020,1282701,2020/05/18 00:00:00+00,COLISION POR ALCANCE,COLISION,URBANA,IMPRUDENCIA DEL CONDUCTOR,CONDUCCION NO ATENTO CONDICIONES TRANSITO MOMENTO,0,0,0,0,13:20:00
-71.2518026,-32.8814764,135,5,REGION VALPARAISO,5501,QUILLOTA,CARRERA,PUDETO,0,"Pudeto, Quillota, Valparaíso, Chile",-32.8814764,-71.2518026,1,GEOMETRIC_CENTER,2020,1282715,2020/05/28 00:00:00+00,COLISION,COLISION,URBANA,DESOBEDIENCIA A SEÑALIZACION,SEÑALIZACION DESOBEDECER SEÑAL PARE,0,0,0,0,18:50:00
-70.737031,-32.7483076,136,5,REGION VALPARAISO,5701,SAN FELIPE,SOMIN BOLIVAR,COSTANERA,0,"Simon Bolívar 231, San Felipe, Valparaíso, Chile",-32.7483076,-70.737031,1,ROOFTOP,2020,1282806,2020/05/25 00:00:00+00,CHOQUE FRONTAL,CHOQUE,URBANA,PERDIDA CONTROL VEHICULO,PERDIDA CONTROL VEHICULO,0,0,0,1,08:30:00
-70.7108673,-32.7498999,137,5,REGION VALPARAISO,5701,SAN FELIPE,HERMANOS CARRERA,MIRAFLORES,0,"Av. Miraflores & Av. Hermanos Carrera, San Felipe, Valparaíso, Chile",-32.7498999,-70.7108673,1,GEOMETRIC_CENTER,2020,1282809,2020/05/27 00:00:00+00,CHOQUE,CHOQUE,URBANA,PERDIDA CONTROL VEHICULO,PERDIDA CONTROL VEHICULO,0,0,0,0,07:30:00
-70.7224314,-32.7531559,138,5,REGION VALPARAISO,5701,SAN FELIPE,FREIRE,TORO MAZOTTE,0,"Ramón Freire & Toro Mazote, San Felipe, Valparaíso, Chile",-32.7531559,-70.7224314,1,GEOMETRIC_CENTER,2020,1282813,2020/05/28 00:00:00+00,COLISION,COLISION,URBANA,IMPRUDENCIA DEL CONDUCTOR,CONDUCCION NO ATENTO CONDICIONES TRANSITO MOMENTO,0,0,0,2,12:30:00
-71.5573204,-33.0254929,139,5,REGION VALPARAISO,5109,VIÑA DEL MAR,VIANA,VILLANELO,0,"Villanelo & Viana, Viña del Mar, Valparaíso, Chile",-33.0254929,-71.5573204,1,GEOMETRIC_CENTER,2020,1282845,2020/05/18 00:00:00+00,COLISION POR ALCANCE,COLISION,URBANA,IMPRUDENCIA DEL CONDUCTOR,CONDUCCION NO ATENTO CONDICIONES TRANSITO MOMENTO,0,0,0,0,11:00:00
-71.56086,-33.0211988,140,5,REGION VALPARAISO,5109,VIÑA DEL MAR,PUENTE CASINO,MARINA,0,"Av. Marina & Pte. Casino, Viña del Mar, Valparaíso, Chile",-33.0211988,-71.56086,1,GEOMETRIC_CENTER,2020,1282846,2020/05/19 00:00:00+00,COLISION POR ALCANCE,COLISION,URBANA,IMPRUDENCIA DEL CONDUCTOR,CONDUCCION NO ATENTO CONDICIONES TRANSITO MOMENTO,0,0,0,0,13:40:00
-71.5679298,-33.0239694,141,5,REGION VALPARAISO,5109,VIÑA DEL MAR,MARINA,ESPAÑA,0,"Av. Marina & Av. España, Viña del Mar, Valparaíso, Chile",-33.0239694,-71.5679298,1,GEOMETRIC_CENTER,2020,1282848,2020/05/19 00:00:00+00,COLISION POR ALCANCE,COLISION,URBANA,IMPRUDENCIA DEL CONDUCTOR,CONDUCCION NO ATENTO CONDICIONES TRANSITO MOMENTO,0,0,0,0,15:40:00
-71.5558517,-33.0187503,142,5,REGION VALPARAISO,5109,VIÑA DEL MAR,CUATRO NORTE,CUATRO PONIENTE,0,"4 Pte. & 4 Nte., Viña del Mar, Valparaíso, Chile",-33.0187503,-71.5558517,1,GEOMETRIC_CENTER,2020,1282850,2020/05/19 00:00:00+00,COLISION LATERAL,COLISION,URBANA,IMPRUDENCIA DEL CONDUCTOR,CONDUCCION NO ATENTO CONDICIONES TRANSITO MOMENTO,0,0,0,1,10:20:00
-71.6049606,-33.5475455,143,5,REGION VALPARAISO,5603,CARTAGENA,ESTADO,PLAYA CHICA,0,"Avenida Playa Chica & Estado, Cartagena, Valparaíso, Chile",-33.5475455,-71.6049606,1,GEOMETRIC_CENTER,2020,1283110,2020/05/26 00:00:00+00,CHOQUE,CHOQUE,URBANA,DESOBEDIENCIA A SEÑALIZACION,SEÑALIZACION DESOBEDECER SEÑAL CEDA EL PASO,0,0,0,0,13:40:00
-71.605103,-33.0426215,144,5,REGION VALPARAISO,5101,VALPARAISO,ESPAÑA,ARGENTINA,0,"Av. Argentina & Av. España, Valparaíso, Chile",-33.0426215,-71.605103,1,GEOMETRIC_CENTER,2020,1283122,2020/05/29 00:00:00+00,COLISION LATERAL,COLISION,URBANA,IMPRUDENCIA DEL CONDUCTOR,CONDUCCION CAMBIAR SORPRESIVAMENTE PISTA CIRCULACION,0,0,0,0,18:40:00
-71.6045745,-33.5482466,145,5,REGION VALPARAISO,5603,CARTAGENA,CARTAGENA, ,1065,"Cartagena, Valparaíso, Chile",-33.5482466,-71.6045745,1,APPROXIMATE,2020,1283136,2020/05/28 00:00:00+00,CHOQUE,CHOQUE,URBANA,ALCOHOL EN CONDUCTOR,CONDUCCION EN ESTADO DE EBRIEDAD,0,0,0,0,15:00:00
-71.5424184,-33.0238126,146,5,REGION VALPARAISO,5109,VIÑA DEL MAR,UNO NORTE,LOS CASTAÑOS,0,"1 Norte & Los Castaños, Viña del Mar, Valparaíso, Chile",-33.0238126,-71.5424184,1,GEOMETRIC_CENTER,2020,1283177,2020/05/22 00:00:00+00,COLISION POR ALCANCE,COLISION,URBANA,IMPRUDENCIA DEL CONDUCTOR,CONDUCCION NO ATENTO CONDICIONES TRANSITO MOMENTO,0,0,0,0,14:30:00
-71.5871156,-33.0377524,147,5,REGION VALPARAISO,5101,VALPARAISO,PHILIPPI, ,497,"Philippi 497, Valparaíso, Chile",-33.0377524,-71.5871156,1,RANGE_INTERPOLATED,2020,1283182,2020/05/30 00:00:00+00,CHOQUE FRONTAL,CHOQUE,URBANA,IMPRUDENCIA DEL CONDUCTOR,CONDUCCION CONTRA SENTIDO DEL TRANSITO,0,1,0,0,16:40:00
-71.5485508,-33.0080749,148,5,REGION VALPARAISO,5109,VIÑA DEL MAR,LIBERTAD,BENIDORM,0,"Av. Libertad & Av. Benidorm, Viña del Mar, Valparaíso, Chile",-33.0080749,-71.5485508,1,GEOMETRIC_CENTER,2020,1283194,2020/05/23 00:00:00+00,COLISION POR ALCANCE,COLISION,URBANA,IMPRUDENCIA DEL CONDUCTOR,CONDUCCION NO ATENTO CONDICIONES TRANSITO MOMENTO,0,1,0,1,13:15:00
-71.5425524,-33.0264727,149,5,REGION VALPARAISO,5109,VIÑA DEL MAR,SIMON BOLIVAR,VALPARAISO,0,"Calle Valparaíso & Simon Bolívar, Viña del Mar, Valparaíso, Chile",-33.0264727,-71.5425524,1,GEOMETRIC_CENTER,2020,1283211,2020/05/26 00:00:00+00,CHOQUE FRENTE/POSTERIOR,CHOQUE,URBANA,IMPRUDENCIA DEL CONDUCTOR,CONDUCCION NO ATENTO CONDICIONES TRANSITO MOMENTO,0,1,0,4,08:30:00
-70.728348,-32.7456733,150,5,REGION VALPARAISO,5701,SAN FELIPE,CHACABUCO,MAIPU,0,"Maipú & Chacabuco, San Felipe, Valparaíso, Chile",-32.7456733,-70.728348,1,GEOMETRIC_CENTER,2020,1283237,2020/05/28 00:00:00+00,COLISION,COLISION,URBANA,IMPRUDENCIA DEL CONDUCTOR,CONDUCCION NO ATENTO CONDICIONES TRANSITO MOMENTO,0,0,0,1,18:13:00
-71.5828616,-33.1203745,151,5,REGION VALPARAISO,5101,VALPARAISO,LAGUNA DE LALUZ,LOA BOSQUES,0,"Los Bosques & Avenida Laguna de la Luz, Placilla, Valparaíso, Chile",-33.1203745,-71.5828616,1,GEOMETRIC_CENTER,2020,1283273,2020/05/30 00:00:00+00,OTRO TIPO,OTRO TIPO,URBANA,ALCOHOL EN CONDUCTOR,CONDUCCION EN ESTADO DE EBRIEDAD,0,0,0,0,01:00:00
-71.5854797,-33.0503203,152,5,REGION VALPARAISO,5101,VALPARAISO,RODELILLO,PATRIA NUEVA,0,"Patria Nva & Avenida Rodelillo, Valparaíso, Chile",-33.0503203,-71.5854797,1,GEOMETRIC_CENTER,2020,1283288,2020/05/30 00:00:00+00,COLISION LATERAL,COLISION,URBANA,IMPRUDENCIA DEL CONDUCTOR,VIRAJES INDEBIDOS,0,0,0,0,12:35:00
-71.245572,-32.8828947,153,5,REGION VALPARAISO,5501,QUILLOTA,DIEGO ECHEVERRIA,CARRERA,0,"Diego Echeverría, Quillota, Valparaíso, Chile",-32.8828947,-71.245572,1,GEOMETRIC_CENTER,2020,1283321,2020/05/29 00:00:00+00,COLISION,COLISION,URBANA,DESOBEDIENCIA A SEÑALIZACION,SEÑALIZACION DESOBEDECER SEÑAL PARE,0,0,0,1,19:20:00
-71.2631908,-32.8876546,154,5,REGION VALPARAISO,5501,QUILLOTA,VALPARAISO,ANDREA DEL VERROCHIO,0,"Andrea del Verrochio, Quillota, Valparaíso, Chile",-32.8876546,-71.2631908,1,GEOMETRIC_CENTER,2020,1283324,2020/05/29 00:00:00+00,COLISION,COLISION,URBANA,IMPRUDENCIA DEL CONDUCTOR,CONDUCCION NO ATENTO CONDICIONES TRANSITO MOMENTO,0,0,0,1,19:00:00
-71.2419228,-32.8727662,155,5,REGION VALPARAISO,5501,QUILLOTA,21 DE MAYO,SERRANO,0,"Tte Ignacio Serrano & Avenida 21 de Mayo, Quillota, Valparaíso, Chile",-32.8727662,-71.2419228,1,GEOMETRIC_CENTER,2020,1283329,2020/05/29 00:00:00+00,CHOQUE,CHOQUE,URBANA,PERDIDA CONTROL VEHICULO,PERDIDA CONTROL VEHICULO,0,0,0,1,16:30:00
-70.5305261,-32.6752113,156,5,REGION VALPARAISO,5304,SAN ESTEBAN,CAMPOS DE AHUMADA, ,0,"Comunidad Campo de Ahumada, San Esteban, Valparaíso, Chile",-32.6752113,-70.5305261,1,APPROXIMATE,2020,1283345,2020/05/27 00:00:00+00,COLISION,COLISION,RURAL,IMPRUDENCIA DEL CONDUCTOR,CONDUCIR VEHICULO EN RETROCESO,0,0,0,0,09:10:00
-71.4306818,-33.0485247,157,5,REGION VALPARAISO,5801,QUILPUE,LOS CARRERA,PEYRONET,0,"Peyronet & Av. Los Carrera, Quilpué, Valparaíso, Chile",-33.0485247,-71.4306818,1,GEOMETRIC_CENTER,2020,1283353,2020/05/26 00:00:00+00,COLISION PERPENDICULAR,COLISION,URBANA,DESOBEDIENCIA A SEÑALIZACION,SEÑALIZACION DESOBEDECER SEÑAL PARE,0,0,0,0,12:00:00
-71.3950715,-33.0585966,158,5,REGION VALPARAISO,5804,VILLA ALEMANA,LAS TORTOLAS,ALC ALEJANDRO PERALTA,0,"Alcalde Alejandro Peralta - Troncos Viejos, Villa Alemana, Valparaíso, Chile",-33.0585966,-71.3950715,1,GEOMETRIC_CENTER,2020,1283360,2020/05/29 00:00:00+00,COLISION,COLISION,URBANA,DESOBEDIENCIA A SEÑALIZACION,SEÑALIZACION DESOBEDECER SEÑAL CEDA EL PASO,0,0,0,0,07:40:00
-71.6440533,-33.0577966,159,5,REGION VALPARAISO,5101,VALPARAISO,BADEN POWELL,VALLE SUR,0,"Valle Sur & Baden Powell, Valparaíso, Chile",-33.0577966,-71.6440533,1,GEOMETRIC_CENTER,2020,1283366,2020/05/16 00:00:00+00,COLISION POR ALCANCE,COLISION,URBANA,IMPRUDENCIA DEL CONDUCTOR,VIRAJES INDEBIDOS,0,0,0,1,20:40:00
-71.6306267,-33.0341695,160,5,REGION VALPARAISO,5101,VALPARAISO,CARAMPANGUE,BUSTAMANTE,0,"Carampangue & Bustamante, Valparaíso, Chile",-33.0341695,-71.6306267,1,GEOMETRIC_CENTER,2020,1283371,2020/05/23 00:00:00+00,COLISION FRONTAL,COLISION,URBANA,IMPRUDENCIA DEL CONDUCTOR,CONDUCCION CONTRA SENTIDO DEL TRANSITO,0,0,0,0,12:30:00
-71.6575926,-33.0415706,161,5,REGION VALPARAISO,5101,VALPARAISO,SAN RAFAEL,PASAJE 17,0,"Pasaje Diecisiete & San Rafael, Valparaíso, Chile",-33.0415706,-71.6575926,1,GEOMETRIC_CENTER,2020,1283373,2020/05/31 00:00:00+00,CHOQUE POSTERIOR,CHOQUE,URBANA,IMPRUDENCIA DEL CONDUCTOR,CONDUCCION SIN MANTENER DISTANCIA RAZONABLE NI PRUDENTE,0,0,0,0,15:20:00
-71.5266598,-33.0346102,162,5,REGION VALPARAISO,5109,VIÑA DEL MAR,UNO NORTE,LOS ABETOS,0,"Los Abetos & 1 Norte, Viña del Mar, Valparaíso, Chile",-33.0346102,-71.5266598,1,GEOMETRIC_CENTER,2020,1283375,2020/05/14 00:00:00+00,COLISION POR ALCANCE,COLISION,URBANA,IMPRUDENCIA DEL CONDUCTOR,CONDUCCION SIN MANTENER DISTANCIA RAZONABLE NI PRUDENTE,0,0,0,0,13:30:00
-71.2107449,-32.7923308,163,5,REGION VALPARAISO,5502,CALERA,ALC ALONSO ZUMAETA,18 DE SEPTIEMBRE,0,"Alcalde Doctor Alonso Zumaeta & Dieciocho de Septiembre, La Calera, Calera, Valparaíso, Chile",-32.7923308,-71.2107449,1,GEOMETRIC_CENTER,2020,1283397,2020/06/01 00:00:00+00,COLISION LATERAL,COLISION,URBANA,IMPRUDENCIA DEL CONDUCTOR,NO RESPETAR DERECHO PREFERENTE DE PASO A VEHICULO,0,1,0,0,19:10:00
-71.22967,-32.8411139,164,5,REGION VALPARAISO,5504,LA CRUZ,21 DE MAYO,PARADERO 18,0,"Av. 21 de Mayo 3357, Quillota, La Cruz, Valparaíso, Chile",-32.8411139,-71.22967,1,ROOFTOP,2020,1283402,2020/05/19 00:00:00+00,CHOQUE POSTERIOR,CHOQUE,URBANA,IMPRUDENCIA DEL CONDUCTOR,CONDUCCION NO ATENTO CONDICIONES TRANSITO MOMENTO,0,0,0,2,20:25:00
-71.3992485,-33.0557087,165,5,REGION VALPARAISO,5801,QUILPUE,OJOS DE AGUA,MARGA MARGA,0,"Ojos de Agua, Villa Alemana, Valparaíso, Chile",-33.0557087,-71.3992485,1,GEOMETRIC_CENTER,2020,1283404,2020/05/27 00:00:00+00,CHOQUE POSTERIOR/FRENTE,CHOQUE,URBANA,IMPRUDENCIA DEL CONDUCTOR,CONDUCIR VEHICULO EN RETROCESO,0,0,0,0,19:30:00
-71.4371129,-33.0483234,166,5,REGION VALPARAISO,5801,QUILPUE,LOS CARRERA,DAVID CORTES,0,"David Cortés & Avenida Los Carrera, Quilpué, Valparaíso, Chile",-33.0483234,-71.4371129,1,GEOMETRIC_CENTER,2020,1283412,2020/05/28 00:00:00+00,CHOQUE LATERAL,CHOQUE,URBANA,IMPRUDENCIA DEL CONDUCTOR,CONDUCCION CAMBIAR SORPRESIVAMENTE PISTA CIRCULACION,0,0,0,2,18:10:00
-71.4422078,-33.0492297,167,5,REGION VALPARAISO,5801,QUILPUE,ESMERALDA,SERRANO,0,"Esmeralda & Serrano, Quilpué, Valparaíso, Chile",-33.0492297,-71.4422078,1,GEOMETRIC_CENTER,2020,1283427,2020/05/30 00:00:00+00,COLISION POR ALCANCE,COLISION,URBANA,IMPRUDENCIA DEL CONDUCTOR,CONDUCCION SIN MANTENER DISTANCIA RAZONABLE NI PRUDENTE,0,0,0,0,13:30:00
-70.582528,-32.798579,168,5,REGION VALPARAISO,5304,SAN ESTEBAN,26 DE DICIEMBRE,LA FLORIDA,0,"26 de Diciembre, San Esteban, Valparaíso, Chile",-32.798579,-70.582528,1,GEOMETRIC_CENTER,2020,1283438,2020/05/27 00:00:00+00,CHOQUE FRENTE/POSTERIOR,CHOQUE,URBANA,IMPRUDENCIA DEL CONDUCTOR,CONDUCCION NO ATENTO CONDICIONES TRANSITO MOMENTO,0,0,0,0,11:30:00
-70.956166,-32.8409806,169,5,REGION VALPARAISO,5703,LLAY LLAY,ELIECER ESTAY, ,30,"Llay Llay, Llayllay, Valparaíso, Chile",-32.8409806,-70.956166,1,APPROXIMATE,2020,1283440,2020/05/31 00:00:00+00,ATROPELLO,ATROPELLO,URBANA,IMPRUDENCIA DEL CONDUCTOR,CONDUCCION NO ATENTO CONDICIONES TRANSITO MOMENTO,0,1,0,0,14:00:00
-71.6937182,-33.40393,170,5,REGION VALPARAISO,5604,EL QUISCO,ISIDORO DUBOURNAIS,CRUZ DEL SUR,0,"Cruz del Sur & Avenida Isidoro Dubournais, El Quisco, Valparaíso, Chile",-33.40393,-71.6937182,1,GEOMETRIC_CENTER,2020,1283569,2020/05/29 00:00:00+00,COLISION POR ALCANCE,COLISION,URBANA,ALCOHOL EN CONDUCTOR,CONDUCCION EN ESTADO DE EBRIEDAD,0,0,1,0,21:50:00
-71.5279229,-32.7940927,171,5,REGION VALPARAISO,5107,QUINTERO,ARTURO PRAT,IGNACIO CARRERA PINTO,0,"Ignacio Carrera Pinto & Arturo Prat, Quintero, Valparaíso, Chile",-32.7940927,-71.5279229,1,GEOMETRIC_CENTER,2020,1283606,2020/05/20 00:00:00+00,COLISION LATERAL,COLISION,URBANA,IMPRUDENCIA DEL CONDUCTOR,NO RESPETAR DERECHO PREFERENTE DE PASO A VEHICULO,0,0,0,0,13:35:00
-70.588616,-32.815488,172,5,REGION VALPARAISO,5304,SAN ESTEBAN,ALESSANDRI, ,1935,"Alessandri N° 1935, San Esteban, Valparaíso, Chile",-32.815488,-70.588616,1,ROOFTOP,2020,1283613,2020/05/29 00:00:00+00,COLISION POR ALCANCE,COLISION,URBANA,IMPRUDENCIA DEL CONDUCTOR,CONDUCCION NO ATENTO CONDICIONES TRANSITO MOMENTO,0,0,0,1,14:55:00
-71.3788655,-33.0437661,173,5,REGION VALPARAISO,5804,VILLA ALEMANA,REINICKE,SANTIAGO,0,"Santiago & Reinicke, Villa Alemana, Valparaíso, Chile",-33.0437661,-71.3788655,1,GEOMETRIC_CENTER,2020,1283695,2020/06/01 00:00:00+00,COLISION,COLISION,URBANA,DESOBEDIENCIA A SEÑALIZACION,SEÑALIZACION DESOBEDECER SEÑAL PARE,0,0,0,0,11:00:00
-70.5861498,-32.8478669,174,5,REGION VALPARAISO,5301,LOS ANDES,TOLTEN, ,179,"Toltén 179, Los Andes, Valparaíso, Chile",-32.8478669,-70.5861498,1,ROOFTOP,2020,1283642,2020/05/30 00:00:00+00,CHOQUE,CHOQUE,URBANA,IMPRUDENCIA DEL CONDUCTOR,CONDUCCION NO ATENTO CONDICIONES TRANSITO MOMENTO,0,0,0,0,14:03:00
-71.4833253,-33.0019706,175,5,REGION VALPARAISO,5109,VIÑA DEL MAR,PARINACOTA,LONQUIMAY,0,"Parinacota & Lonquimay, Viña del Mar, Valparaíso, Chile",-33.0019706,-71.4833253,1,GEOMETRIC_CENTER,2020,1283700,2020/05/25 00:00:00+00,CHOQUE LADO/LADO,CHOQUE,URBANA,IMPRUDENCIA DEL CONDUCTOR,CONDUCCION NO ATENTO CONDICIONES TRANSITO MOMENTO,0,0,0,0,15:20:00
-71.5003145,-32.9716134,176,5,REGION VALPARAISO,5109,VIÑA DEL MAR,CAMINO INTERNACIONAL, ,537,"Cam. Internacional 537, Viña del Mar, Valparaíso, Chile",-32.9716134,-71.5003145,1,ROOFTOP,2020,1283703,2020/05/27 00:00:00+00,COLISION,COLISION,URBANA,IMPRUDENCIA DEL CONDUCTOR,CONDUCIR VEHICULO EN RETROCESO,0,0,0,0,18:40:00
-71.4858313,-32.9950928,177,5,REGION VALPARAISO,5109,VIÑA DEL MAR,CALLE NUEVE,AVDA SEXTA,0,"Calle Nueve & Sexta, Viña del Mar, Valparaíso, Chile",-32.9950928,-71.4858313,1,GEOMETRIC_CENTER,2020,1283713,2020/05/29 00:00:00+00,CHOQUE FRONTAL,CHOQUE,URBANA,DESOBEDIENCIA A SEÑALIZACION,SEÑALIZACION DESOBEDECER SEÑAL CEDA EL PASO,0,0,0,0,12:00:00