X,Y,FID,COD_REG,REGION,CUT,COMUNA,CALLE_UNO,CALLE_DOS,NUMERO,DIR_GEOCOD,LAT,LNG,VAL_COM,TIPO,Año,Idaccident,Fecha,Tipo_Accid,Tipo__CONA,Zona,Causa__CON,Causa,Fallecidos,Graves,Menos_Grav,Leves,Hora
-71.249534,-32.8959839,178,5,REGION VALPARAISO,5501,QUILLOTA,OHIGGINS,HERMANO DE LA FUENTE,0,"OHiggins & Hermano Fernando de la Fuente, Quillota, Valparaíso, Chile",-32.8959839,-71.249534,1,GEOMETRIC_CENTER,2020,1283722,2020/06/03 00:00:00+00,COLISION,COLISION,URBANA,DESOBEDIENCIA A SEÑALIZACION,SEÑALIZACION DESOBEDECER LUZ ROJA DE SEMAFORO,0,0,0,6,11:30:00
-71.2570476,-32.8848098,179,5,REGION VALPARAISO,5501,QUILLOTA,YUNGAY, ,962,"Yungay 962, Quillota, Valparaíso, Chile",-32.8848098,-71.2570476,1,RANGE_INTERPOLATED,2020,1283727,2020/06/03 00:00:00+00,COLISION,COLISION,URBANA,IMPRUDENCIA DEL CONDUCTOR,CONDUCCION NO ATENTO CONDICIONES TRANSITO MOMENTO,0,0,0,1,16:00:00
-71.6138306,-33.5816116,180,5,REGION VALPARAISO,5601,SAN ANTONIO,BARROS LUCO,GREGORIO MIRA,0,"Barros Luco 105, Valparaíso, San Antonio, Valparaíso, Chile",-33.5816116,-71.6138306,1,ROOFTOP,2020,1283771,2020/05/14 00:00:00+00,COLISION,COLISION,URBANA,DESOBEDIENCIA A SEÑALIZACION,SEÑALIZACION DESOBEDECER SEÑAL CEDA EL PASO,0,0,0,0,11:03:00
-71.5154062,-32.9295061,181,5,REGION VALPARAISO,5103,CONCON,CONCON REÑACA, ,7,"Av. Concón Reñaca Ote. 7, Concón, Valparaíso, Chile",-32.9295061,-71.5154062,1,RANGE_INTERPOLATED,2020,1283818,2020/06/01 00:00:00+00,CHOQUE POSTERIOR,CHOQUE,URBANA,IMPRUDENCIA DEL CONDUCTOR,CONDUCCION NO ATENTO CONDICIONES TRANSITO MOMENTO,0,0,0,0,14:00:00
-71.5450959,-32.9277131,182,5,REGION VALPARAISO,5103,CONCON,BORGOÑO,LOS LILENES,0,"Los Lilenes & Avenida Borgoño, Concón, Valparaíso, Chile",-32.9277131,-71.5450959,1,GEOMETRIC_CENTER,2020,1283820,2020/06/01 00:00:00+00,COLISION LATERAL,COLISION,URBANA,IMPRUDENCIA DEL CONDUCTOR,CONDUCCION NO ATENTO CONDICIONES TRANSITO MOMENTO,0,0,0,0,13:20:00
-71.1873394,-32.7784036,183,5,REGION VALPARAISO,5502,CALERA,ADRIAN,JOSE JOAQUIN NUÑEZ,0,"José Joaquín Núñez 156, La Calera, Calera, Valparaíso, Chile",-32.7784036,-71.1873394,1,ROOFTOP,2020,1283824,2020/06/04 00:00:00+00,ATROPELLO,ATROPELLO,URBANA,IMPRUDENCIA DEL CONDUCTOR,NO RESPETAR DERECHO PREFERENTE DE PASO A PEATON,0,0,0,1,16:45:00
-70.7250311,-32.7525016,184,5,REGION VALPARAISO,5701,SAN FELIPE,FREIRE,COMBATE LAS COIMAS,0,"Combate de Las Coimas & Ramón Freire, San Felipe, Valparaíso, Chile",-32.7525016,-70.7250311,1,GEOMETRIC_CENTER,2020,1283847,2020/06/02 00:00:00+00,COLISION,COLISION,URBANA,DESOBEDIENCIA A SEÑALIZACION,SEÑALIZACION DESOBEDECER LUZ ROJA DE SEMAFORO,0,0,0,0,14:15:00
-70.6978164,-32.7588509,185,5,REGION VALPARAISO,5701,SAN FELIPE,TOCORNAL, ,0,"Tocornal s/n 500 mts de Sodimac al Oriente., San Felipe, Valparaíso, Chile",-32.7588509,-70.6978164,1,GEOMETRIC_CENTER,2020,1283849,2020/06/02 00:00:00+00,COLISION,COLISION,RURAL,IMPRUDENCIA DEL CONDUCTOR,CONDUCCION NO ATENTO CONDICIONES TRANSITO MOMENTO,0,0,1,1,10:40:00
-71.5424184,-33.0238126,186,5,REGION VALPARAISO,5109,VIÑA DEL MAR,UNO NORTE,LOS CASTAÑOS,0,"1 Norte & Los Castaños, Viña del Mar, Valparaíso, Chile",-33.0238126,-71.5424184,1,GEOMETRIC_CENTER,2020,1284094,2020/06/01 00:00:00+00,COLISION POR ALCANCE,COLISION,URBANA,IMPRUDENCIA DEL CONDUCTOR,CONDUCCION NO ATENTO CONDICIONES TRANSITO MOMENTO,0,0,0,0,13:30:00
-71.5472402,-33.0210843,187,5,REGION VALPARAISO,5109,VIÑA DEL MAR,QUILLOTA,TRES NORTE,0,"Quillota & 3 Norte, Viña del Mar, Valparaíso, Chile",-33.0210843,-71.5472402,1,GEOMETRIC_CENTER,2020,1284097,2020/06/05 00:00:00+00,CHOQUE FRENTE/POSTERIOR,CHOQUE,URBANA,IMPRUDENCIA DEL CONDUCTOR,CONDUCCION NO ATENTO CONDICIONES TRANSITO MOMENTO,0,0,0,0,16:00:00
-71.5905132,-33.032825,188,5,REGION VALPARAISO,5101,VALPARAISO,ESPAÑA,PELLE,0,"Pelle & Avenida España, Valparaíso, Chile",-33.032825,-71.5905132,1,GEOMETRIC_CENTER,2020,1284130,2020/06/06 00:00:00+00,OTRO TIPO,OTRO TIPO,URBANA,ALCOHOL EN CONDUCTOR,CONDUCCION EN ESTADO DE EBRIEDAD,0,0,0,0,22:50:00
-71.6040965,-33.5462838,189,5,REGION VALPARAISO,5603,CARTAGENA,CARTAGENA,ESMERALDA,0,"Esmeralda, Cartagena, Valparaíso, Chile",-33.5462838,-71.6040965,1,GEOMETRIC_CENTER,2020,1284136,2020/06/02 00:00:00+00,COLISION,COLISION,URBANA,DESOBEDIENCIA A SEÑALIZACION,SEÑALIZACION DESOBEDECER SEÑAL PARE,0,0,0,3,18:40:00
-71.4097647,-33.3211308,190,5,REGION VALPARAISO,5102,CASABLANCA,PORTALES,GRAL BONILLA,0,"Av. Portales & Gral. Oscar Bonilla, Casablanca, Valparaíso, Chile",-33.3211308,-71.4097647,1,GEOMETRIC_CENTER,2020,1284141,2020/06/05 00:00:00+00,COLISION,COLISION,URBANA,IMPRUDENCIA DEL CONDUCTOR,CONDUCCION NO ATENTO CONDICIONES TRANSITO MOMENTO,0,0,0,0,12:00:00
-71.2391344,-32.8689147,191,5,REGION VALPARAISO,5501,QUILLOTA,21 DE MAYO,GALVARINO,0,"Galvarino & Avenida 21 de Mayo, Quillota, Valparaíso, Chile",-32.8689147,-71.2391344,1,GEOMETRIC_CENTER,2020,1284183,2020/06/07 00:00:00+00,CHOQUE,CHOQUE,URBANA,IMPRUDENCIA DEL CONDUCTOR,CONDUCCION NO ATENTO CONDICIONES TRANSITO MOMENTO,0,0,0,1,20:05:00
-71.4438282,-33.0480668,192,5,REGION VALPARAISO,5801,QUILPUE,LOS CARRERA, ,651,"Av. Los Carrera 651, Quilpué, Valparaíso, Chile",-33.0480668,-71.4438282,1,ROOFTOP,2020,1284258,2020/05/03 00:00:00+00,ATROPELLO,ATROPELLO,URBANA,IMPRUDENCIA DEL PEATON,PEATON CRUZA CALZADA FUERA PASO PEATONES,0,0,0,1,10:00:00
-71.4149218,-33.0477221,193,5,REGION VALPARAISO,5801,QUILPUE,CENTENARIO,JOTABECHE,0,"V Centenario, Quilpué, Valparaíso, Chile",-33.0477221,-71.4149218,1,GEOMETRIC_CENTER,2020,1284259,2020/06/03 00:00:00+00,CHOQUE LATERAL,CHOQUE,URBANA,IMPRUDENCIA DEL CONDUCTOR,CONDUCCION CAMBIAR SORPRESIVAMENTE PISTA CIRCULACION,0,0,0,1,07:40:00
-71.4379694,-33.0449148,194,5,REGION VALPARAISO,5801,QUILPUE,FREIRE,ZENTENO,0,"Freire & Zenteno, Quilpué, Valparaíso, Chile",-33.0449148,-71.4379694,1,GEOMETRIC_CENTER,2020,1284261,2020/06/03 00:00:00+00,CHOQUE LATERAL,CHOQUE,URBANA,PERDIDA CONTROL VEHICULO,PERDIDA CONTROL VEHICULO,0,0,0,2,08:15:00
-71.605103,-33.0426215,195,5,REGION VALPARAISO,5101,VALPARAISO,ESPAÑA,ARGENTINA,0,"Av. Argentina & Av. España, Valparaíso, Chile",-33.0426215,-71.605103,1,GEOMETRIC_CENTER,2020,1284265,2020/05/04 00:00:00+00,CHOQUE FRENTE/POSTERIOR,CHOQUE,URBANA,IMPRUDENCIA DEL CONDUCTOR,CONDUCCION SIN MANTENER DISTANCIA RAZONABLE NI PRUDENTE,0,0,0,0,13:00:00
-71.4019541,-33.0557974,196,5,REGION VALPARAISO,5801,QUILPUE,RAMON ANGEL JARA,VEINTE DE ENERO,0,"Veinte de Enero & Ramón Ángel Jara, Quilpué, Valparaíso, Chile",-33.0557974,-71.4019541,1,GEOMETRIC_CENTER,2020,1284266,2020/06/04 00:00:00+00,COLISION PERPENDICULAR,COLISION,URBANA,DESOBEDIENCIA A SEÑALIZACION,SEÑALIZACION DESOBEDECER SEÑAL CEDA EL PASO,0,0,0,0,14:15:00
-71.1849665,-32.7894875,197,5,REGION VALPARAISO,5502,CALERA,ERCILLA,LATORRE,0,"Almirante Latorre & Alonso de Ercilla, La Calera, Calera, Valparaíso, Chile",-32.7894875,-71.1849665,1,GEOMETRIC_CENTER,2020,1284307,2020/05/29 00:00:00+00,COLISION LATERAL,COLISION,URBANA,IMPRUDENCIA DEL CONDUCTOR,NO RESPETAR DERECHO PREFERENTE DE PASO A VEHICULO,0,0,0,1,17:55:00
-70.6050723,-32.8301852,198,5,REGION VALPARAISO,5301,LOS ANDES,RODRIGUEZ,BALMACEDA,0,"Manuel Rodriguez & Balmaceda, Los Andes, Valparaíso, Chile",-32.8301852,-70.6050723,1,GEOMETRIC_CENTER,2020,1284349,2020/06/02 00:00:00+00,COLISION LATERAL,COLISION,URBANA,IMPRUDENCIA DEL CONDUCTOR,CONDUCCION NO ATENTO CONDICIONES TRANSITO MOMENTO,0,0,0,0,07:30:00
-71.519882,-33.0203925,199,5,REGION VALPARAISO,5109,VIÑA DEL MAR,EDUARDO FREI, ,3162,"Eduardo Frei 3162, Viña del Mar, Valparaíso, Chile",-33.0203925,-71.519882,1,RANGE_INTERPOLATED,2020,1284354,2020/05/22 00:00:00+00,CHOQUE FRENTE/POSTERIOR,CHOQUE,URBANA,PERDIDA CONTROL VEHICULO,PERDIDA CONTROL VEHICULO,0,0,0,1,16:00:00
-71.5009726,-33.0514444,200,5,REGION VALPARAISO,5109,VIÑA DEL MAR,TRONCAL SUR, ,103800,"Autop. Troncal Sur, Viña del Mar, Valparaíso, Chile",-33.0514444,-71.5009726,1,GEOMETRIC_CENTER,2020,1284359,2020/05/23 00:00:00+00,VOLCADURA,VOLCADURA,URBANA,PERDIDA CONTROL VEHICULO,PERDIDA CONTROL VEHICULO,0,0,0,0,07:30:00
-71.4270875,-33.0560319,201,5,REGION VALPARAISO,5801,QUILPUE,MARGA MARGA, ,1628,"Marga Marga 1628, Quilpué, Valparaíso, Chile",-33.0560319,-71.4270875,1,ROOFTOP,2020,1284361,2020/06/05 00:00:00+00,COLISION LATERAL,COLISION,URBANA,IMPRUDENCIA DEL CONDUCTOR,CONDUCCION NO ATENTO CONDICIONES TRANSITO MOMENTO,0,0,0,0,10:59:00
-71.5289361,-33.0258316,202,5,REGION VALPARAISO,5109,VIÑA DEL MAR,LUSITANIA,PEDRO GODOY,0,"Lusitania & Pedro Godoy, Viña del Mar, Valparaíso, Chile",-33.0258316,-71.5289361,1,GEOMETRIC_CENTER,2020,1284367,2020/05/23 00:00:00+00,COLISION,COLISION,URBANA,PERDIDA CONTROL VEHICULO,PERDIDA CONTROL VEHICULO,0,0,0,1,13:00:00
-71.51138,-33.0193289,203,5,REGION VALPARAISO,5109,VIÑA DEL MAR,EL MAITEN,CIRCUNVALACION,0,"Circunvalación & El Maitén, Viña del Mar, Valparaíso, Chile",-33.0193289,-71.51138,1,GEOMETRIC_CENTER,2020,1284369,2020/05/24 00:00:00+00,CHOQUE FRONTAL,CHOQUE,URBANA,ALCOHOL EN CONDUCTOR,CONDUCCION EN ESTADO DE EBRIEDAD,0,0,0,1,19:25:00
-71.5424184,-33.0238126,204,5,REGION VALPARAISO,5109,VIÑA DEL MAR,UNO NORTE,LOS CASTAÑOS,0,"1 Norte & Los Castaños, Viña del Mar, Valparaíso, Chile",-33.0238126,-71.5424184,1,GEOMETRIC_CENTER,2020,1284372,2020/05/21 00:00:00+00,CHOQUE FRENTE/POSTERIOR,CHOQUE,URBANA,PERDIDA CONTROL VEHICULO,PERDIDA CONTROL VEHICULO,0,0,0,0,21:00:00
-70.6888706,-32.8332031,205,5,REGION VALPARAISO,5303,RINCONADA,CARRETERA SAN MARTIN, ,209,"Rinconada, Valparaíso, Chile",-32.8332031,-70.6888706,1,APPROXIMATE,2020,1284379,2020/06/03 00:00:00+00,COLISION FRONTAL,COLISION,URBANA,IMPRUDENCIA DEL CONDUCTOR,CONDUCCION CAMBIAR SORPRESIVAMENTE PISTA CIRCULACION,0,0,0,1,00:10:00
-71.43103,-33.0505946,206,5,REGION VALPARAISO,5801,QUILPUE,COVADONGA,PEYRONET,0,"Covadonga & Peyronet, Quilpué, Valparaíso, Chile",-33.0505946,-71.43103,1,GEOMETRIC_CENTER,2020,1284383,2020/06/05 00:00:00+00,COLISION PERPENDICULAR,COLISION,URBANA,DESOBEDIENCIA A SEÑALIZACION,SEÑALIZACION DESOBEDECER SEÑAL CEDA EL PASO,0,0,1,3,16:55:00
-71.4054041,-33.042406,207,5,REGION VALPARAISO,5801,QUILPUE,GOMEZ CARREÑO,AHUALPA,0,"Almirante Gomez Carreño & Atahualpa, Quilpué, Valparaíso, Chile",-33.042406,-71.4054041,1,GEOMETRIC_CENTER,2020,1284417,2020/06/05 00:00:00+00,COLISION LATERAL,COLISION,URBANA,IMPRUDENCIA DEL CONDUCTOR,CONDUCCION SIN MANTENER DISTANCIA RAZONABLE NI PRUDENTE,0,0,0,1,09:50:00
-71.2484182,-32.8850406,208,5,REGION VALPARAISO,5501,QUILLOTA,SAN MARTIN,YUNGAY,0,"Yungay & San Martín, Quillota, Valparaíso, Chile",-32.8850406,-71.2484182,1,GEOMETRIC_CENTER,2020,1284425,2020/06/08 00:00:00+00,COLISION,COLISION,URBANA,DESOBEDIENCIA A SEÑALIZACION,SEÑALIZACION DESOBEDECER SEÑAL PARE,0,0,0,2,07:25:00
-70.6021039,-32.8282295,209,5,REGION VALPARAISO,5301,LOS ANDES,HERMANOS MARISTAS, ,805,"Av. Hermanos Maristas 805, Los Andes, Valparaíso, Chile",-32.8282295,-70.6021039,1,RANGE_INTERPOLATED,2020,1284444,2020/06/03 00:00:00+00,COLISION LATERAL,COLISION,URBANA,IMPRUDENCIA DEL CONDUCTOR,CONDUCCION NO ATENTO CONDICIONES TRANSITO MOMENTO,0,0,0,0,14:00:00
-70.6888706,-32.8332031,210,5,REGION VALPARAISO,5303,RINCONADA,CARRETERA SAN MARTIN, ,3484,"Rinconada, Valparaíso, Chile",-32.8332031,-70.6888706,1,APPROXIMATE,2020,1284576,2020/06/09 00:00:00+00,CHOQUE,CHOQUE,URBANA,IMPRUDENCIA DEL CONDUCTOR,CONDUCCION NO ATENTO CONDICIONES TRANSITO MOMENTO,0,0,0,0,13:30:00
-70.7177434,-32.628461,211,5,REGION VALPARAISO,5705,PUTAENDO,CENTRAL, ,314,"Putaendo, Valparaíso, Chile",-32.628461,-70.7177434,1,APPROXIMATE,2020,1284578,2020/06/03 00:00:00+00,ATROPELLO,ATROPELLO,URBANA,CAUSAS NO DETERMINADAS,CAUSAS NO DETERMINADAS,1,0,1,0,19:20:00
-71.2647088,-32.8963151,212,5,REGION VALPARAISO,5501,QUILLOTA,VALPARAISO,LAS ARAUCARIAS,0,"Valparaíso & Avenida las Araucarias, Quillota, Valparaíso, Chile",-32.8963151,-71.2647088,1,GEOMETRIC_CENTER,2020,1284584,2020/06/09 00:00:00+00,ATROPELLO,ATROPELLO,URBANA,IMPRUDENCIA DEL PEATON,IMPRUDENCIA DEL PEATON,0,0,0,1,12:10:00
-70.7309241,-32.7528171,213,5,REGION VALPARAISO,5701,SAN FELIPE,MAIPU, ,376,"Maipú 376, San Felipe, Valparaíso, Chile",-32.7528171,-70.7309241,1,ROOFTOP,2020,1284587,2020/06/04 00:00:00+00,COLISION,COLISION,URBANA,IMPRUDENCIA DEL CONDUCTOR,CONDUCCION NO ATENTO CONDICIONES TRANSITO MOMENTO,0,0,0,0,15:10:00
-70.7204013,-32.7494172,214,5,REGION VALPARAISO,5701,SAN FELIPE,YUNGAY, ,0,"Yungay 10, Los Andes, Valparaíso, Chile",-32.7494172,-70.7204013,1,ROOFTOP,2020,1284590,2020/06/06 00:00:00+00,COLISION,COLISION,URBANA,IMPRUDENCIA DEL CONDUCTOR,CONDUCCION CAMBIAR SORPRESIVAMENTE PISTA CIRCULACION,0,0,0,0,11:40:00
-71.6713613,-33.3647599,215,5,REGION VALPARAISO,5602,ALGARROBO,GUILLERMO MUCKE, ,162,"Av. Dr. Guillermo Mucke 162, Algarrobo, Valparaíso, Chile",-33.3647599,-71.6713613,1,ROOFTOP,2020,1284748,2020/06/07 00:00:00+00,COLISION LATERAL,COLISION,URBANA,IMPRUDENCIA DEL CONDUCTOR,CONDUCCION CONTRA SENTIDO DEL TRANSITO,0,0,0,0,13:35:00
-71.6465522,-33.0309746,216,5,REGION VALPARAISO,5101,VALPARAISO,LIBERTAD,CHORRILLOS,0,"Libertad 834 Miramar Playa Ancha Valparaiso, Valparaíso, Chile",-33.0309746,-71.6465522,1,GEOMETRIC_CENTER,2020,1284758,2020/05/22 00:00:00+00,COLISION LATERAL,COLISION,URBANA,IMPRUDENCIA DEL CONDUCTOR,NO RESPETAR DERECHO PREFERENTE DE PASO A VEHICULO,0,0,0,0,15:30:00
-71.6356942,-33.0429068,217,5,REGION VALPARAISO,5101,VALPARAISO,CHAPARRO, ,117,"Chaparro 117, Valparaíso, Chile",-33.0429068,-71.6356942,1,RANGE_INTERPOLATED,2020,1284759,2020/06/01 00:00:00+00,COLISION FRONTAL,COLISION,URBANA,IMPRUDENCIA DEL CONDUCTOR,ADELANTAMIENTO SIN EL ESPACIO O TIEMPO SUFICIENTE,0,1,0,0,13:00:00
-71.6353584,-33.0353377,218,5,REGION VALPARAISO,5101,VALPARAISO,CAMINO CINTURA,SOLAR,0,"Solar & Camino Cintura, Valparaíso, Chile",-33.0353377,-71.6353584,1,GEOMETRIC_CENTER,2020,1284761,2020/06/02 00:00:00+00,COLISION LATERAL,COLISION,URBANA,IMPRUDENCIA DEL CONDUCTOR,NO RESPETAR DERECHO PREFERENTE DE PASO A VEHICULO,0,0,0,0,18:25:00
-70.6003103,-32.8372131,219,5,REGION VALPARAISO,5301,LOS ANDES,CHACABUCO,SANTA ROSA,0,"Sta. Rosa & Av. Chacabuco, Los Andes, Valparaíso, Chile",-32.8372131,-70.6003103,1,GEOMETRIC_CENTER,2020,1284773,2020/06/09 00:00:00+00,COLISION LATERAL,COLISION,URBANA,IMPRUDENCIA DEL CONDUCTOR,VIRAJES INDEBIDOS,0,0,0,0,17:30:00
-71.2052083,-32.7340053,220,5,REGION VALPARAISO,5506,NOGALES,PATRICIO LYNCH, ,76,"Patricio Lynch 76, Nogales, Valparaíso, Chile",-32.7340053,-71.2052083,1,ROOFTOP,2020,1284800,2020/06/09 00:00:00+00,CHOQUE LATERAL,CHOQUE,URBANA,IMPRUDENCIA DEL CONDUCTOR,CONDUCIR VEHICULO EN RETROCESO,0,0,0,0,14:40:00
-71.1917039,-32.7767006,221,5,REGION VALPARAISO,5502,CALERA,CAMILO HENRIQUEZ,ADRIAN,0,"Adrian & Camilo Henríquez, La Calera, Calera, Valparaíso, Chile",-32.7767006,-71.1917039,1,GEOMETRIC_CENTER,2020,1284803,2020/06/10 00:00:00+00,ATROPELLO,ATROPELLO,URBANA,IMPRUDENCIA DEL CONDUCTOR,NO RESPETAR DERECHO PREFERENTE DE PASO A PEATON,0,1,0,0,18:10:00
-71.248194,-32.8816254,222,5,REGION VALPARAISO,5501,QUILLOTA,PUDETO,SAN MARTIN,0,"San Martín & Pudeto, Quillota, Valparaíso, Chile",-32.8816254,-71.248194,1,GEOMETRIC_CENTER,2020,1284804,2020/06/10 00:00:00+00,COLISION,COLISION,URBANA,DESOBEDIENCIA A SEÑALIZACION,SEÑALIZACION DESOBEDECER SEÑAL PARE,0,0,0,0,13:40:00
-70.6005407,-32.8312284,223,5,REGION VALPARAISO,5301,LOS ANDES,MANUEL RODRIGUEZ,YERBAS BUENAS,0,"Manuel Rodríguez & Yerbas Buenas, Los Andes, Valparaíso, Chile",-32.8312284,-70.6005407,1,GEOMETRIC_CENTER,2020,1284808,2020/06/09 00:00:00+00,COLISION LATERAL,COLISION,URBANA,DESOBEDIENCIA A SEÑALIZACION,SEÑALIZACION DESOBEDECER SEÑAL PARE,0,0,0,0,19:10:00
-71.4218337,-33.0450179,224,5,REGION VALPARAISO,5801,QUILPUE,FREIRE,DIEGO PORTALES,0,"Ramón Freire 2414, Quilpué, Valparaíso, Chile",-33.0450179,-71.4218337,1,GEOMETRIC_CENTER,2020,1284811,2020/06/08 00:00:00+00,COLISION LATERAL,COLISION,URBANA,IMPRUDENCIA DEL CONDUCTOR,CONDUCCION CAMBIAR SORPRESIVAMENTE PISTA CIRCULACION,0,0,0,0,12:05:00
-70.5966333,-32.8382883,225,5,REGION VALPARAISO,5301,LOS ANDES,CHACABUCO,CHACAY,0,"Chacay & Avenida Chacabuco, Los Andes, Valparaíso, Chile",-32.8382883,-70.5966333,1,GEOMETRIC_CENTER,2020,1284812,2020/06/09 00:00:00+00,COLISION LATERAL,COLISION,URBANA,DESOBEDIENCIA A SEÑALIZACION,SEÑALIZACION DESOBEDECER LUZ ROJA DE SEMAFORO,0,0,0,3,10:20:00
-109.4279443,-27.1482215,226,5,REGION VALPARAISO,5201,ISLA DE PASCUA,ATAMU TEKENA, ,0,"Atamu Tekena, Hanga Roa, Isla de Pascua, Valparaíso, Chile",-27.1482215,-109.4279443,1,GEOMETRIC_CENTER,2020,1284817,2020/06/10 00:00:00+00,CHOQUE POSTERIOR,CHOQUE,URBANA,IMPRUDENCIA DEL CONDUCTOR,CONDUCCION SIN MANTENER DISTANCIA RAZONABLE NI PRUDENTE,0,0,0,0,13:00:00
-70.6018968,-32.8308092,227,5,REGION VALPARAISO,5301,LOS ANDES,SANTA TERESA,RODRIGUEZ,0,"Manuel Rodríguez & Santa Teresa, Los Andes, Valparaíso, Chile",-32.8308092,-70.6018968,1,GEOMETRIC_CENTER,2020,1284842,2020/06/10 00:00:00+00,COLISION FRONTAL,COLISION,URBANA,IMPRUDENCIA DEL CONDUCTOR,CONDUCCION NO ATENTO CONDICIONES TRANSITO MOMENTO,0,1,0,0,06:45:00
-70.7276645,-32.7519456,228,5,REGION VALPARAISO,5701,SAN FELIPE,FREIRE,TRASLAVIÑA,0,"Traslaviña & Ramón Freire, San Felipe, Valparaíso, Chile",-32.7519456,-70.7276645,1,GEOMETRIC_CENTER,2020,1284869,2020/06/06 00:00:00+00,COLISION,COLISION,URBANA,IMPRUDENCIA DEL CONDUCTOR,CONDUCCION NO ATENTO CONDICIONES TRANSITO MOMENTO,0,0,0,0,12:55:00
-71.373157,-33.0399827,229,5,REGION VALPARAISO,5804,VILLA ALEMANA,ALMTE LATORRE,MADRID,0,"Madrid & Almirante Latorre, Villa Alemana, Valparaíso, Chile",-33.0399827,-71.373157,1,GEOMETRIC_CENTER,2020,1284883,2020/06/09 00:00:00+00,COLISION,COLISION,URBANA,IMPRUDENCIA DEL CONDUCTOR,CONDUCCION NO ATENTO CONDICIONES TRANSITO MOMENTO,0,0,0,1,11:40:00
-71.4344531,-33.0494798,230,5,REGION VALPARAISO,5801,QUILPUE,LAUTARO,ESMERALDA,0,"Esmeralda & Lautaro, Quilpué, Valparaíso, Chile",-33.0494798,-71.4344531,1,GEOMETRIC_CENTER,2020,1284921,2020/06/08 00:00:00+00,ATROPELLO,ATROPELLO,URBANA,IMPRUDENCIA DEL CONDUCTOR,NO RESPETAR DERECHO PREFERENTE DE PASO A PEATON,0,0,0,1,09:20:00
-71.1904598,-32.7894313,231,5,REGION VALPARAISO,5502,CALERA,JOSE JOAQUIN PEREZ, ,12010,"J. J. Pérez 12010, La Calera, Calera, Valparaíso, Chile",-32.7894313,-71.1904598,1,ROOFTOP,2020,1284931,2020/06/09 00:00:00+00,COLISION LATERAL,COLISION,URBANA,IMPRUDENCIA DEL CONDUCTOR,CONDUCIR VEHICULO EN RETROCESO,0,0,0,0,10:15:00
-71.620351,-33.0484367,232,5,REGION VALPARAISO,5101,VALPARAISO,FERRARI, ,162,"Ricardo de Ferrari 76, Valparaíso, Chile",-33.0484367,-71.620351,1,ROOFTOP,2020,1285226,2020/06/10 00:00:00+00,CHOQUE FRONTAL,CHOQUE,URBANA,FALLAS MECANICAS,FALLAS MECANICAS FRENOS,0,1,0,0,15:15:00
-71.4015508,-33.3182788,233,5,REGION VALPARAISO,5102,CASABLANCA,LAUTARO, ,418,"Lautaro 418, Casablanca, Valparaíso, Chile",-33.3182788,-71.4015508,1,RANGE_INTERPOLATED,2020,1285267,2020/06/07 00:00:00+00,CHOQUE,CHOQUE,URBANA,PERDIDA CONTROL VEHICULO,PERDIDA CONTROL VEHICULO,0,0,0,0,18:20:00
-71.3898053,-33.0441028,234,5,REGION VALPARAISO,5804,VILLA ALEMANA,FRESIA,BUENOS AIRES,0,"Buenos Aires & Fresia, Villa Alemana, Valparaíso, Chile",-33.0441028,-71.3898053,1,GEOMETRIC_CENTER,2020,1285303,2020/06/11 00:00:00+00,COLISION,COLISION,URBANA,DESOBEDIENCIA A SEÑALIZACION,SEÑALIZACION DESOBEDECER SEÑAL PARE,0,0,0,1,17:20:00
-71.5907632,-33.0372318,235,5,REGION VALPARAISO,5101,VALPARAISO,JAVIERA CARRERA,AMALIA PAZ,0,"Javiera Carrera & Amalia Paz, Valparaíso, Chile",-33.0372318,-71.5907632,1,GEOMETRIC_CENTER,2020,1285318,2020/06/11 00:00:00+00,COLISION LATERAL,COLISION,URBANA,IMPRUDENCIA DEL CONDUCTOR,CONDUCCION CAMBIAR SORPRESIVAMENTE PISTA CIRCULACION,0,0,0,0,16:50:00
-71.2682349,-32.8854254,236,5,REGION VALPARAISO,5501,QUILLOTA,PEÑALOLEN, ,1127,"Av. Peñalolen 1127, Quillota, Valparaíso, Chile",-32.8854254,-71.2682349,1,ROOFTOP,2020,1285345,2020/06/12 00:00:00+00,CHOQUE,CHOQUE,URBANA,IMPRUDENCIA DEL CONDUCTOR,CONDUCCION NO ATENTO CONDICIONES TRANSITO MOMENTO,0,0,0,0,13:45:00