X,Y,FID,COD_REG,REGION,CUT,COMUNA,CALLE_UNO,CALLE_DOS,NUMERO,DIR_GEOCOD,LAT,LNG,VAL_COM,TIPO,Año,Idaccident,Fecha,Tipo_Accid,Tipo__CONA,Zona,Causa__CON,Causa,Fallecidos,Graves,Menos_Grav,Leves,Hora
-71.3632124,-33.0438353,237,5,REGION VALPARAISO,5804,VILLA ALEMANA,SEXTA,BAQUEDANO,0,"Baquedano & Sexta, Villa Alemana, Valparaíso, Chile",-33.0438353,-71.3632124,1,GEOMETRIC_CENTER,2020,1285500,2020/06/11 00:00:00+00,ATROPELLO,ATROPELLO,URBANA,IMPRUDENCIA DEL CONDUCTOR,CONDUCCION NO ATENTO CONDICIONES TRANSITO MOMENTO,0,0,0,1,08:30:00
-71.3677109,-33.0609794,238,5,REGION VALPARAISO,5804,VILLA ALEMANA,LA PALMA,AVIADOR FIGUEROA,0,"Las Palmas & Aviador Figueroa, Villa Alemana, Valparaíso, Chile",-33.0609794,-71.3677109,1,GEOMETRIC_CENTER,2020,1285502,2020/06/12 00:00:00+00,COLISION,COLISION,URBANA,IMPRUDENCIA DEL CONDUCTOR,ADELANTAMIENTO SIN EL ESPACIO O TIEMPO SUFICIENTE,0,0,0,0,14:45:00
-70.5814439,-32.8011488,239,5,REGION VALPARAISO,5304,SAN ESTEBAN,ALESSANDRI, ,0,"Av. Alessandri, San Esteban, Valparaíso, Chile",-32.8011488,-70.5814439,1,GEOMETRIC_CENTER,2020,1285563,2020/06/12 00:00:00+00,CHOQUE FRENTE/LADO,CHOQUE,URBANA,IMPRUDENCIA DEL CONDUCTOR,CONDUCCION NO ATENTO CONDICIONES TRANSITO MOMENTO,0,0,0,0,07:10:00
-71.6931542,-33.3915017,240,5,REGION VALPARAISO,5604,EL QUISCO,ISIDORO DUBOURNAIS,SUBIDA LOS LOBOS,0,"Subida Los Lobos & Avenida Isidoro Dubournais, El Quisco, Valparaíso, Chile",-33.3915017,-71.6931542,1,GEOMETRIC_CENTER,2020,1285607,2020/06/03 00:00:00+00,COLISION LATERAL,COLISION,URBANA,IMPRUDENCIA DEL CONDUCTOR,CONDUCCION CAMBIAR SORPRESIVAMENTE PISTA CIRCULACION,0,0,0,1,16:00:00
-71.1921212,-32.7962929,241,5,REGION VALPARAISO,5502,CALERA,ABEDUL, ,584,"El Abedul 584, La Calera, Calera, Valparaíso, Chile",-32.7962929,-71.1921212,1,RANGE_INTERPOLATED,2020,1285616,2020/05/30 00:00:00+00,COLISION FRONTAL,COLISION,URBANA,IMPRUDENCIA DEL CONDUCTOR,CONDUCIR VEHICULO EN RETROCESO,0,0,0,0,12:25:00
-71.2597059,-32.8809405,242,5,REGION VALPARAISO,5501,QUILLOTA,BELL,CHACABUCO,0,"Chacabuco & José Miguel Carrera, Quillota, Valparaíso, Chile",-32.8809405,-71.2597059,1,GEOMETRIC_CENTER,2020,1285630,2020/06/17 00:00:00+00,COLISION,COLISION,URBANA,ALCOHOL EN CONDUCTOR,CONDUCCION EN ESTADO DE EBRIEDAD,0,0,0,1,09:45:00
-71.3960688,-33.0494267,243,5,REGION VALPARAISO,5804,VILLA ALEMANA,LAS ACACIAS,PUERTO DE PALOS,0,"Las Acacias & Pto de Palos, Villa Alemana, Valparaíso, Chile",-33.0494267,-71.3960688,1,GEOMETRIC_CENTER,2020,1285675,2020/06/17 00:00:00+00,CHOQUE FRONTAL,CHOQUE,URBANA,DROGAS Y/O FATIGA EN CONDUCTOR,"CONDICIONES FISICAS DEFICIENTES (CANSANCIO, SUEÑO)",0,0,0,2,06:00:00
-71.2603652,-32.8825273,244,5,REGION VALPARAISO,5501,QUILLOTA,LOS COPIHUES,OSCAR BONILLA,0,"Los Copihues & General Oscar Bonilla, Quillota, Valparaíso, Chile",-32.8825273,-71.2603652,1,GEOMETRIC_CENTER,2020,1285713,2020/06/18 00:00:00+00,COLISION,COLISION,URBANA,DESOBEDIENCIA A SEÑALIZACION,SEÑALIZACION DESOBEDECER SEÑAL PARE,0,0,0,1,14:50:00
-71.6405344,-33.024649,245,5,REGION VALPARAISO,5101,VALPARAISO,CENTRAL,SOLDADO BARRERA,0,"Playa Ancha 850, Valparaíso, Chile",-33.024649,-71.6405344,1,ROOFTOP,2020,1286112,2020/06/11 00:00:00+00,COLISION LATERAL,COLISION,URBANA,IMPRUDENCIA DEL CONDUCTOR,NO RESPETAR DERECHO PREFERENTE DE PASO A VEHICULO,0,0,0,0,17:00:00
-71.6136814,-33.0486039,246,5,REGION VALPARAISO,5101,VALPARAISO,INDEPENDENCIA,GRAL CRUZ,0,"General Cruz & Independencia, Valparaíso, Chile",-33.0486039,-71.6136814,1,GEOMETRIC_CENTER,2020,1285849,2020/06/01 00:00:00+00,CHOQUE FRENTE/LADO,CHOQUE,URBANA,IMPRUDENCIA DEL CONDUCTOR,CONDUCCION NO ATENTO CONDICIONES TRANSITO MOMENTO,0,0,0,1,18:00:00
-71.6300789,-33.0341789,247,5,REGION VALPARAISO,5101,VALPARAISO,WHEELWRIGHT,COCHRANE,0,"Plaza Wheelwright - Plaza Wheelwright 157, Valparaíso, Chile",-33.0341789,-71.6300789,1,ROOFTOP,2020,1285850,2020/06/02 00:00:00+00,COLISION,COLISION,URBANA,IMPRUDENCIA DEL CONDUCTOR,CONDUCCION CAMBIAR SORPRESIVAMENTE PISTA CIRCULACION,0,0,0,1,18:30:00
-71.6022556,-33.0511566,248,5,REGION VALPARAISO,5101,VALPARAISO,INDEPENDENCIA,ARGENTINA,0,"Avenida Argentina & Independencia, Valparaíso, Chile",-33.0511566,-71.6022556,1,GEOMETRIC_CENTER,2020,1285851,2020/06/04 00:00:00+00,COLISION,COLISION,URBANA,DESOBEDIENCIA A SEÑALIZACION,SEÑALIZACION DESOBEDECER LUZ ROJA DE SEMAFORO,0,0,0,0,16:06:00
-71.5509115,-33.0075131,249,5,REGION VALPARAISO,5109,VIÑA DEL MAR,SAN MARTIN,BENIDORM,0,"San Martín & Avenida Benidorm, Viña del Mar, Valparaíso, Chile",-33.0075131,-71.5509115,1,GEOMETRIC_CENTER,2020,1285883,2020/06/08 00:00:00+00,COLISION POR ALCANCE,COLISION,URBANA,IMPRUDENCIA DEL CONDUCTOR,CONDUCCION NO ATENTO CONDICIONES TRANSITO MOMENTO,0,0,0,0,12:30:00
-71.5518765,-33.0251473,250,5,REGION VALPARAISO,5109,VIÑA DEL MAR,VALPARAISO,PLAZA SUCRE,0,"C. Valparaíso & Pl. Sucre, Viña del Mar, Valparaíso, Chile",-33.0251473,-71.5518765,1,GEOMETRIC_CENTER,2020,1285884,2020/06/08 00:00:00+00,CHOQUE FRENTE/POSTERIOR,CHOQUE,URBANA,IMPRUDENCIA DEL CONDUCTOR,CONDUCCION NO ATENTO CONDICIONES TRANSITO MOMENTO,0,0,0,0,14:00:00
-71.2011619,-32.790542,251,5,REGION VALPARAISO,5502,CALERA,CARRERA,IGNACIO CARRERA PINTO,0,"Carrera & Ignacio Carrera Pinto, La Calera, Calera, Valparaíso, Chile",-32.790542,-71.2011619,1,GEOMETRIC_CENTER,2020,1285952,2020/06/18 00:00:00+00,COLISION LATERAL,COLISION,URBANA,IMPRUDENCIA DEL CONDUCTOR,"ADELANTAMIENTO EN CRUCE, CURVA, CUESTA, PUENTE",0,0,0,0,13:00:00
-71.5988172,-33.0361818,252,5,REGION VALPARAISO,5101,VALPARAISO,ESPAÑA,YOLANDA,0,"Pasarela Av España - Yolanda, Valparaíso, Chile",-33.0361818,-71.5988172,1,GEOMETRIC_CENTER,2020,1286042,2020/06/17 00:00:00+00,COLISION POR ALCANCE,COLISION,URBANA,IMPRUDENCIA DEL CONDUCTOR,CONDUCCION SIN MANTENER DISTANCIA RAZONABLE NI PRUDENTE,0,0,0,0,07:14:00
-71.1927779,-32.784275,253,5,REGION VALPARAISO,5502,CALERA,TERESA,DIEGO LILLO,0,"Diego Lillo & Teresa, La Calera, Calera, Valparaíso, Chile",-32.784275,-71.1927779,1,GEOMETRIC_CENTER,2020,1286046,2020/06/20 00:00:00+00,ATROPELLO,ATROPELLO,URBANA,IMPRUDENCIA DEL CONDUCTOR,NO RESPETAR DERECHO PREFERENTE DE PASO A PEATON,0,0,0,1,18:30:00
-71.5640411,-33.1321246,254,5,REGION VALPARAISO,5101,VALPARAISO,CURAUMA NORTE,LOS IBISCO,0,"Av. Lomas de la Luz 4650, Placilla, Valparaíso, Chile",-33.1321246,-71.5640411,1,ROOFTOP,2020,1286078,2020/04/24 00:00:00+00,CHOQUE FRENTE/POSTERIOR,CHOQUE,URBANA,IMPRUDENCIA DEL CONDUCTOR,CONDUCIR VEHICULO EN RETROCESO,0,0,0,0,13:30:00
-71.6571933,-33.1353244,255,5,REGION VALPARAISO,5101,VALPARAISO,TIERRAS ROJAS,PRIMAVERA,0,"Tierras Rojas, Valparaíso, Chile",-33.1353244,-71.6571933,1,GEOMETRIC_CENTER,2020,1286108,2020/06/14 00:00:00+00,COLISION FRONTAL,COLISION,URBANA,PERDIDA CONTROL VEHICULO,PERDIDA CONTROL VEHICULO,0,0,0,0,17:00:00
-71.2302611,-32.4507789,256,5,REGION VALPARAISO,5401,LA LIGUA,PAPUDO, ,401,"Papudo 401, La Ligua, Valparaíso, Chile",-32.4507789,-71.2302611,1,RANGE_INTERPOLATED,2020,1286110,2020/06/11 00:00:00+00,COLISION LATERAL,COLISION,URBANA,IMPRUDENCIA DEL CONDUCTOR,NO RESPETAR DERECHO PREFERENTE DE PASO A VEHICULO,0,0,0,0,10:00:00
-71.6204567,-33.0476586,257,5,REGION VALPARAISO,5101,VALPARAISO,CAMILO HENRIQUEZ,SUBIDA EL PARQUE,0,"Aldunate 1620, Community Building Camilo Henriquez Valparaiso, Valparaíso, Chile",-33.0476586,-71.6204567,1,ROOFTOP,2020,1286115,2020/06/13 00:00:00+00,CAIDA,CAIDA,URBANA,VELOCIDAD IMPRUDENTE,VELOCIDAD NO RAZONABLE NI PRUDENTE,0,1,0,0,09:45:00
-71.6461536,-33.0518227,258,5,REGION VALPARAISO,5101,VALPARAISO,CAMINO LA POLVORA, ,82400,"Cam. La Pólvora, Valparaíso, Chile",-33.0518227,-71.6461536,1,GEOMETRIC_CENTER,2020,1286120,2020/06/18 00:00:00+00,CHOQUE FRONTAL,CHOQUE,URBANA,PERDIDA CONTROL VEHICULO,PERDIDA CONTROL VEHICULO,0,0,0,1,09:20:00
-70.7144807,-32.7608752,259,5,REGION VALPARAISO,5701,SAN FELIPE,MICHIMALONCO, ,1971,"Av. Michimalongo 1971, San Felipe, Valparaíso, Chile",-32.7608752,-70.7144807,1,RANGE_INTERPOLATED,2020,1286154,2020/06/17 00:00:00+00,ATROPELLO,ATROPELLO,URBANA,IMPRUDENCIA DEL CONDUCTOR,CONDUCCION NO ATENTO CONDICIONES TRANSITO MOMENTO,0,1,0,0,13:55:00
-71.4192945,-33.0442841,260,5,REGION VALPARAISO,5801,QUILPUE,FREIRE,BADEN POWELL,0,"Baden Powell & Freire, Quilpué, Valparaíso, Chile",-33.0442841,-71.4192945,1,GEOMETRIC_CENTER,2020,1286209,2020/06/10 00:00:00+00,CHOQUE FRENTE/POSTERIOR,CHOQUE,URBANA,IMPRUDENCIA DEL CONDUCTOR,CONDUCCION SIN MANTENER DISTANCIA RAZONABLE NI PRUDENTE,0,0,0,0,08:00:00
-71.4354413,-33.03984,261,5,REGION VALPARAISO,5801,QUILPUE,AVIADOR ACEVEDO, ,1559,"Aviador Acevedo 1559, Quilpué, Valparaíso, Chile",-33.03984,-71.4354413,1,RANGE_INTERPOLATED,2020,1286210,2020/06/10 00:00:00+00,COLISION PERPENDICULAR,COLISION,URBANA,IMPRUDENCIA DEL CONDUCTOR,CONDUCCION CAMBIAR SORPRESIVAMENTE PISTA CIRCULACION,0,0,0,0,18:00:00
-70.956166,-32.8409806,262,5,REGION VALPARAISO,5703,LLAY LLAY,LOS INSIGNOS, ,0,"Llay Llay, Llayllay, Valparaíso, Chile",-32.8409806,-70.956166,1,APPROXIMATE,2020,1286275,2020/06/18 00:00:00+00,COLISION,COLISION,RURAL,IMPRUDENCIA DEL CONDUCTOR,CONDUCCION NO ATENTO CONDICIONES TRANSITO MOMENTO,0,0,0,0,08:00:00
-71.3789264,-33.0445597,263,5,REGION VALPARAISO,5804,VILLA ALEMANA,MARQUEZ,SAN ENRIQUE,0,"San Enrique 2-34, Villa Alemana, Valparaíso, Chile",-33.0445597,-71.3789264,1,ROOFTOP,2020,1286299,2020/06/19 00:00:00+00,COLISION,COLISION,URBANA,IMPRUDENCIA DEL CONDUCTOR,NO RESPETAR DERECHO PREFERENTE DE PASO A VEHICULO,0,0,0,0,20:40:00
-71.3772738,-33.0392433,264,5,REGION VALPARAISO,5804,VILLA ALEMANA,CAUPOLICAN,MADRID,0,"Madrid & Caupolicán, Villa Alemana, Valparaíso, Chile",-33.0392433,-71.3772738,1,GEOMETRIC_CENTER,2020,1286301,2020/06/19 00:00:00+00,COLISION,COLISION,URBANA,DESOBEDIENCIA A SEÑALIZACION,SEÑALIZACION DESOBEDECER SEÑAL PARE,0,0,0,1,21:20:00
-71.374314,-33.0455951,265,5,REGION VALPARAISO,5804,VILLA ALEMANA,DIAZ,MATURANA,0,"Díaz & Maturana, Villa Alemana, Valparaíso, Chile",-33.0455951,-71.374314,1,GEOMETRIC_CENTER,2020,1286303,2020/06/20 00:00:00+00,COLISION,COLISION,URBANA,DESOBEDIENCIA A SEÑALIZACION,SEÑALIZACION DESOBEDECER SEÑAL PARE,0,0,0,0,12:37:00
-71.3764541,-33.0532455,266,5,REGION VALPARAISO,5804,VILLA ALEMANA,ARRIETA, ,770,"Arrieta 770, Villa Alemana, Valparaíso, Chile",-33.0532455,-71.3764541,1,ROOFTOP,2020,1286304,2020/06/20 00:00:00+00,CHOQUE FRONTAL,CHOQUE,URBANA,DROGAS Y/O FATIGA EN CONDUCTOR,"CONDICIONES FISICAS DEFICIENTES (CANSANCIO, SUEÑO)",0,0,0,1,11:40:00
-71.4617003,-33.0439663,267,5,REGION VALPARAISO,5801,QUILPUE,LOS CARRERA,JULIO VELASCO,0,"Julio Velasco & Avenida Los Carrera, Quilpué, Valparaíso, Chile",-33.0439663,-71.4617003,1,GEOMETRIC_CENTER,2020,1286308,2020/06/10 00:00:00+00,CHOQUE FRENTE/POSTERIOR,CHOQUE,URBANA,IMPRUDENCIA DEL CONDUCTOR,CONDUCCION SIN MANTENER DISTANCIA RAZONABLE NI PRUDENTE,0,0,0,0,19:00:00
-71.4297274,-33.0486565,268,5,REGION VALPARAISO,5801,QUILPUE,LOS CARRERA, ,1682,"Av. Los Carrera 1682, Quilpué, Valparaíso, Chile",-33.0486565,-71.4297274,1,ROOFTOP,2020,1286311,2020/06/11 00:00:00+00,COLISION LATERAL,COLISION,URBANA,IMPRUDENCIA DEL CONDUCTOR,CONDUCCION CAMBIAR SORPRESIVAMENTE PISTA CIRCULACION,0,0,0,0,14:00:00
-71.4280462,-33.0557176,269,5,REGION VALPARAISO,5801,QUILPUE,LAS MARIAS,DEL ARRAYAN,0,"Del Arrayán & Las Marías, Quilpué, Valparaíso, Chile",-33.0557176,-71.4280462,1,GEOMETRIC_CENTER,2020,1286316,2020/06/12 00:00:00+00,COLISION PERPENDICULAR,COLISION,URBANA,DESOBEDIENCIA A SEÑALIZACION,SEÑALIZACION DESOBEDECER SEÑAL CEDA EL PASO,0,0,0,0,20:15:00
-70.5822992,-32.80298,270,5,REGION VALPARAISO,5304,SAN ESTEBAN,ALESSANDRI, ,462,"Av. Alessandri 462, San Esteban, Valparaíso, Chile",-32.80298,-70.5822992,1,RANGE_INTERPOLATED,2020,1286323,2020/06/12 00:00:00+00,CHOQUE FRENTE/POSTERIOR,CHOQUE,URBANA,IMPRUDENCIA DEL CONDUCTOR,CONDUCCION NO ATENTO CONDICIONES TRANSITO MOMENTO,0,0,0,0,07:30:00
-71.5572734,-33.0459409,271,5,REGION VALPARAISO,5109,VIÑA DEL MAR,LAS PALMAS, ,4900,"Las Palmas, Viña del Mar, Valparaíso, Chile",-33.0459409,-71.5572734,1,GEOMETRIC_CENTER,2020,1286330,2020/06/01 00:00:00+00,CHOQUE FRONTAL,CHOQUE,URBANA,FALLAS MECANICAS,FALLAS MECANICAS NEUMATICOS,0,0,0,0,06:00:00
-71.5435728,-33.0037631,272,5,REGION VALPARAISO,5109,VIÑA DEL MAR,ALESSANDRI,21 NORTE,0,"21 Norte & Alessandri, Viña del Mar, Valparaíso, Chile",-33.0037631,-71.5435728,1,GEOMETRIC_CENTER,2020,1286341,2020/06/02 00:00:00+00,ATROPELLO,ATROPELLO,URBANA,IMPRUDENCIA DEL PEATON,PEATON CRUZA CALZADA FUERA PASO PEATONES,0,0,1,1,11:40:00
-71.6732479,-33.3724058,273,5,REGION VALPARAISO,5602,ALGARROBO,IGNACIO CARRERA PINTO,PEÑABLANCA,0,"Av. Peñablanca & Av. Ignacio Carrera Pinto, Algarrobo, Valparaíso, Chile",-33.3724058,-71.6732479,1,GEOMETRIC_CENTER,2020,1286401,2020/06/18 00:00:00+00,CHOQUE LATERAL,CHOQUE,URBANA,IMPRUDENCIA DEL CONDUCTOR,CONDUCCION NO ATENTO CONDICIONES TRANSITO MOMENTO,0,0,0,0,10:30:00
-71.6128578,-33.580605,274,5,REGION VALPARAISO,5601,SAN ANTONIO,ARTURO PRAT, ,13,"Arturo Prat 13, San Antonio, Valparaíso, Chile",-33.580605,-71.6128578,1,RANGE_INTERPOLATED,2020,1286404,2020/05/21 00:00:00+00,VOLCADURA,VOLCADURA,RURAL,PERDIDA CONTROL VEHICULO,PERDIDA CONTROL VEHICULO,0,0,0,0,08:30:00
-71.6819398,-33.377012,275,5,REGION VALPARAISO,5602,ALGARROBO,IGNACIO CARRERA PINTO,BAHIA MANSA,0,"Av. Bahía Mansa & Av. Ignacio Carrera Pinto, Algarrobo, Valparaíso, Chile",-33.377012,-71.6819398,1,GEOMETRIC_CENTER,2020,1286405,2020/06/21 00:00:00+00,COLISION POR ALCANCE,COLISION,URBANA,IMPRUDENCIA DEL CONDUCTOR,CONDUCCION NO ATENTO CONDICIONES TRANSITO MOMENTO,0,0,0,0,14:30:00
-71.6124115,-33.6099266,276,5,REGION VALPARAISO,5601,SAN ANTONIO,VICUÑA MACKENNA, ,970,"Vicuña Mackenna, San Antonio, Valparaíso, Chile",-33.6099266,-71.6124115,1,GEOMETRIC_CENTER,2020,1286423,2020/06/01 00:00:00+00,COLISION,COLISION,URBANA,IMPRUDENCIA DEL CONDUCTOR,CONDUCCION CONTRA SENTIDO DEL TRANSITO,0,0,0,0,13:50:00
-71.6153615,-33.6018677,277,5,REGION VALPARAISO,5601,SAN ANTONIO,ANGAMOS,6 SUR,0,"Angamos & Seis Sur, San Antonio, Valparaíso, Chile",-33.6018677,-71.6153615,1,GEOMETRIC_CENTER,2020,1286459,2020/06/05 00:00:00+00,COLISION POR ALCANCE,COLISION,URBANA,ALCOHOL EN CONDUCTOR,CONDUCCION BAJO LA INFLUENCIA DEL ALCOHOL,0,0,0,0,18:30:00
-71.6068252,-33.6231158,278,5,REGION VALPARAISO,5601,SAN ANTONIO,CHILE,ARRAYAN,0,"Arrayán & Chile, San Antonio, Valparaíso, Chile",-33.6231158,-71.6068252,1,GEOMETRIC_CENTER,2020,1286480,2020/06/08 00:00:00+00,CHOQUE LADO/LADO,CHOQUE,URBANA,OTRAS CAUSAS,OTRAS CAUSAS,0,0,0,0,09:30:00
-71.4275798,-33.0582782,279,5,REGION VALPARAISO,5801,QUILPUE,LAS MARIAS,GONZALEZ VIDELA,0,"Las Marías & Presidente Gabriel González Videla, Quilpué, Valparaíso, Chile",-33.0582782,-71.4275798,1,GEOMETRIC_CENTER,2020,1286488,2020/06/12 00:00:00+00,COLISION PERPENDICULAR,COLISION,URBANA,DESOBEDIENCIA A SEÑALIZACION,SEÑALIZACION DESOBEDECER SEÑAL PARE,0,0,0,0,19:30:00
-71.4320462,-33.0557794,280,5,REGION VALPARAISO,5801,QUILPUE,PEYRONET, ,1590,"Peyronet 1590, Quilpué, Valparaíso, Chile",-33.0557794,-71.4320462,1,RANGE_INTERPOLATED,2020,1286509,2020/06/14 00:00:00+00,COLISION FRONTAL,COLISION,URBANA,ALCOHOL EN CONDUCTOR,CONDUCCION EN ESTADO DE EBRIEDAD,0,0,0,4,11:00:00
-71.6131854,-33.5813867,281,5,REGION VALPARAISO,5601,SAN ANTONIO,BARROS LUCO, ,12,"Barros Luco 12, San Antonio, Valparaíso, Chile",-33.5813867,-71.6131854,1,RANGE_INTERPOLATED,2020,1286512,2020/06/07 00:00:00+00,CHOQUE,CHOQUE,URBANA,PERDIDA CONTROL VEHICULO,PERDIDA CONTROL VEHICULO,0,0,0,0,20:10:00
-71.4241621,-33.0612872,282,5,REGION VALPARAISO,5801,QUILPUE,LAS ALONDRAS, ,2146,"Las Alondras 2146, Quilpué, Valparaíso, Chile",-33.0612872,-71.4241621,1,RANGE_INTERPOLATED,2020,1286536,2020/06/14 00:00:00+00,COLISION LATERAL,COLISION,URBANA,ALCOHOL EN CONDUCTOR,CONDUCCION EN ESTADO DE EBRIEDAD,0,0,0,0,01:40:00
-70.956166,-32.8409806,283,5,REGION VALPARAISO,5703,LLAY LLAY,LOS LOROS, ,0,"Llay Llay, Llayllay, Valparaíso, Chile",-32.8409806,-70.956166,1,APPROXIMATE,2020,1286953,2020/06/24 00:00:00+00,CHOQUE,CHOQUE,RURAL,PERDIDA CONTROL VEHICULO,PERDIDA CONTROL VEHICULO,0,2,0,1,13:55:00
-71.4129652,-33.0693981,284,5,REGION VALPARAISO,5801,QUILPUE,MARGA MARGA,LAGO LAS TORRES,0,"Marga Marga & Lago Las Torres, Quilpué, Valparaíso, Chile",-33.0693981,-71.4129652,1,GEOMETRIC_CENTER,2020,1286552,2020/06/15 00:00:00+00,CHOQUE FRENTE/POSTERIOR,CHOQUE,URBANA,IMPRUDENCIA DEL CONDUCTOR,CONDUCCION SIN MANTENER DISTANCIA RAZONABLE NI PRUDENTE,0,0,0,1,18:03:00
-71.4055863,-33.0361065,285,5,REGION VALPARAISO,5801,QUILPUE,MATEO DE TORO Y ZAMBRANO,GOMEZ CARREÑO,0,"Almirante Gomez Carreño & Mateo de Toro y Zambrano, Quilpué, Valparaíso, Chile",-33.0361065,-71.4055863,1,GEOMETRIC_CENTER,2020,1286563,2020/06/16 00:00:00+00,COLISION POR ALCANCE,COLISION,URBANA,IMPRUDENCIA DEL CONDUCTOR,CONDUCCION SIN MANTENER DISTANCIA RAZONABLE NI PRUDENTE,0,0,0,0,14:30:00
-71.6108991,-33.5796993,286,5,REGION VALPARAISO,5601,SAN ANTONIO,PEDRO MONTT, ,174,"Pedro Montt 174, San Antonio, Valparaíso, Chile",-33.5796993,-71.6108991,1,ROOFTOP,2020,1286569,2020/06/10 00:00:00+00,COLISION,COLISION,URBANA,IMPRUDENCIA DEL CONDUCTOR,CONDUCCION SIN MANTENER DISTANCIA RAZONABLE NI PRUDENTE,0,0,0,0,08:50:00
-71.4202991,-33.0438077,287,5,REGION VALPARAISO,5801,QUILPUE,FREIRE,LOS CARRERA,0,"Freire, Quilpué, Valparaíso, Chile",-33.0438077,-71.4202991,1,GEOMETRIC_CENTER,2020,1286571,2020/06/17 00:00:00+00,COLISION PERPENDICULAR,COLISION,URBANA,DESOBEDIENCIA A SEÑALIZACION,SEÑALIZACION DESOBEDECER SEÑAL PARE,0,0,0,0,13:30:00
-71.4111046,-33.0362767,288,5,REGION VALPARAISO,5801,QUILPUE,MATEO DE TORO Y ZAMBRANO,JOSE URIBE,0,"Mateo de Toro y Zambrano & José Uribe, Quilpué, Valparaíso, Chile",-33.0362767,-71.4111046,1,GEOMETRIC_CENTER,2020,1286572,2020/06/17 00:00:00+00,ATROPELLO,ATROPELLO,URBANA,IMPRUDENCIA DEL PEATON,PEATON CRUZA CALZADA FORMA SORPRESIVA O DESCUIDADA,0,0,0,1,21:24:00
-71.4507228,-33.0509165,289,5,REGION VALPARAISO,5801,QUILPUE,PEDRO MONTT,SAMUEL VALENCIA,0,"Samuel Valencia & Pedro Montt, Quilpué, Valparaíso, Chile",-33.0509165,-71.4507228,1,GEOMETRIC_CENTER,2020,1286573,2020/06/18 00:00:00+00,ATROPELLO,ATROPELLO,URBANA,IMPRUDENCIA DEL CONDUCTOR,NO RESPETAR DERECHO PREFERENTE DE PASO A PEATON,0,0,0,1,07:30:00
-71.4045372,-33.0463199,290,5,REGION VALPARAISO,5801,QUILPUE,FREIRE,SERENA,0,"Freire & Serena, Quilpué, Valparaíso, Chile",-33.0463199,-71.4045372,1,GEOMETRIC_CENTER,2020,1286577,2020/06/19 00:00:00+00,COLISION PERPENDICULAR,COLISION,URBANA,DESOBEDIENCIA A SEÑALIZACION,SEÑALIZACION DESOBEDECER LUZ ROJA DE SEMAFORO,0,0,0,0,21:00:00
-71.5967961,-33.5930423,291,5,REGION VALPARAISO,5601,SAN ANTONIO,ROBERTO PARRA, ,12,"Roberto Parra 12, San Antonio, Valparaíso, Chile",-33.5930423,-71.5967961,1,RANGE_INTERPOLATED,2020,1286578,2020/06/12 00:00:00+00,ATROPELLO,ATROPELLO,URBANA,IMPRUDENCIA DEL PEATON,PEATON CRUZA CALZADA FORMA SORPRESIVA O DESCUIDADA,0,0,0,1,17:10:00
-71.6151905,-33.5988415,292,5,REGION VALPARAISO,5601,SAN ANTONIO,ANGAMOS, ,3,"Angamos & Tres Sur, San Antonio, Valparaíso, Chile",-33.5988415,-71.6151905,1,GEOMETRIC_CENTER,2020,1286582,2020/06/12 00:00:00+00,IMPACTO CON ANIMAL,OTRO TIPO,URBANA,DEFICIENCIAS VIALES,ANIMALES SUELTOS VIA PUBLICA,0,0,0,1,07:50:00
-71.5714098,-33.058513,293,5,REGION VALPARAISO,5101,VALPARAISO,CORDILLERA DE LOS ANDES, ,554,"Cordillera de Los Andes 554, Valparaíso, Chile",-33.058513,-71.5714098,1,ROOFTOP,2020,1287198,2020/06/27 00:00:00+00,CHOQUE FRONTAL,CHOQUE,URBANA,PERDIDA CONTROL VEHICULO,PERDIDA CONTROL VEHICULO,0,0,0,0,11:15:00
-71.4038516,-33.0554176,294,5,REGION VALPARAISO,5801,QUILPUE,VEINTE DE ENERO,DIEGO DE ALMAGRO,0,"Veinte de Enero & Diego de Almagro, Quilpué, Valparaíso, Chile",-33.0554176,-71.4038516,1,GEOMETRIC_CENTER,2020,1286599,2020/06/20 00:00:00+00,COLISION LATERAL,COLISION,URBANA,IMPRUDENCIA DEL CONDUCTOR,NO RESPETAR DERECHO PREFERENTE DE PASO A VEHICULO,0,0,0,0,11:30:00