X,Y,FID,COD_REG,REGION,CUT,COMUNA,CALLE_UNO,CALLE_DOS,NUMERO,DIR_GEOCOD,LAT,LNG,VAL_COM,TIPO,Año,Idaccident,Fecha,Tipo_Accid,Tipo__CONA,Zona,Causa__CON,Causa,Fallecidos,Graves,Menos_Grav,Leves,Hora
-71.405583,-33.0594623,295,5,REGION VALPARAISO,5801,QUILPUE,TRONCOS VIEJOS,SERENA,0,"Troncos Viejos & Serena, Quilpué, Valparaíso, Chile",-33.0594623,-71.405583,1,GEOMETRIC_CENTER,2020,1286602,2020/06/20 00:00:00+00,COLISION POR ALCANCE,COLISION,URBANA,DESOBEDIENCIA A SEÑALIZACION,SEÑALIZACION DESOBEDECER SEÑAL PARE,0,0,0,0,18:45:00
-71.6045811,-33.5480037,296,5,REGION VALPARAISO,5603,CARTAGENA,SERRANO, ,144,"Serrano 144, Cartagena, Valparaíso, Chile",-33.5480037,-71.6045811,1,ROOFTOP,2020,1286663,2020/06/25 00:00:00+00,CHOQUE,CHOQUE,URBANA,ALCOHOL EN CONDUCTOR,CONDUCCION EN ESTADO DE EBRIEDAD,0,0,0,0,01:10:00
-71.2397346,-32.45601,297,5,REGION VALPARAISO,5401,LA LIGUA,VICTORINO SILVA,DIEGO PORTALES,0,"VICTORINO SILVA 695, La Ligua, Valparaíso, Chile",-32.45601,-71.2397346,1,ROOFTOP,2020,1286673,2020/06/22 00:00:00+00,ATROPELLO,ATROPELLO,URBANA,IMPRUDENCIA DEL CONDUCTOR,CONDUCCION NO ATENTO CONDICIONES TRANSITO MOMENTO,0,0,0,1,19:30:00
-71.6087915,-33.6099625,298,5,REGION VALPARAISO,5601,SAN ANTONIO,CHILE, ,45,"Chile 45, San Antonio, Valparaíso, Chile",-33.6099625,-71.6087915,1,RANGE_INTERPOLATED,2020,1286750,2020/06/01 00:00:00+00,CHOQUE POSTERIOR,CHOQUE,URBANA,IMPRUDENCIA DEL CONDUCTOR,CONDUCCION NO ATENTO CONDICIONES TRANSITO MOMENTO,0,0,0,0,11:55:00
-71.4616204,-33.0441649,299,5,REGION VALPARAISO,5801,QUILPUE,LOS CARRERA,LOS LUNES,0,"771, - Av. Los Carrera 751, Quilpué, Valparaíso, Chile",-33.0441649,-71.4616204,1,ROOFTOP,2020,1286802,2020/06/21 00:00:00+00,COLISION POR ALCANCE,COLISION,URBANA,IMPRUDENCIA DEL CONDUCTOR,CONDUCCION SIN MANTENER DISTANCIA RAZONABLE NI PRUDENTE,0,0,0,1,08:05:00
-71.4010657,-33.0458892,300,5,REGION VALPARAISO,5801,QUILPUE,RAMON ANGEL JARA,FREIRE,0,"Freire & Ramón Ángel Jara, Villa Alemana, Quilpué, Valparaíso, Chile",-33.0458892,-71.4010657,1,GEOMETRIC_CENTER,2020,1286809,2020/06/22 00:00:00+00,ATROPELLO,ATROPELLO,URBANA,IMPRUDENCIA DEL CONDUCTOR,NO RESPETAR DERECHO PREFERENTE DE PASO A PEATON,0,0,0,1,17:50:00
-71.4280462,-33.0557176,301,5,REGION VALPARAISO,5801,QUILPUE,LAS MARIAS,DEL ARRAYAN,0,"Del Arrayán & Las Marías, Quilpué, Valparaíso, Chile",-33.0557176,-71.4280462,1,GEOMETRIC_CENTER,2020,1286827,2020/06/25 00:00:00+00,COLISION PERPENDICULAR,COLISION,URBANA,DESOBEDIENCIA A SEÑALIZACION,SEÑALIZACION DESOBEDECER SEÑAL CEDA EL PASO,0,0,0,0,14:30:00
-71.4018374,-33.0536224,302,5,REGION VALPARAISO,5801,QUILPUE,RAMON ANGEL JARA,PROYECTADA,0,"Ramon Angel Jara - Yungay, Quilpué, Valparaíso, Chile",-33.0536224,-71.4018374,1,GEOMETRIC_CENTER,2020,1286832,2020/06/25 00:00:00+00,COLISION PERPENDICULAR,COLISION,URBANA,ALCOHOL EN CONDUCTOR,CONDUCCION EN ESTADO DE EBRIEDAD,0,0,0,1,20:20:00
-71.6130477,-33.5916546,303,5,REGION VALPARAISO,5601,SAN ANTONIO,RAMON BARROS LUCO,IGNACIO CARRERA PINTO,0,"Ignacio Carrera Pinto & Barros Luco, San Antonio, Valparaíso, Chile",-33.5916546,-71.6130477,1,GEOMETRIC_CENTER,2020,1286859,2020/06/23 00:00:00+00,ATROPELLO,ATROPELLO,URBANA,IMPRUDENCIA DEL CONDUCTOR,CONDUCCION NO ATENTO CONDICIONES TRANSITO MOMENTO,0,1,0,0,18:40:00
-70.5977688,-32.8343995,304,5,REGION VALPARAISO,5301,LOS ANDES,MAIPU,OHIGGINS,0,"Maipú & OHiggins, Los Andes, Valparaíso, Chile",-32.8343995,-70.5977688,1,GEOMETRIC_CENTER,2020,1286892,2020/06/13 00:00:00+00,ATROPELLO,ATROPELLO,URBANA,IMPRUDENCIA DEL CONDUCTOR,CONDUCCION NO ATENTO CONDICIONES TRANSITO MOMENTO,0,0,0,1,11:35:00
-71.6160199,-33.046055,305,5,REGION VALPARAISO,5101,VALPARAISO,CHACABUCO,RODRIGUEZ,0,"Rodríguez & Chacabuco, Valparaíso, Chile",-33.046055,-71.6160199,1,GEOMETRIC_CENTER,2020,1287010,2020/06/04 00:00:00+00,COLISION,COLISION,URBANA,IMPRUDENCIA DEL CONDUCTOR,CONDUCCION NO ATENTO CONDICIONES TRANSITO MOMENTO,0,0,0,1,16:10:00
-71.5645214,-33.01954,306,5,REGION VALPARAISO,5109,VIÑA DEL MAR,LA MARINA, ,50,"Av. Marina 50, Viña del Mar, Valparaíso, Chile",-33.01954,-71.5645214,1,ROOFTOP,2020,1287062,2020/06/17 00:00:00+00,COLISION POR ALCANCE,COLISION,URBANA,IMPRUDENCIA DEL CONDUCTOR,CONDUCCION NO ATENTO CONDICIONES TRANSITO MOMENTO,0,0,0,0,14:30:00
-71.5477437,-33.0167665,307,5,REGION VALPARAISO,5109,VIÑA DEL MAR,SIETE NORTE,DOS ORIENTE,0,"2 Ote. & 7 Nte., Viña del Mar, Valparaíso, Chile",-33.0167665,-71.5477437,1,GEOMETRIC_CENTER,2020,1287055,2020/06/10 00:00:00+00,COLISION POR ALCANCE,COLISION,URBANA,IMPRUDENCIA DEL CONDUCTOR,CONDUCCION NO ATENTO CONDICIONES TRANSITO MOMENTO,0,0,0,0,08:50:00
-71.5410859,-33.0113361,308,5,REGION VALPARAISO,5109,VIÑA DEL MAR,DOCE NORTE,CINCO ORIENTE,0,"13 Nte. 1383, Viña del Mar, Valparaíso, Chile",-33.0113361,-71.5410859,1,ROOFTOP,2020,1287060,2020/06/11 00:00:00+00,COLISION POR ALCANCE,COLISION,URBANA,IMPRUDENCIA DEL CONDUCTOR,CONDUCCION NO ATENTO CONDICIONES TRANSITO MOMENTO,0,0,0,0,10:50:00
-71.5556586,-33.0177249,309,5,REGION VALPARAISO,5109,VIÑA DEL MAR,CINCO NORTE,CUATRO PONIENTE,0,"5 Nte. & 4 Pte., Viña del Mar, Valparaíso, Chile",-33.0177249,-71.5556586,1,GEOMETRIC_CENTER,2020,1287061,2020/06/12 00:00:00+00,IMPACTO CON ANIMAL,OTRO TIPO,URBANA,PERDIDA CONTROL VEHICULO,PERDIDA CONTROL VEHICULO,0,0,0,0,20:00:00
-71.5507445,-33.0184391,310,5,REGION VALPARAISO,5109,VIÑA DEL MAR,CINCO ORIENTE,LIBERTAD,0,"Av. Libertad & 5 Nte., Viña del Mar, Valparaíso, Chile",-33.0184391,-71.5507445,1,GEOMETRIC_CENTER,2020,1287067,2020/06/20 00:00:00+00,COLISION POR ALCANCE,COLISION,URBANA,DROGAS Y/O FATIGA EN CONDUCTOR,"CONDICIONES FISICAS DEFICIENTES (CANSANCIO, SUEÑO)",0,0,0,0,17:30:00
-71.5486345,-33.0230149,311,5,REGION VALPARAISO,5109,VIÑA DEL MAR,QUILLOTA,UNO NORTE,0,"Quillota & 1 Norte, Viña del Mar, Valparaíso, Chile",-33.0230149,-71.5486345,1,GEOMETRIC_CENTER,2020,1287069,2020/06/23 00:00:00+00,COLISION LATERAL,COLISION,URBANA,DESOBEDIENCIA A SEÑALIZACION,SEÑALIZACION DESOBEDECER LUZ ROJA DE SEMAFORO,0,1,0,0,16:10:00
-71.6021088,-33.5444467,312,5,REGION VALPARAISO,5603,CARTAGENA,BELLAVISTA, ,95,"Bellavista 95, Cartagena, Valparaíso, Chile",-33.5444467,-71.6021088,1,RANGE_INTERPOLATED,2020,1287114,2020/06/26 00:00:00+00,ATROPELLO,ATROPELLO,URBANA,IMPRUDENCIA DEL CONDUCTOR,CONDUCCION CONTRA SENTIDO DEL TRANSITO,0,0,0,2,16:40:00
-71.5728477,-33.1119288,313,5,REGION VALPARAISO,5101,VALPARAISO,CENTRAL,TERCERA,0,"Central & Tercera, Placilla, Valparaíso, Chile",-33.1119288,-71.5728477,1,GEOMETRIC_CENTER,2020,1287132,2020/06/29 00:00:00+00,COLISION LATERAL,COLISION,URBANA,IMPRUDENCIA DEL CONDUCTOR,CONDUCCION CAMBIAR SORPRESIVAMENTE PISTA CIRCULACION,0,0,0,0,08:55:00
-71.5638174,-33.1226179,314,5,REGION VALPARAISO,5101,VALPARAISO,UNDECIMA,CARMEN SILVA,0,"Undécima & Pasaje Carmen Silva, Placilla, Valparaíso, Chile",-33.1226179,-71.5638174,1,GEOMETRIC_CENTER,2020,1287141,2020/06/25 00:00:00+00,COLISION POR ALCANCE,COLISION,URBANA,IMPRUDENCIA DEL CONDUCTOR,CONDUCCION SIN MANTENER DISTANCIA RAZONABLE NI PRUDENTE,0,0,0,0,15:35:00
-70.9587073,-32.8044958,315,5,REGION VALPARAISO,5702,CATEMU,CHAGRES, ,0,"Chagres, Catemu, Valparaíso, Chile",-32.8044958,-70.9587073,1,APPROXIMATE,2020,1287392,2020/06/26 00:00:00+00,COLISION,COLISION,RURAL,IMPRUDENCIA DEL CONDUCTOR,CONDUCCION NO ATENTO CONDICIONES TRANSITO MOMENTO,0,0,0,1,15:00:00
-71.5836249,-33.0362203,316,5,REGION VALPARAISO,5101,VALPARAISO,LOS CEREZOS,BLURTON,0,"Los Cerezos & Blurton, Viña del Mar, Valparaíso, Chile",-33.0362203,-71.5836249,1,GEOMETRIC_CENTER,2020,1287363,2020/06/28 00:00:00+00,COLISION FRONTAL,COLISION,URBANA,IMPRUDENCIA DEL CONDUCTOR,CONDUCCION NO ATENTO CONDICIONES TRANSITO MOMENTO,0,0,0,1,10:45:00
-70.9596712,-32.8429158,317,5,REGION VALPARAISO,5703,LLAY LLAY,BERNARDO OHIGGINS,MANUEL RODRIGUEZ,0,"Manuel Rodríguez & Bernardo Ohiggins, Llay Llay, Llayllay, Valparaíso, Chile",-32.8429158,-70.9596712,1,GEOMETRIC_CENTER,2020,1287391,2020/06/20 00:00:00+00,COLISION,COLISION,URBANA,IMPRUDENCIA DEL CONDUCTOR,CONDUCCION NO ATENTO CONDICIONES TRANSITO MOMENTO,0,0,0,0,11:00:00
-70.9587073,-32.8044958,318,5,REGION VALPARAISO,5702,CATEMU,CHAGRES, ,0,"Chagres, Catemu, Valparaíso, Chile",-32.8044958,-70.9587073,1,APPROXIMATE,2020,1287397,2020/06/30 00:00:00+00,CHOQUE,CHOQUE,RURAL,PERDIDA CONTROL VEHICULO,PERDIDA CONTROL VEHICULO,0,0,0,1,13:00:00
-109.4279443,-27.1482215,319,5,REGION VALPARAISO,5201,ISLA DE PASCUA,ATAMU TEKENA, ,0,"Atamu Tekena, Hanga Roa, Isla de Pascua, Valparaíso, Chile",-27.1482215,-109.4279443,1,GEOMETRIC_CENTER,2020,1287406,2020/06/25 00:00:00+00,CHOQUE POSTERIOR,CHOQUE,URBANA,CAUSAS NO DETERMINADAS,CAUSAS NO DETERMINADAS,0,0,0,0,13:15:00
-71.3949969,-33.0348073,320,5,REGION VALPARAISO,5804,VILLA ALEMANA,LAS AMERICAS, ,1015,"Las Américas 1015, Villa Alemana, Valparaíso, Chile",-33.0348073,-71.3949969,1,ROOFTOP,2020,1287570,2020/06/25 00:00:00+00,COLISION,COLISION,URBANA,IMPRUDENCIA DEL CONDUCTOR,CONDUCCION NO ATENTO CONDICIONES TRANSITO MOMENTO,0,0,0,0,12:25:00
-71.6949475,-33.4102844,321,5,REGION VALPARAISO,5604,EL QUISCO,ISIDORO DUBOURNAIS, ,1425,"Av. Isidoro Dubournais 1425, Valparaíso, El Quisco, Valparaíso, Chile",-33.4102844,-71.6949475,1,ROOFTOP,2020,1287586,2020/06/30 00:00:00+00,COLISION POR ALCANCE,COLISION,URBANA,IMPRUDENCIA DEL CONDUCTOR,CONDUCCION NO ATENTO CONDICIONES TRANSITO MOMENTO,0,1,0,0,17:00:00
-71.4622087,-33.0577068,322,5,REGION VALPARAISO,5801,QUILPUE,CALDERA, ,1754,"Caldera 1754, Quilpué, Valparaíso, Chile",-33.0577068,-71.4622087,1,RANGE_INTERPOLATED,2020,1287608,2020/06/26 00:00:00+00,CHOQUE FRONTAL,CHOQUE,URBANA,PERDIDA CONTROL VEHICULO,PERDIDA CONTROL VEHICULO,0,0,0,0,23:00:00
-71.2634533,-32.9877235,323,5,REGION VALPARAISO,5802,LIMACHE,PALMIRA ROMANO SUR,FREIRE,0,"Palmira Romano Norte 910 Esquina Freire Limache, Valparaíso, Limache, Valparaíso, Chile",-32.9877235,-71.2634533,1,GEOMETRIC_CENTER,2020,1287646,2020/06/26 00:00:00+00,ATROPELLO,ATROPELLO,URBANA,IMPRUDENCIA DEL PEATON,PEATON CRUZA CALZADA FORMA SORPRESIVA O DESCUIDADA,0,1,0,0,10:00:00
-71.2357578,-32.8577047,324,5,REGION VALPARAISO,5501,QUILLOTA,VEINTIUNO DE MAYO,EL SAUCE,0,"Av. 21 de Mayo, Quillota, Valparaíso, Chile",-32.8577047,-71.2357578,1,GEOMETRIC_CENTER,2020,1287658,2020/06/30 00:00:00+00,CHOQUE LADO/LADO,CHOQUE,URBANA,IMPRUDENCIA DEL CONDUCTOR,ADELANTAMIENTO SIN EL ESPACIO O TIEMPO SUFICIENTE,0,0,0,0,15:30:00
-71.2599429,-33.007261,325,5,REGION VALPARAISO,5802,LIMACHE,INDEPENDENCIA,SGTO ALDEA,0,"Av. Independencia & Sgto. Aldea, Limache, Valparaíso, Chile",-33.007261,-71.2599429,1,GEOMETRIC_CENTER,2020,1287705,2020/06/30 00:00:00+00,COLISION LATERAL,COLISION,URBANA,IMPRUDENCIA DEL CONDUCTOR,CONDUCCION SIN MANTENER DISTANCIA RAZONABLE NI PRUDENTE,0,0,0,1,07:34:00
-70.5976821,-32.8309422,326,5,REGION VALPARAISO,5301,LOS ANDES,SANTA ROSA,TRES CARRERA,0,"Santa Rosa & Tres Carrera, Los Andes, Valparaíso, Chile",-32.8309422,-70.5976821,1,GEOMETRIC_CENTER,2020,1287770,2020/06/13 00:00:00+00,COLISION POR ALCANCE,COLISION,URBANA,IMPRUDENCIA DEL CONDUCTOR,CONDUCCION NO ATENTO CONDICIONES TRANSITO MOMENTO,0,0,0,0,15:10:00
-70.5944389,-32.8263456,327,5,REGION VALPARAISO,5301,LOS ANDES,HERMANOS CLARK,EL MIRADOR,0,"El Mirador & Hermanos Clark, Los Andes, Valparaíso, Chile",-32.8263456,-70.5944389,1,GEOMETRIC_CENTER,2020,1287780,2020/06/15 00:00:00+00,COLISION LATERAL,COLISION,URBANA,IMPRUDENCIA DEL CONDUCTOR,ADELANTAMIENTO SIN EL ESPACIO O TIEMPO SUFICIENTE,0,0,0,0,14:30:00
-70.653263,-32.8268162,328,5,REGION VALPARAISO,5301,LOS ANDES,LOS VILLARES, ,5000,"Los Villares 5000, Los Andes, Valparaíso, Chile",-32.8268162,-70.653263,1,RANGE_INTERPOLATED,2020,1287802,2020/06/15 00:00:00+00,CHOQUE FRENTE/POSTERIOR,CHOQUE,URBANA,IMPRUDENCIA DEL CONDUCTOR,CONDUCCION NO ATENTO CONDICIONES TRANSITO MOMENTO,0,0,0,0,18:30:00
-71.4049388,-33.0721772,329,5,REGION VALPARAISO,5801,QUILPUE,MARGA MARGA,RAMON ANGEL JARA,0,"Marga Marga & Ramón Ángel Jara, Quilpué, Valparaíso, Chile",-33.0721772,-71.4049388,1,GEOMETRIC_CENTER,2020,1287909,2020/05/16 00:00:00+00,CHOQUE FRENTE/POSTERIOR,CHOQUE,URBANA,IMPRUDENCIA DEL CONDUCTOR,CONDUCCION SIN MANTENER DISTANCIA RAZONABLE NI PRUDENTE,0,0,0,1,19:30:00
-71.66106,-33.443481,330,5,REGION VALPARAISO,5605,EL TABO,ARMANDO CELIS,EL COIPO,0,"El Tabo, El Quisco, Valparaíso, Chile",-33.443481,-71.66106,1,GEOMETRIC_CENTER,2020,1287942,2020/07/02 00:00:00+00,CHOQUE LATERAL,CHOQUE,URBANA,VELOCIDAD IMPRUDENTE,VELOCIDAD NO RAZONABLE NI PRUDENTE,1,3,0,1,08:00:00
-71.1401832,-32.8123657,331,5,REGION VALPARAISO,5503,HIJUELAS,MANUEL RODRIGUEZ,CUATRO ESQUINAS,0,"F-301-E 2939, Hijuelas, Valparaíso, Chile",-32.8123657,-71.1401832,1,ROOFTOP,2020,1288013,2020/06/30 00:00:00+00,COLISION LATERAL,COLISION,URBANA,IMPRUDENCIA DEL CONDUCTOR,ADELANTAMIENTO SIN EL ESPACIO O TIEMPO SUFICIENTE,0,0,0,0,18:35:00
-71.1401832,-32.8123657,332,5,REGION VALPARAISO,5503,HIJUELAS,CUATRO ESQUINAS, ,1,"F-301-E 2939, Hijuelas, Valparaíso, Chile",-32.8123657,-71.1401832,1,ROOFTOP,2020,1288014,2020/07/01 00:00:00+00,CHOQUE FRENTE/POSTERIOR,CHOQUE,URBANA,OTRAS CAUSAS,OTRAS CAUSAS,0,0,0,0,20:45:00
-70.6263656,-32.8557701,333,5,REGION VALPARAISO,5302,CALLE LARGA,CALLE LARGA, ,2090,"C. Larga, Los Andes, Calle Larga, Valparaíso, Chile",-32.8557701,-70.6263656,1,GEOMETRIC_CENTER,2020,1288016,2020/06/18 00:00:00+00,CHOQUE FRENTE/LADO,CHOQUE,URBANA,IMPRUDENCIA DEL CONDUCTOR,CONDUCCION NO ATENTO CONDICIONES TRANSITO MOMENTO,0,0,0,0,12:30:00
-71.4026024,-33.0460769,334,5,REGION VALPARAISO,5801,QUILPUE,FREIRE,INES DE SUAREZ,0,"Freire & Inés de Suárez, Quilpué, Valparaíso, Chile",-33.0460769,-71.4026024,1,GEOMETRIC_CENTER,2020,1288146,2020/07/02 00:00:00+00,COLISION LATERAL,COLISION,URBANA,IMPRUDENCIA DEL CONDUCTOR,CONDUCCION CAMBIAR SORPRESIVAMENTE PISTA CIRCULACION,0,0,0,0,19:00:00
-71.5206783,-33.038232,335,5,REGION VALPARAISO,5109,VIÑA DEL MAR,CAMINO TRONCAL, ,3200,"Cam. Troncal 3200, Viña del Mar, Valparaíso, Chile",-33.038232,-71.5206783,1,RANGE_INTERPOLATED,2020,1288161,2020/07/04 00:00:00+00,CHOQUE FRENTE/POSTERIOR,CHOQUE,URBANA,IMPRUDENCIA DEL CONDUCTOR,CONDUCCION SIN MANTENER DISTANCIA RAZONABLE NI PRUDENTE,0,0,0,0,16:30:00
-71.4306818,-33.0485247,336,5,REGION VALPARAISO,5801,QUILPUE,LOS CARRERA,PEYRONET,0,"Peyronet & Av. Los Carrera, Quilpué, Valparaíso, Chile",-33.0485247,-71.4306818,1,GEOMETRIC_CENTER,2020,1288162,2020/07/04 00:00:00+00,COLISION POR ALCANCE,COLISION,URBANA,IMPRUDENCIA DEL CONDUCTOR,CONDUCCION SIN MANTENER DISTANCIA RAZONABLE NI PRUDENTE,0,0,0,0,13:00:00
-71.629166,-33.038387,337,5,REGION VALPARAISO,5101,VALPARAISO,COCHRANE,SOTOMAYOR,0,"Cochrane & Sotomayor, Valparaíso, Chile",-33.038387,-71.629166,1,GEOMETRIC_CENTER,2020,1288173,2020/06/28 00:00:00+00,COLISION,COLISION,URBANA,DESOBEDIENCIA A SEÑALIZACION,SEÑALIZACION DESOBEDECER SEÑAL PARE,0,0,0,1,20:45:00
-71.6050338,-33.0506862,338,5,REGION VALPARAISO,5101,VALPARAISO,INDEPENDENCIA,RANCAGUA,0,"Rancagua & Independencia, Valparaíso, Chile",-33.0506862,-71.6050338,1,GEOMETRIC_CENTER,2020,1288174,2020/07/01 00:00:00+00,COLISION,COLISION,URBANA,DESOBEDIENCIA A SEÑALIZACION,SEÑALIZACION DESOBEDECER SEÑAL PARE,0,0,0,1,16:00:00
-71.6475704,-33.028155,339,5,REGION VALPARAISO,5101,VALPARAISO,DECIMA, ,2453,"Décima, Valparaíso, Chile",-33.028155,-71.6475704,1,GEOMETRIC_CENTER,2020,1288223,2020/07/03 00:00:00+00,CHOQUE POSTERIOR/FRENTE,CHOQUE,URBANA,IMPRUDENCIA DEL CONDUCTOR,CONDUCIR VEHICULO EN RETROCESO,0,0,0,0,13:30:00
-71.5544905,-33.1154929,340,5,REGION VALPARAISO,5101,VALPARAISO,ESPAÑA,MARTINEZ CRUZ,0,"Martinez Cruz - Holanda / Norte, Placilla, Valparaíso, Chile",-33.1154929,-71.5544905,1,GEOMETRIC_CENTER,2020,1288227,2020/07/03 00:00:00+00,CHOQUE LATERAL,CHOQUE,URBANA,IMPRUDENCIA DEL CONDUCTOR,CONDUCCION NO ATENTO CONDICIONES TRANSITO MOMENTO,0,0,0,0,18:30:00
-71.5572734,-33.0459409,341,5,REGION VALPARAISO,5109,VIÑA DEL MAR,LAS PALMAS, ,2800,"Las Palmas, Viña del Mar, Valparaíso, Chile",-33.0459409,-71.5572734,1,GEOMETRIC_CENTER,2020,1288228,2020/06/10 00:00:00+00,CHOQUE FRENTE/POSTERIOR,CHOQUE,URBANA,IMPRUDENCIA DEL CONDUCTOR,CONDUCCION NO ATENTO CONDICIONES TRANSITO MOMENTO,0,0,0,1,08:35:00
-70.7264071,-32.7511235,342,5,REGION VALPARAISO,5701,SAN FELIPE,MERCED, ,220,"Merced 220, San Felipe, Valparaíso, Chile",-32.7511235,-70.7264071,1,ROOFTOP,2020,1288297,2020/07/01 00:00:00+00,COLISION,COLISION,URBANA,IMPRUDENCIA DEL CONDUCTOR,CONDUCIR VEHICULO EN RETROCESO,0,0,0,0,15:00:00
-71.5015321,-33.0187004,343,5,REGION VALPARAISO,5109,VIÑA DEL MAR,MANUEL PLAZA,CARLOS IBAÑEZ DEL CAMPO,0,"Carlos Ibáñez del Campo & Manuel Plaza, Viña del Mar, Valparaíso, Chile",-33.0187004,-71.5015321,1,GEOMETRIC_CENTER,2020,1288344,2020/06/04 00:00:00+00,COLISION LATERAL,COLISION,URBANA,IMPRUDENCIA DEL CONDUCTOR,CONDUCCION NO ATENTO CONDICIONES TRANSITO MOMENTO,0,0,0,0,12:30:00
-71.5409236,-33.0459535,344,5,REGION VALPARAISO,5109,VIÑA DEL MAR,ROGELIO ASTUDILLO,LAS VERTIENTES,0,"Las Vertientes & Rogelio Astudillo, Viña del Mar, Valparaíso, Chile",-33.0459535,-71.5409236,1,GEOMETRIC_CENTER,2020,1288346,2020/06/07 00:00:00+00,CHOQUE FRONTAL,CHOQUE,URBANA,IMPRUDENCIA DEL CONDUCTOR,CONDUCCION NO ATENTO CONDICIONES TRANSITO MOMENTO,0,0,0,0,12:00:00
-71.3759345,-33.0441761,345,5,REGION VALPARAISO,5804,VILLA ALEMANA,VALPARAISO, ,860,"Av. Valparaíso 860, Villa Alemana, Valparaíso, Chile",-33.0441761,-71.3759345,1,ROOFTOP,2020,1288391,2020/07/02 00:00:00+00,COLISION,COLISION,URBANA,IMPRUDENCIA DEL CONDUCTOR,CONDUCCION NO ATENTO CONDICIONES TRANSITO MOMENTO,0,0,0,0,15:10:00
-71.5006334,-32.9883053,346,5,REGION VALPARAISO,5109,VIÑA DEL MAR,CAMINO INTERNACIONAL, ,27850,"Cam. Internacional 27850, Viña del Mar, Valparaíso, Chile",-32.9883053,-71.5006334,1,RANGE_INTERPOLATED,2020,1288424,2020/06/14 00:00:00+00,VOLCADURA,VOLCADURA,URBANA,PERDIDA CONTROL VEHICULO,PERDIDA CONTROL VEHICULO,0,0,0,2,12:30:00
-71.5027197,-33.0101184,347,5,REGION VALPARAISO,5109,VIÑA DEL MAR,LAS MAGNOLIAS,LAS AZUCENAS,0,"Avenida Las Azucenas & Las Magnolias, Viña del Mar, Valparaíso, Chile",-33.0101184,-71.5027197,1,GEOMETRIC_CENTER,2020,1288429,2020/06/16 00:00:00+00,COLISION,COLISION,URBANA,IMPRUDENCIA DEL CONDUCTOR,CONDUCCION NO ATENTO CONDICIONES TRANSITO MOMENTO,0,0,0,1,18:30:00
-71.4022526,-33.0593822,348,5,REGION VALPARAISO,5801,QUILPUE,RAMON ANGEL JARA,RIO MAULLIN,0,"Ramón Ángel Jara, Quilpué, Valparaíso, Chile",-33.0593822,-71.4022526,1,GEOMETRIC_CENTER,2020,1320663,2020/12/24 00:00:00+00,COLISION PERPENDICULAR,COLISION,URBANA,ALCOHOL EN CONDUCTOR,CONDUCCION EN ESTADO DE EBRIEDAD,0,0,0,2,22:15:00
-71.4128337,-33.3133878,349,5,REGION VALPARAISO,5102,CASABLANCA,ALEJANDRO GALAZ,JUAN VERDAGUER,0,"Alejandro Galaz & Juan Verdaguer, Casablanca, Valparaíso, Chile",-33.3133878,-71.4128337,1,GEOMETRIC_CENTER,2020,1288456,2020/07/05 00:00:00+00,CHOQUE FRONTAL,CHOQUE,URBANA,CAUSAS NO DETERMINADAS,CAUSAS NO DETERMINADAS,0,0,0,0,01:30:00
-71.6135751,-33.5885068,350,5,REGION VALPARAISO,5601,SAN ANTONIO,SANFUENTES,ALAN MACOWAN,0,"Sanfuentes & Alan Macowan, San Antonio, Valparaíso, Chile",-33.5885068,-71.6135751,1,GEOMETRIC_CENTER,2020,1288487,2020/06/30 00:00:00+00,OTRO TIPO,OTRO TIPO,URBANA,OTRAS CAUSAS,OTRAS CAUSAS,0,0,0,0,20:00:00
-71.6258813,-33.5780202,351,5,REGION VALPARAISO,5601,SAN ANTONIO,ANTONIO NUÑEZ DE FONSECA, ,2590,"Antonio Núñez de Fonseca, San Antonio, Valparaíso, Chile",-33.5780202,-71.6258813,1,GEOMETRIC_CENTER,2020,1288491,2020/07/02 00:00:00+00,COLISION LATERAL,COLISION,URBANA,IMPRUDENCIA DEL CONDUCTOR,CONDUCCION NO ATENTO CONDICIONES TRANSITO MOMENTO,0,0,0,0,12:00:00
-71.2454015,-32.8806165,352,5,REGION VALPARAISO,5501,QUILLOTA,CONCEPCION,FREIRE,0,"La Concepción & Calle Ramón Freire, Quillota, Valparaíso, Chile",-32.8806165,-71.2454015,1,GEOMETRIC_CENTER,2020,1288526,2020/07/06 00:00:00+00,COLISION,COLISION,URBANA,IMPRUDENCIA DEL CONDUCTOR,CONDUCCION NO ATENTO CONDICIONES TRANSITO MOMENTO,0,1,0,0,11:40:00
-71.6132614,-33.5938556,353,5,REGION VALPARAISO,5601,SAN ANTONIO,CHILE, ,12,"Barros Luco 1613, P 12 San Antoni, San Antonio, Valparaíso, Chile",-33.5938556,-71.6132614,1,ROOFTOP,2020,1288538,2020/07/03 00:00:00+00,COLISION,COLISION,URBANA,IMPRUDENCIA DEL CONDUCTOR,CONDUCCION NO ATENTO CONDICIONES TRANSITO MOMENTO,0,0,0,0,18:10:00