X,Y,FID,COD_REG,REGION,CUT,COMUNA,CALLE_UNO,CALLE_DOS,NUMERO,DIR_GEOCOD,LAT,LNG,VAL_COM,TIPO,Año,Idaccident,Fecha,Tipo_Accid,Tipo__CONA,Zona,Causa__CON,Causa,Fallecidos,Graves,Menos_Grav,Leves,Hora
-71.2598443,-32.8816773,354,5,REGION VALPARAISO,5501,QUILLOTA,CHACABUCO, ,285,"Chacabuco 285, Quillota, Valparaíso, Chile",-32.8816773,-71.2598443,1,RANGE_INTERPOLATED,2020,1288590,2020/07/07 00:00:00+00,CHOQUE,CHOQUE,URBANA,IMPRUDENCIA DEL CONDUCTOR,CONDUCCION NO ATENTO CONDICIONES TRANSITO MOMENTO,0,0,0,0,15:30:00
-71.1924095,-32.7863718,355,5,REGION VALPARAISO,5502,CALERA,DIEGO LILLO,CAUPOLICAN,0,"Diego Lillo & Caupolicán, La Calera, Calera, Valparaíso, Chile",-32.7863718,-71.1924095,1,GEOMETRIC_CENTER,2020,1288594,2020/07/07 00:00:00+00,COLISION LATERAL,COLISION,URBANA,IMPRUDENCIA DEL CONDUCTOR,NO RESPETAR DERECHO PREFERENTE DE PASO A VEHICULO,0,0,0,0,12:15:00
-71.1902359,-32.7849819,356,5,REGION VALPARAISO,5502,CALERA,JOSE JOAQUIN PEREZ,JOSEFINA,0,"J. J. Pérez & Josefina, La Calera, Calera, Valparaíso, Chile",-32.7849819,-71.1902359,1,GEOMETRIC_CENTER,2020,1288596,2020/07/07 00:00:00+00,ATROPELLO,ATROPELLO,URBANA,IMPRUDENCIA DEL CONDUCTOR,NO RESPETAR DERECHO PREFERENTE DE PASO A PEATON,0,0,0,1,13:10:00
-70.5960429,-32.8302051,357,5,REGION VALPARAISO,5301,LOS ANDES,MAIPU,ARGENTINA,0,"Maipú & Avenida Argentina, Los Andes, Valparaíso, Chile",-32.8302051,-70.5960429,1,GEOMETRIC_CENTER,2020,1288698,2020/06/26 00:00:00+00,COLISION LATERAL,COLISION,URBANA,IMPRUDENCIA DEL CONDUCTOR,CONDUCCION NO ATENTO CONDICIONES TRANSITO MOMENTO,0,0,0,0,07:25:00
-70.6066635,-32.8436723,358,5,REGION VALPARAISO,5301,LOS ANDES,HUENUMAN,LICANRAY,0,"Huenuman & Licanray, Los Andes, Valparaíso, Chile",-32.8436723,-70.6066635,1,GEOMETRIC_CENTER,2020,1288704,2020/06/29 00:00:00+00,COLISION LATERAL,COLISION,URBANA,IMPRUDENCIA DEL CONDUCTOR,CONDUCCION NO ATENTO CONDICIONES TRANSITO MOMENTO,0,0,0,1,15:13:00
-70.6263656,-32.8557701,359,5,REGION VALPARAISO,5302,CALLE LARGA,CALLE LARGA,PUENTE CASTILLO,0,"C. Larga, Los Andes, Calle Larga, Valparaíso, Chile",-32.8557701,-70.6263656,1,GEOMETRIC_CENTER,2020,1288712,2020/06/30 00:00:00+00,CHOQUE,CHOQUE,URBANA,PERDIDA CONTROL VEHICULO,PERDIDA CONTROL VEHICULO,0,0,0,1,06:45:00
-71.5505308,-33.0174223,360,5,REGION VALPARAISO,5109,VIÑA DEL MAR,LIBERTAD,SEIS NORTE,0,"Av. Libertad & 6 Nte., Viña del Mar, Valparaíso, Chile",-33.0174223,-71.5505308,1,GEOMETRIC_CENTER,2020,1288761,2020/07/03 00:00:00+00,COLISION POR ALCANCE,COLISION,URBANA,IMPRUDENCIA DEL CONDUCTOR,CONDUCCION NO ATENTO CONDICIONES TRANSITO MOMENTO,0,0,0,0,20:00:00
-70.949769,-32.8397727,361,5,REGION VALPARAISO,5703,LLAY LLAY,AGUSTIN EDWARDS, ,484,"Agustín Edwards 484, Llay Llay, Llayllay, Valparaíso, Chile",-32.8397727,-70.949769,1,ROOFTOP,2020,1288762,2020/07/02 00:00:00+00,COLISION,COLISION,URBANA,IMPRUDENCIA DEL CONDUCTOR,CONDUCIR VEHICULO EN RETROCESO,0,0,0,0,20:00:00
-71.5295233,-33.0353594,362,5,REGION VALPARAISO,5109,VIÑA DEL MAR,ALVAREZ,MIRAFLORES,0,"Miraflores & Álvarez, Viña del Mar, Valparaíso, Chile",-33.0353594,-71.5295233,1,GEOMETRIC_CENTER,2020,1288765,2020/07/08 00:00:00+00,COLISION POR ALCANCE,COLISION,URBANA,IMPRUDENCIA DEL CONDUCTOR,CONDUCCION NO ATENTO CONDICIONES TRANSITO MOMENTO,0,0,0,0,07:30:00
-70.7240975,-32.7539421,363,5,REGION VALPARAISO,5701,SAN FELIPE,PORTUS,SAN MARTIN,0,"Portus & San Martín, San Felipe, Valparaíso, Chile",-32.7539421,-70.7240975,1,GEOMETRIC_CENTER,2020,1288766,2020/07/03 00:00:00+00,COLISION,COLISION,URBANA,DESOBEDIENCIA A SEÑALIZACION,SEÑALIZACION DESOBEDECER SEÑAL PARE,0,0,0,2,13:30:00
-71.5114094,-32.9996,364,5,REGION VALPARAISO,5109,VIÑA DEL MAR,ALESSANDRI,LIRA,0,"Juan Enrique Lira & Alessandri, Viña del Mar, Valparaíso, Chile",-32.9996,-71.5114094,1,GEOMETRIC_CENTER,2020,1288803,2020/06/12 00:00:00+00,COLISION POR ALCANCE,COLISION,URBANA,PERDIDA CONTROL VEHICULO,PERDIDA CONTROL VEHICULO,0,0,0,2,15:00:00
-71.5009726,-33.0514444,365,5,REGION VALPARAISO,5109,VIÑA DEL MAR,TRONCAL SUR, ,104700,"Autop. Troncal Sur, Viña del Mar, Valparaíso, Chile",-33.0514444,-71.5009726,1,GEOMETRIC_CENTER,2020,1288812,2020/06/22 00:00:00+00,CHOQUE FRENTE/POSTERIOR,CHOQUE,URBANA,IMPRUDENCIA DEL CONDUCTOR,CONDUCCION NO ATENTO CONDICIONES TRANSITO MOMENTO,0,0,0,0,18:30:00
-71.4999237,-33.0312947,366,5,REGION VALPARAISO,5109,VIÑA DEL MAR,LENOX, ,275,"Lennox 275, Viña del Mar, Valparaíso, Chile",-33.0312947,-71.4999237,1,ROOFTOP,2020,1288823,2020/06/05 00:00:00+00,COLISION POR ALCANCE,COLISION,URBANA,IMPRUDENCIA DEL CONDUCTOR,CONDUCCION NO ATENTO CONDICIONES TRANSITO MOMENTO,0,0,0,0,17:00:00
-71.5469384,-33.0083108,367,5,REGION VALPARAISO,5109,VIÑA DEL MAR,ALESSANDRI,BENIDORM,0,"Alessandri & Avenida Benidorm, Viña del Mar, Valparaíso, Chile",-33.0083108,-71.5469384,1,GEOMETRIC_CENTER,2020,1288885,2020/07/08 00:00:00+00,CHOQUE FRONTAL,CHOQUE,URBANA,PERDIDA CONTROL VEHICULO,PERDIDA CONTROL VEHICULO,0,0,0,1,08:20:00
-71.3379203,-33.0517987,368,5,REGION VALPARAISO,5804,VILLA ALEMANA,EL RINCON,MANUEL MONTT,0,"Manuel Montt & El Rincón, Villa Alemana, Valparaíso, Chile",-33.0517987,-71.3379203,1,GEOMETRIC_CENTER,2020,1288893,2020/07/07 00:00:00+00,ATROPELLO,ATROPELLO,URBANA,IMPRUDENCIA DEL CONDUCTOR,CONDUCCION NO ATENTO CONDICIONES TRANSITO MOMENTO,0,0,0,1,17:00:00
-71.3996859,-33.0390698,369,5,REGION VALPARAISO,5801,QUILPUE,LOS NARANJOS,RAFAEL FABRES,0,"Los Naranjos & Rafael Fabres, Villa Alemana, Valparaíso, Chile",-33.0390698,-71.3996859,1,GEOMETRIC_CENTER,2020,1288910,2020/07/09 00:00:00+00,COLISION PERPENDICULAR,COLISION,URBANA,DESOBEDIENCIA A SEÑALIZACION,SEÑALIZACION DESOBEDECER SEÑAL CEDA EL PASO,0,0,0,0,15:40:00
-70.5756402,-32.8018373,370,5,REGION VALPARAISO,5304,SAN ESTEBAN,26 DE DICIEMBRE, ,1080,"26 de Diciembre 1080, San Esteban, Valparaíso, Chile",-32.8018373,-70.5756402,1,RANGE_INTERPOLATED,2020,1288999,2020/07/03 00:00:00+00,COLISION LATERAL,COLISION,URBANA,ALCOHOL EN CONDUCTOR,CONDUCCION EN ESTADO DE EBRIEDAD,0,0,0,0,23:40:00
-70.6937107,-32.8600017,371,5,REGION VALPARAISO,5303,RINCONADA,PEDRO DE VALDIVIA,CASUTO,0,"Casuto, Rinconada, Valparaíso, Chile",-32.8600017,-70.6937107,1,APPROXIMATE,2020,1289036,2020/07/07 00:00:00+00,VOLCADURA,VOLCADURA,URBANA,PERDIDA CONTROL VEHICULO,PERDIDA CONTROL VEHICULO,0,0,0,1,14:40:00
-71.6942536,-33.4014693,372,5,REGION VALPARAISO,5604,EL QUISCO,ISIDORO DUBOURNAIS,DEL ECUADOR,0,"Av. Isidoro Dubournais 555, El Quisco, Valparaíso, Chile",-33.4014693,-71.6942536,1,ROOFTOP,2020,1289126,2020/06/07 00:00:00+00,COLISION POR ALCANCE,COLISION,URBANA,IMPRUDENCIA DEL CONDUCTOR,CONDUCCION NO ATENTO CONDICIONES TRANSITO MOMENTO,0,0,0,0,11:30:00
-71.6558477,-33.3594808,373,5,REGION VALPARAISO,5602,ALGARROBO,AGUAS MARINA,CORINA ARAVENA,0,"Avenida Aguas Marinas & Corina Aravena, Algarrobo, Valparaíso, Chile",-33.3594808,-71.6558477,1,GEOMETRIC_CENTER,2020,1289130,2020/07/09 00:00:00+00,COLISION LATERAL,COLISION,URBANA,IMPRUDENCIA DEL CONDUCTOR,CONDUCCION NO ATENTO CONDICIONES TRANSITO MOMENTO,0,0,0,3,08:00:00
-71.4022934,-33.0600632,374,5,REGION VALPARAISO,5801,QUILPUE,RAMON ANGEL JARA,TRONCOS VIEJOS,0,"Troncos Viejos & Ramón Ángel Jara, Quilpué, Valparaíso, Chile",-33.0600632,-71.4022934,1,GEOMETRIC_CENTER,2020,1289133,2020/07/12 00:00:00+00,COLISION FRONTAL,COLISION,URBANA,ALCOHOL EN CONDUCTOR,CONDUCCION EN ESTADO DE EBRIEDAD,0,0,0,0,14:03:00
-70.6027551,-32.8365096,375,5,REGION VALPARAISO,5301,LOS ANDES,CHACABUCO,YERBAS BUENAS,0,"Yerbas Buenas & Avenida Chacabuco, Los Andes, Valparaíso, Chile",-32.8365096,-70.6027551,1,GEOMETRIC_CENTER,2020,1289147,2020/07/09 00:00:00+00,COLISION LATERAL,COLISION,URBANA,DESOBEDIENCIA A SEÑALIZACION,SEÑALIZACION DESOBEDECER SEÑAL PARE,0,0,0,0,12:00:00
-70.5849518,-32.7971496,376,5,REGION VALPARAISO,5304,SAN ESTEBAN,TEODORO ZENTENO,SEVERO VARGAS,0,"Alcalde Teodoro Zenteno 22, San Esteban, Valparaíso, Chile",-32.7971496,-70.5849518,1,ROOFTOP,2020,1289153,2020/07/09 00:00:00+00,COLISION POR ALCANCE,COLISION,URBANA,IMPRUDENCIA DEL CONDUCTOR,CONDUCIR VEHICULO EN RETROCESO,0,0,0,0,12:20:00
-71.6479909,-33.4444374,377,5,REGION VALPARAISO,5605,EL TABO,ARMANDO CELIS, ,4,"Av. Armando Celis, El Tabo, Valparaíso, Chile",-33.4444374,-71.6479909,1,GEOMETRIC_CENTER,2020,1289164,2020/07/03 00:00:00+00,COLISION,COLISION,URBANA,ALCOHOL EN CONDUCTOR,CONDUCCION BAJO LA INFLUENCIA DEL ALCOHOL,0,0,0,2,21:50:00
-71.5121492,-32.9262476,378,5,REGION VALPARAISO,5103,CONCON,LOS MANANTIALES, ,152,"Los Manantiales 152, Concón, Valparaíso, Chile",-32.9262476,-71.5121492,1,RANGE_INTERPOLATED,2020,1289191,2020/07/07 00:00:00+00,CHOQUE LATERAL,CHOQUE,URBANA,IMPRUDENCIA DEL CONDUCTOR,CONDUCCION NO ATENTO CONDICIONES TRANSITO MOMENTO,0,0,0,0,17:30:00
-71.6268768,-33.0414848,379,5,REGION VALPARAISO,5101,VALPARAISO,SEGUNDA DEL SUR,CALETERA,0,"Cerro Concepción - Abtao 675, Valparaíso, Chile",-33.0414848,-71.6268768,1,ROOFTOP,2020,1289299,2020/07/05 00:00:00+00,COLISION FRONTAL,COLISION,URBANA,IMPRUDENCIA DEL CONDUCTOR,CONDUCCION CONTRA SENTIDO DEL TRANSITO,0,0,0,0,21:05:00
-71.4314606,-33.0525812,380,5,REGION VALPARAISO,5801,QUILPUE,PEYRONET,BUENOS AIRES,0,"Peyronet & Buenos Aires, Quilpué, Valparaíso, Chile",-33.0525812,-71.4314606,1,GEOMETRIC_CENTER,2020,1289332,2020/07/13 00:00:00+00,COLISION PERPENDICULAR,COLISION,URBANA,DESOBEDIENCIA A SEÑALIZACION,SEÑALIZACION DESOBEDECER SEÑAL PARE,0,1,0,2,08:00:00
-71.5054907,-33.0350719,381,5,REGION VALPARAISO,5109,VIÑA DEL MAR,EDUARDO TITUS, ,11,"Eduardo Titus 11, Viña del Mar, Valparaíso, Chile",-33.0350719,-71.5054907,1,ROOFTOP,2020,1293804,2020/07/24 00:00:00+00,COLISION,COLISION,URBANA,IMPRUDENCIA DEL CONDUCTOR,CONDUCCION NO ATENTO CONDICIONES TRANSITO MOMENTO,0,0,0,0,08:00:00
-71.5180125,-32.9307045,382,5,REGION VALPARAISO,5103,CONCON,MAGALLANES,CONCON REÑACA,0,"Magallanes & Av. Concón Reñaca Ote., Concón, Valparaíso, Chile",-32.9307045,-71.5180125,1,GEOMETRIC_CENTER,2020,1289378,2020/07/12 00:00:00+00,CHOQUE LATERAL,CHOQUE,URBANA,IMPRUDENCIA DEL CONDUCTOR,CONDUCCION NO ATENTO CONDICIONES TRANSITO MOMENTO,0,0,0,0,17:35:00
-70.6587073,-32.7470027,383,5,REGION VALPARAISO,5706,SANTA MARIA,OHIGGINS,OCTAVIO LAZCANO,0,"Santa Maria, Valparaíso, Chile",-32.7470027,-70.6587073,1,APPROXIMATE,2020,1289418,2020/07/09 00:00:00+00,VOLCADURA,VOLCADURA,RURAL,PERDIDA CONTROL VEHICULO,PERDIDA CONTROL VEHICULO,0,0,0,2,16:00:00
-70.7246659,-32.7514701,384,5,REGION VALPARAISO,5701,SAN FELIPE,COMBATE LAS COIMAS,MERCED,0,"Combate de Las Coimas & Merced, San Felipe, Valparaíso, Chile",-32.7514701,-70.7246659,1,GEOMETRIC_CENTER,2020,1289425,2020/07/09 00:00:00+00,CHOQUE FRONTAL,CHOQUE,URBANA,PERDIDA CONTROL VEHICULO,PERDIDA CONTROL VEHICULO,0,0,0,1,02:20:00
-71.4615622,-33.044039,385,5,REGION VALPARAISO,5801,QUILPUE,OCTAVA,LOS CARRERA,0,"Avenida Los Carrera & Octava, Quilpué, Valparaíso, Chile",-33.044039,-71.4615622,1,GEOMETRIC_CENTER,2020,1289460,2020/07/14 00:00:00+00,COLISION PERPENDICULAR,COLISION,URBANA,DESOBEDIENCIA A SEÑALIZACION,SEÑALIZACION DESOBEDECER LUZ ROJA DE SEMAFORO,0,0,0,0,11:30:00
-71.4358648,-33.0468993,386,5,REGION VALPARAISO,5801,QUILPUE,BLANCO ENCALADA,CAUPOLICAN,0,"Caupolicán & Blanco Encalada, Quilpué, Valparaíso, Chile",-33.0468993,-71.4358648,1,GEOMETRIC_CENTER,2020,1289468,2020/07/14 00:00:00+00,COLISION PERPENDICULAR,COLISION,URBANA,IMPRUDENCIA DEL CONDUCTOR,ADELANTAMIENTO SIN EFECTUAR LA SEÑAL RESPECTIVA,0,0,0,0,13:25:00
-71.6338858,-33.0328393,387,5,REGION VALPARAISO,5101,VALPARAISO,CARAMPANGUE,SUBIDA ARTILLERIA,0,"Carampangue, Valparaíso, Chile",-33.0328393,-71.6338858,1,GEOMETRIC_CENTER,2020,1293928,2020/08/10 00:00:00+00,COLISION PERPENDICULAR,COLISION,URBANA,VELOCIDAD IMPRUDENTE,VELOCIDAD NO RAZONABLE NI PRUDENTE,0,1,0,1,13:00:00
-71.2455043,-32.8817546,388,5,REGION VALPARAISO,5501,QUILLOTA,FREIRE,PUDETO,0,"Pudeto & Calle Ramón Freire, Quillota, Valparaíso, Chile",-32.8817546,-71.2455043,1,GEOMETRIC_CENTER,2020,1289491,2020/07/14 00:00:00+00,COLISION,COLISION,URBANA,DESOBEDIENCIA A SEÑALIZACION,SEÑALIZACION DESOBEDECER SEÑAL PARE,0,0,0,1,10:55:00
-71.5114236,-32.9215122,389,5,REGION VALPARAISO,5103,CONCON,MAROTO,CALLE ONCE,0,"Maroto & Calle 11, Concón, Valparaíso, Chile",-32.9215122,-71.5114236,1,GEOMETRIC_CENTER,2020,1289509,2020/07/12 00:00:00+00,COLISION LATERAL,COLISION,URBANA,IMPRUDENCIA DEL CONDUCTOR,CONDUCCION NO ATENTO CONDICIONES TRANSITO MOMENTO,0,0,0,1,19:05:00
-71.647216,-33.0428037,390,5,REGION VALPARAISO,5101,VALPARAISO,JOSE MARIA CARO,FEDERICO SANTA MARIA,0,"José María Caro & Avenida Federico Santa Maria, Valparaíso, Chile",-33.0428037,-71.647216,1,GEOMETRIC_CENTER,2020,1289538,2020/07/01 00:00:00+00,ATROPELLO,ATROPELLO,URBANA,IMPRUDENCIA DEL PEATON,PEATON CRUZA CALZADA FUERA PASO PEATONES,0,0,0,1,19:00:00
-71.6368268,-33.0332385,391,5,REGION VALPARAISO,5101,VALPARAISO,CAMINO CINTURA,CARAMPANGUE,0,"Carampangue & Camino Cintura, Valparaíso, Chile",-33.0332385,-71.6368268,1,GEOMETRIC_CENTER,2020,1289540,2020/07/02 00:00:00+00,COLISION POR ALCANCE,COLISION,URBANA,PERDIDA CONTROL VEHICULO,PERDIDA CONTROL VEHICULO,0,0,0,1,12:12:00
-71.6339713,-33.0428069,392,5,REGION VALPARAISO,5101,VALPARAISO,CAMINO CINTURA,UNION LATINOAMERICANA,0,"Cam. Cintura 3349, Valparaíso, Chile",-33.0428069,-71.6339713,1,ROOFTOP,2020,1289548,2020/07/15 00:00:00+00,COLISION POR ALCANCE,COLISION,URBANA,IMPRUDENCIA DEL CONDUCTOR,CONDUCCION SIN MANTENER DISTANCIA RAZONABLE NI PRUDENTE,0,0,0,0,06:05:00
-71.4233727,-33.0613843,393,5,REGION VALPARAISO,5801,QUILPUE,ZAPALLAR,OVALLE,0,"Ovalle & Zapallar, Quilpué, Valparaíso, Chile",-33.0613843,-71.4233727,1,GEOMETRIC_CENTER,2020,1289553,2020/07/15 00:00:00+00,COLISION PERPENDICULAR,COLISION,URBANA,DESOBEDIENCIA A SEÑALIZACION,SEÑALIZACION DESOBEDECER SEÑAL CEDA EL PASO,0,0,0,0,12:20:00
-71.1402113,-32.8123603,394,5,REGION VALPARAISO,5503,HIJUELAS,MANUEL RODRIGUEZ, ,5300,"Manuel Rodríguez 5300, Hijuelas, Valparaíso, Chile",-32.8123603,-71.1402113,1,RANGE_INTERPOLATED,2020,1289568,2020/07/15 00:00:00+00,COLISION FRONTAL,COLISION,URBANA,IMPRUDENCIA DEL CONDUCTOR,NO RESPETAR DERECHO PREFERENTE DE PASO A VEHICULO,0,0,0,1,07:45:00
-71.2344204,-32.4491129,395,5,REGION VALPARAISO,5401,LA LIGUA,ORTIZ DE ROZAS,MANUEL MONTT,0,"Manuel Montt & Ortiz de Rosas, La Ligua, Valparaíso, Chile",-32.4491129,-71.2344204,1,GEOMETRIC_CENTER,2020,1289585,2020/07/01 00:00:00+00,COLISION,COLISION,URBANA,IMPRUDENCIA DEL CONDUCTOR,CONDUCCION NO ATENTO CONDICIONES TRANSITO MOMENTO,0,0,0,1,14:30:00
-71.5858483,-33.0453702,396,5,REGION VALPARAISO,5101,VALPARAISO,MATTA,JAVIERA CARRERA,0,"Javiera Carrera & Manuel Antonio Matta, Valparaíso, Chile",-33.0453702,-71.5858483,1,GEOMETRIC_CENTER,2020,1289656,2020/07/03 00:00:00+00,COLISION LATERAL,COLISION,URBANA,IMPRUDENCIA DEL CONDUCTOR,NO RESPETAR DERECHO PREFERENTE DE PASO A VEHICULO,0,0,0,0,15:00:00
-71.5797003,-33.0481043,397,5,REGION VALPARAISO,5101,VALPARAISO,PLACERES,PLACERES ALTURA ESCALA METRO PORTALES,0,"Manuel Antonio Matta 2189, Valparaíso, Chile",-33.0481043,-71.5797003,1,ROOFTOP,2020,1289674,2020/07/11 00:00:00+00,COLISION FRONTAL,COLISION,URBANA,OTRAS CAUSAS,OTRAS CAUSAS,0,0,0,0,09:30:00
-71.4049388,-33.0721772,398,5,REGION VALPARAISO,5801,QUILPUE,MARGA MARGA,RAMON ANGEL JARA,0,"Marga Marga & Ramón Ángel Jara, Quilpué, Valparaíso, Chile",-33.0721772,-71.4049388,1,GEOMETRIC_CENTER,2020,1289836,2020/07/18 00:00:00+00,OTRO TIPO,OTRO TIPO,URBANA,ALCOHOL EN CONDUCTOR,CONDUCCION EN ESTADO DE EBRIEDAD,0,0,0,0,05:15:00
-70.8129722,-32.180661,399,5,REGION VALPARAISO,5404,PETORCA,SILVA UGARTE,CALLE LARGA,0,"Calle Larga, Petorca, Valparaíso, Chile",-32.180661,-70.8129722,1,APPROXIMATE,2020,1289852,2020/07/06 00:00:00+00,COLISION,COLISION,URBANA,OTRAS CAUSAS,OTRAS CAUSAS,0,0,0,0,20:20:00
-71.2564936,-32.8813974,400,5,REGION VALPARAISO,5501,QUILLOTA,PUDETO, ,953,"Pudeto 953, Quillota, Valparaíso, Chile",-32.8813974,-71.2564936,1,ROOFTOP,2020,1289859,2020/07/17 00:00:00+00,CHOQUE,CHOQUE,URBANA,ALCOHOL EN CONDUCTOR,CONDUCCION EN ESTADO DE EBRIEDAD,0,0,0,0,05:15:00
-71.2306352,-32.4431519,401,5,REGION VALPARAISO,5401,LA LIGUA,PEDRO POLANCO, ,346,"Pedro Polanco N° 698, La Ligua, Valparaíso, Chile",-32.4431519,-71.2306352,1,GEOMETRIC_CENTER,2020,1289860,2020/07/08 00:00:00+00,COLISION,COLISION,URBANA,IMPRUDENCIA DEL CONDUCTOR,CONDUCCION NO ATENTO CONDICIONES TRANSITO MOMENTO,0,0,0,0,11:00:00
-71.6199026,-33.491871,402,5,REGION VALPARAISO,5605,EL TABO,LAS SALINAS,G-98-F,0,"Avenida Las Salinas & G-98-F, Las Cruces, El Tabo, Valparaíso, Chile",-33.491871,-71.6199026,1,GEOMETRIC_CENTER,2020,1289878,2020/07/13 00:00:00+00,ATROPELLO,ATROPELLO,URBANA,IMPRUDENCIA DEL PEATON,PEATON CRUZA CALZADA FORMA SORPRESIVA O DESCUIDADA,0,0,0,1,08:20:00
-71.6395288,-33.4697619,403,5,REGION VALPARAISO,5605,EL TABO,LOS BOLDOS, ,62,"Los Boldos, El Tabo, Valparaíso, Chile",-33.4697619,-71.6395288,1,GEOMETRIC_CENTER,2020,1289880,2020/07/13 00:00:00+00,CHOQUE,CHOQUE,URBANA,OTRAS CAUSAS,OTRAS CAUSAS,0,0,0,0,19:35:00
-71.6084154,-33.5053476,404,5,REGION VALPARAISO,5605,EL TABO,EL PERAL,SAN CARLOS,0,"Laguna El Peral - Playas Blancas, El Tabo, Valparaíso, Chile",-33.5053476,-71.6084154,1,GEOMETRIC_CENTER,2020,1289891,2020/07/15 00:00:00+00,COLISION,COLISION,URBANA,IMPRUDENCIA DEL CONDUCTOR,VIRAJES INDEBIDOS,0,0,0,2,08:00:00
-71.4804164,-32.7411643,405,5,REGION VALPARAISO,5105,PUCHUNCAVI,LOS AVELLANOS, ,189,"Los Avellanos, Puchuncavi, Puchuncaví, Valparaíso, Chile",-32.7411643,-71.4804164,1,GEOMETRIC_CENTER,2020,1289999,2020/07/14 00:00:00+00,VOLCADURA,VOLCADURA,URBANA,ALCOHOL EN CONDUCTOR,CONDUCCION BAJO LA INFLUENCIA DEL ALCOHOL,0,0,0,1,21:45:00
-71.5999213,-33.5400732,406,5,REGION VALPARAISO,5603,CARTAGENA,LOS LONCHONES,JOSE ARELLANO,0,"José Arellano 165, Cartagena, Valparaíso, Chile",-33.5400732,-71.5999213,1,ROOFTOP,2020,1290052,2020/07/16 00:00:00+00,CHOQUE,CHOQUE,URBANA,PERDIDA CONTROL VEHICULO,PERDIDA CONTROL VEHICULO,1,0,0,0,18:30:00
-71.609165,-33.0496879,407,5,REGION VALPARAISO,5101,VALPARAISO,MORRIS,INDEPENDENCIA,0,"Independencia & Morris, Valparaíso, Chile",-33.0496879,-71.609165,1,GEOMETRIC_CENTER,2020,1290154,2020/07/11 00:00:00+00,COLISION,COLISION,URBANA,DESOBEDIENCIA A SEÑALIZACION,SEÑALIZACION DESOBEDECER SEÑAL CEDA EL PASO,0,0,0,1,19:40:00
-71.6112603,-33.0491508,408,5,REGION VALPARAISO,5101,VALPARAISO,INDEPENDENCIA,SAN IGNACIO,0,"San Ignacio & Independencia, Valparaíso, Chile",-33.0491508,-71.6112603,1,GEOMETRIC_CENTER,2020,1290164,2020/01/14 00:00:00+00,ATROPELLO,ATROPELLO,URBANA,IMPRUDENCIA DEL CONDUCTOR,CONDUCCION NO ATENTO CONDICIONES TRANSITO MOMENTO,0,0,0,1,13:20:00
-70.6097166,-32.8215508,409,5,REGION VALPARAISO,5301,LOS ANDES,LOS GIRASOLES, ,161,"Los Girasoles, Los Andes, Valparaíso, Chile",-32.8215508,-70.6097166,1,GEOMETRIC_CENTER,2020,1290166,2020/07/16 00:00:00+00,CHOQUE POSTERIOR/LADO,CHOQUE,URBANA,IMPRUDENCIA DEL CONDUCTOR,CONDUCIR VEHICULO EN RETROCESO,0,0,0,0,19:00:00
-71.2571712,-33.0083398,410,5,REGION VALPARAISO,5802,LIMACHE,ANDRES BELLO,INDEPENDENCIA,0,"Avenida Independencia & Andrés Bello, Limache, Valparaíso, Chile",-33.0083398,-71.2571712,1,GEOMETRIC_CENTER,2020,1290177,2020/07/17 00:00:00+00,COLISION FRONTAL,COLISION,URBANA,DESOBEDIENCIA A SEÑALIZACION,SEÑALIZACION DESOBEDECER LUZ ROJA DE SEMAFORO,0,0,1,0,16:50:00
-71.637391,-33.0528431,411,5,REGION VALPARAISO,5101,VALPARAISO,AGUA POTABLE,LAS ROSAS,0,"Las Rosas & Agua Potable, Valparaíso, Chile",-33.0528431,-71.637391,1,GEOMETRIC_CENTER,2020,1290278,2020/07/05 00:00:00+00,COLISION LATERAL,COLISION,URBANA,IMPRUDENCIA DEL CONDUCTOR,ADELANTAMIENTO SOBREPASANDO LINEA CONTINUA,0,0,0,0,18:10:00
-109.3496865,-27.112723,412,5,REGION VALPARAISO,5201,ISLA DE PASCUA,MATAMEA, ,0,"Isla de Pascua, Valparaíso, Chile",-27.112723,-109.3496865,1,APPROXIMATE,2020,1290500,2020/07/13 00:00:00+00,COLISION FRONTAL,COLISION,URBANA,OTRAS CAUSAS,OTRAS CAUSAS,0,0,0,1,17:50:00