X,Y,FID,COD_REG,REGION,CUT,COMUNA,CALLE_UNO,CALLE_DOS,NUMERO,DIR_GEOCOD,LAT,LNG,VAL_COM,TIPO,Año,Idaccident,Fecha,Tipo_Accid,Tipo__CONA,Zona,Causa__CON,Causa,Fallecidos,Graves,Menos_Grav,Leves,Hora
-71.6701395,-33.3878567,413,5,REGION VALPARAISO,5604,EL QUISCO,MONTEMAR, ,8,"C. Montemar 8, El Quisco, Valparaíso, Chile",-33.3878567,-71.6701395,1,ROOFTOP,2020,1290599,2020/07/11 00:00:00+00,CHOQUE FRONTAL,CHOQUE,URBANA,ALCOHOL EN CONDUCTOR,CONDUCCION EN ESTADO DE EBRIEDAD,0,0,0,0,23:50:00
-71.4314606,-33.0525812,414,5,REGION VALPARAISO,5801,QUILPUE,BUENOS AIRES,PEYRONET,0,"Peyronet & Buenos Aires, Quilpué, Valparaíso, Chile",-33.0525812,-71.4314606,1,GEOMETRIC_CENTER,2020,1290399,2020/07/21 00:00:00+00,COLISION PERPENDICULAR,COLISION,URBANA,DESOBEDIENCIA A SEÑALIZACION,SEÑALIZACION DESOBEDECER SEÑAL PARE,0,0,0,0,11:50:00
-71.4432392,-33.0481574,415,5,REGION VALPARAISO,5801,QUILPUE,DIEGO PORTALES,LOS CARRERA,0,"Diego Portales & Avenida Los Carrera, Quilpué, Valparaíso, Chile",-33.0481574,-71.4432392,1,GEOMETRIC_CENTER,2020,1290404,2020/07/21 00:00:00+00,CHOQUE LADO/LADO,CHOQUE,URBANA,IMPRUDENCIA DEL CONDUCTOR,CONDUCCION CAMBIAR SORPRESIVAMENTE PISTA CIRCULACION,0,0,0,0,15:20:00
-71.4091756,-33.0611036,416,5,REGION VALPARAISO,5801,QUILPUE,TRONCOS VIEJOS,EL OCASO,0,"El Ocaso & Troncos Viejos, Quilpué, Valparaíso, Chile",-33.0611036,-71.4091756,1,GEOMETRIC_CENTER,2020,1290412,2020/07/21 00:00:00+00,CHOQUE POSTERIOR/FRENTE,CHOQUE,URBANA,IMPRUDENCIA DEL CONDUCTOR,CONDUCCION SIN MANTENER DISTANCIA RAZONABLE NI PRUDENTE,0,0,0,0,16:20:00
-71.408995,-33.0465229,417,5,REGION VALPARAISO,5801,QUILPUE,FREIRE,MARINERO FUENTEALBA,0,"Freire & Marinero Fuentealba, Quilpué, Valparaíso, Chile",-33.0465229,-71.408995,1,GEOMETRIC_CENTER,2020,1290536,2020/07/21 00:00:00+00,COLISION PERPENDICULAR,COLISION,URBANA,IMPRUDENCIA DEL CONDUCTOR,CONDUCCION CAMBIAR SORPRESIVAMENTE PISTA CIRCULACION,0,0,0,1,15:45:00
-71.4306818,-33.0485247,418,5,REGION VALPARAISO,5801,QUILPUE,LOS CARRERA,PEYRONET,0,"Peyronet & Av. Los Carrera, Quilpué, Valparaíso, Chile",-33.0485247,-71.4306818,1,GEOMETRIC_CENTER,2020,1290544,2020/07/22 00:00:00+00,COLISION POR ALCANCE,COLISION,URBANA,IMPRUDENCIA DEL CONDUCTOR,CONDUCCION SIN MANTENER DISTANCIA RAZONABLE NI PRUDENTE,0,0,0,0,21:15:00
-71.4158683,-33.0654959,419,5,REGION VALPARAISO,5801,QUILPUE,LAGO LANALHUE, ,2300,"Lago Lanalhue 2300, Quilpué, Valparaíso, Chile",-33.0654959,-71.4158683,1,ROOFTOP,2020,1290550,2020/07/22 00:00:00+00,CHOQUE POSTERIOR/FRENTE,CHOQUE,URBANA,IMPRUDENCIA DEL CONDUCTOR,CONDUCCION NO ATENTO CONDICIONES TRANSITO MOMENTO,0,0,0,0,07:00:00
-70.641521,-32.7192428,420,5,REGION VALPARAISO,5706,SANTA MARIA,LA CANCHA, ,379,"La Cancha, La Higuera, Santa Maria, Valparaíso, Chile",-32.7192428,-70.641521,1,GEOMETRIC_CENTER,2020,1290575,2020/07/19 00:00:00+00,CHOQUE POSTERIOR,CHOQUE,RURAL,IMPRUDENCIA DEL CONDUCTOR,CONDUCCION NO ATENTO CONDICIONES TRANSITO MOMENTO,0,1,0,0,18:00:00
-70.7094954,-32.7387219,421,5,REGION VALPARAISO,5701,SAN FELIPE,VOLCAN LLAIMA,COSTANERA,0,"Volcán Llaima & Avenida Costanera, San Felipe, Valparaíso, Chile",-32.7387219,-70.7094954,1,GEOMETRIC_CENTER,2020,1290576,2020/07/19 00:00:00+00,ATROPELLO,ATROPELLO,URBANA,IMPRUDENCIA DEL CONDUCTOR,CONDUCCION NO ATENTO CONDICIONES TRANSITO MOMENTO,0,0,0,1,04:05:00
-71.4650135,-33.0430013,422,5,REGION VALPARAISO,5801,QUILPUE,LOS CARRERA, ,1091,"Av. Los Carrera 1091, Quilpué, Valparaíso, Chile",-33.0430013,-71.4650135,1,ROOFTOP,2020,1290698,2020/07/23 00:00:00+00,COLISION POR ALCANCE,COLISION,URBANA,IMPRUDENCIA DEL CONDUCTOR,CONDUCCION SIN MANTENER DISTANCIA RAZONABLE NI PRUDENTE,0,0,0,0,10:30:00
-71.6942536,-33.4014693,423,5,REGION VALPARAISO,5604,EL QUISCO,ISIDORO DUBOURNAIS,CALLE DEL TANI,0,"Av. Isidoro Dubournais 555, El Quisco, Valparaíso, Chile",-33.4014693,-71.6942536,1,ROOFTOP,2020,1290608,2020/07/14 00:00:00+00,ATROPELLO,ATROPELLO,URBANA,IMPRUDENCIA DEL CONDUCTOR,CONDUCCION NO ATENTO CONDICIONES TRANSITO MOMENTO,0,1,0,0,19:50:00
-71.5485508,-33.0080749,424,5,REGION VALPARAISO,5109,VIÑA DEL MAR,BENIDORM,LIBERTAD,0,"Av. Libertad & Av. Benidorm, Viña del Mar, Valparaíso, Chile",-33.0080749,-71.5485508,1,GEOMETRIC_CENTER,2020,1290630,2020/07/10 00:00:00+00,COLISION POR ALCANCE,COLISION,URBANA,IMPRUDENCIA DEL CONDUCTOR,CONDUCCION NO ATENTO CONDICIONES TRANSITO MOMENTO,0,0,0,0,12:00:00
-71.54349,-33.0086127,425,5,REGION VALPARAISO,5109,VIÑA DEL MAR,BENIDORM, ,1093,"Av. Benidorm 1093, Viña del Mar, Valparaíso, Chile",-33.0086127,-71.54349,1,ROOFTOP,2020,1290632,2020/07/18 00:00:00+00,CHOQUE FRENTE/POSTERIOR,CHOQUE,URBANA,IMPRUDENCIA DEL CONDUCTOR,CONDUCCION NO ATENTO CONDICIONES TRANSITO MOMENTO,0,0,0,0,18:00:00
-71.4264052,-32.5110863,426,5,REGION VALPARAISO,5403,PAPUDO,EL CORAL, ,1761,"El Coral 1761, Papudo, Valparaíso, Chile",-32.5110863,-71.4264052,1,RANGE_INTERPOLATED,2020,1290734,2020/07/16 00:00:00+00,CHOQUE,CHOQUE,URBANA,OTRAS CAUSAS,OTRAS CAUSAS,0,0,0,0,12:10:00
-71.1416798,-32.8081481,427,5,REGION VALPARAISO,5503,HIJUELAS,MANUEL RODRIGUEZ, ,2489,"Manuel Rodríguez 2489, Hijuelas, Valparaíso, Chile",-32.8081481,-71.1416798,1,RANGE_INTERPOLATED,2020,1290705,2020/07/23 00:00:00+00,CHOQUE FRONTAL,CHOQUE,URBANA,PERDIDA CONTROL VEHICULO,PERDIDA CONTROL VEHICULO,0,0,0,1,08:15:00
-71.4734778,-33.0450806,428,5,REGION VALPARAISO,5801,QUILPUE,TRES,DIEZ,0,"Calle Tres - Calle Diez, Quilpué, Valparaíso, Chile",-33.0450806,-71.4734778,1,GEOMETRIC_CENTER,2020,1290709,2020/07/23 00:00:00+00,COLISION PERPENDICULAR,COLISION,URBANA,IMPRUDENCIA DEL CONDUCTOR,CONDUCCION NO ATENTO CONDICIONES TRANSITO MOMENTO,0,0,1,1,17:30:00
-71.2110668,-32.7991671,429,5,REGION VALPARAISO,5502,CALERA,EL QUISCO, ,1965,"El Quisco 1965, La Calera, Calera, Valparaíso, Chile",-32.7991671,-71.2110668,1,RANGE_INTERPOLATED,2020,1290717,2020/07/19 00:00:00+00,ATROPELLO,ATROPELLO,URBANA,OTRAS CAUSAS,OTRAS CAUSAS,0,1,0,0,18:00:00
-71.4080978,-33.0518571,430,5,REGION VALPARAISO,5801,QUILPUE,SAN JORGE, ,516,"San Jorge 516, Quilpué, Valparaíso, Chile",-33.0518571,-71.4080978,1,RANGE_INTERPOLATED,2020,1290831,2020/07/25 00:00:00+00,CHOQUE POSTERIOR,CHOQUE,URBANA,DROGAS Y/O FATIGA EN CONDUCTOR,"CONDICIONES FISICAS DEFICIENTES (CANSANCIO, SUEÑO)",0,0,0,0,13:10:00
-71.4078558,-33.0465847,431,5,REGION VALPARAISO,5801,QUILPUE,FREIRE,PERU,0,"Freire & Perú, Quilpué, Valparaíso, Chile",-33.0465847,-71.4078558,1,GEOMETRIC_CENTER,2020,1290832,2020/07/25 00:00:00+00,COLISION PERPENDICULAR,COLISION,URBANA,IMPRUDENCIA DEL CONDUCTOR,CONDUCCION CAMBIAR SORPRESIVAMENTE PISTA CIRCULACION,0,0,0,0,20:30:00
-71.6668679,-33.4554355,432,5,REGION VALPARAISO,5605,EL TABO,G-98-F,BERLIN,0,"G-98-F, El Tabo, Valparaíso, Chile",-33.4554355,-71.6668679,1,GEOMETRIC_CENTER,2020,1290881,2020/07/21 00:00:00+00,COLISION,COLISION,URBANA,DESOBEDIENCIA A SEÑALIZACION,SEÑALIZACION DESOBEDECER SEÑAL PARE,0,0,0,0,14:45:00
-71.6179461,-33.4603472,433,5,REGION VALPARAISO,5605,EL TABO,NUEVO CAMINO COSTERO, ,15,"Nuevo Camino Costero, El Tabo, Valparaíso, Chile",-33.4603472,-71.6179461,1,GEOMETRIC_CENTER,2020,1290882,2020/07/21 00:00:00+00,VOLCADURA,VOLCADURA,URBANA,DEFICIENCIAS VIALES,ANIMALES SUELTOS VIA PUBLICA,0,0,0,1,07:30:00
-71.5909784,-33.5448681,434,5,REGION VALPARAISO,5603,CARTAGENA,SANTIAGO LOVELUCK,LOS TILOS,0,"Avenida Padre Santiago Loveluck & Los Tilos, Cartagena, Valparaíso, Chile",-33.5448681,-71.5909784,1,GEOMETRIC_CENTER,2020,1290927,2020/07/22 00:00:00+00,CHOQUE,CHOQUE,URBANA,PERDIDA CONTROL VEHICULO,PERDIDA CONTROL VEHICULO,0,1,0,0,21:55:00
-71.6668679,-33.4554355,435,5,REGION VALPARAISO,5605,EL TABO,COMUNIDAD LAS TENCAS,G-98-F,0,"G-98-F, El Tabo, Valparaíso, Chile",-33.4554355,-71.6668679,1,GEOMETRIC_CENTER,2020,1290931,2020/07/25 00:00:00+00,VOLCADURA,VOLCADURA,URBANA,ALCOHOL EN CONDUCTOR,CONDUCCION EN ESTADO DE EBRIEDAD,0,0,0,1,21:25:00
-71.5121208,-32.9993798,436,5,REGION VALPARAISO,5109,VIÑA DEL MAR,ALESSANDRI,JORGE JOTTAR,0,"Alessandri & Jorge Jottar, Viña del Mar, Valparaíso, Chile",-32.9993798,-71.5121208,1,GEOMETRIC_CENTER,2020,1291021,2020/06/20 00:00:00+00,COLISION,COLISION,URBANA,PERDIDA CONTROL VEHICULO,PERDIDA CONTROL VEHICULO,0,0,0,0,15:00:00
-71.4935097,-32.9913275,437,5,REGION VALPARAISO,5109,VIÑA DEL MAR,TERCERA, ,75,"Tercera 75, Viña del Mar, Valparaíso, Chile",-32.9913275,-71.4935097,1,RANGE_INTERPOLATED,2020,1291022,2020/06/04 00:00:00+00,CHOQUE FRENTE/LADO,CHOQUE,URBANA,PERDIDA CONTROL VEHICULO,PERDIDA CONTROL VEHICULO,0,0,0,0,08:00:00
-71.6899889,-33.3982004,438,5,REGION VALPARAISO,5604,EL QUISCO,EJERCITO,ALC RAUL ROMERO ERAZO,0,"Alcalde Raul Romero Erazo 0375, El Quisco, Valparaíso, Chile",-33.3982004,-71.6899889,1,ROOFTOP,2020,1291111,2020/07/22 00:00:00+00,CHOQUE FRONTAL,CHOQUE,URBANA,ALCOHOL EN CONDUCTOR,CONDUCCION EN ESTADO DE EBRIEDAD,0,0,0,0,01:20:00
-71.2668322,-32.9859891,439,5,REGION VALPARAISO,5802,LIMACHE,PALMIRA ROMANO NORTE, ,649,"Palmira Romano Nte. 649, Limache, Valparaíso, Chile",-32.9859891,-71.2668322,1,RANGE_INTERPOLATED,2020,1291200,2020/07/26 00:00:00+00,COLISION POR ALCANCE,COLISION,URBANA,IMPRUDENCIA DEL CONDUCTOR,CONDUCCION NO ATENTO CONDICIONES TRANSITO MOMENTO,0,0,0,0,13:30:00
-71.2571712,-33.0083398,440,5,REGION VALPARAISO,5802,LIMACHE,ANDRES BELLO,INDEPENDENCIA,0,"Avenida Independencia & Andrés Bello, Limache, Valparaíso, Chile",-33.0083398,-71.2571712,1,GEOMETRIC_CENTER,2020,1291201,2020/07/25 00:00:00+00,COLISION,COLISION,URBANA,IMPRUDENCIA DEL CONDUCTOR,CONDUCCION NO ATENTO CONDICIONES TRANSITO MOMENTO,0,0,1,2,21:50:00
-71.2621839,-33.0036774,441,5,REGION VALPARAISO,5802,LIMACHE,REPUBLICA,VIVA CHILE,0,"Avenida República & Viva Chile, Limache, Valparaíso, Chile",-33.0036774,-71.2621839,1,GEOMETRIC_CENTER,2020,1291204,2020/07/27 00:00:00+00,ATROPELLO,ATROPELLO,URBANA,IMPRUDENCIA DEL PEATON,PEATON CRUZA CALZADA FORMA SORPRESIVA O DESCUIDADA,0,0,0,1,16:50:00
-71.5391203,-32.9557676,442,5,REGION VALPARAISO,5109,VIÑA DEL MAR,GASTON HAMEL NIETO,LAS PERDICES,0,"Av. Gastón Hamel Nieto 535, Viña del Mar, Valparaíso, Chile",-32.9557676,-71.5391203,1,ROOFTOP,2020,1291215,2020/07/10 00:00:00+00,COLISION,COLISION,URBANA,PERDIDA CONTROL VEHICULO,PERDIDA CONTROL VEHICULO,0,0,0,0,17:30:00
-71.5484684,-33.0431425,443,5,REGION VALPARAISO,5109,VIÑA DEL MAR,VALDIVIA,TEMUCO,0,"VIña Del Mar - Valdivia, Viña del Mar, Valparaíso, Chile",-33.0431425,-71.5484684,1,GEOMETRIC_CENTER,2020,1291218,2020/07/11 00:00:00+00,CHOQUE FRONTAL,CHOQUE,URBANA,ALCOHOL EN CONDUCTOR,CONDUCCION EN ESTADO DE EBRIEDAD,0,0,0,0,04:10:00
-71.5572734,-33.0459409,444,5,REGION VALPARAISO,5109,VIÑA DEL MAR,LAS PALMAS, ,5900,"Las Palmas, Viña del Mar, Valparaíso, Chile",-33.0459409,-71.5572734,1,GEOMETRIC_CENTER,2020,1291271,2020/07/19 00:00:00+00,CHOQUE FRONTAL,CHOQUE,URBANA,PERDIDA CONTROL VEHICULO,PERDIDA CONTROL VEHICULO,0,1,0,1,18:30:00
-71.5572734,-33.0459409,445,5,REGION VALPARAISO,5109,VIÑA DEL MAR,LAS PALMAS,PUENTE VIADUCTO,0,"Las Palmas, Viña del Mar, Valparaíso, Chile",-33.0459409,-71.5572734,1,GEOMETRIC_CENTER,2020,1291249,2020/07/14 00:00:00+00,COLISION FRONTAL,COLISION,URBANA,IMPRUDENCIA DEL CONDUCTOR,CONDUCCION NO ATENTO CONDICIONES TRANSITO MOMENTO,0,0,0,0,18:00:00
-71.5121996,-33.0214817,446,5,REGION VALPARAISO,5109,VIÑA DEL MAR,BUZO SOBENES, ,85,"Viña del Mar, Valparaíso, Chile",-33.0214817,-71.5121996,1,GEOMETRIC_CENTER,2020,1291254,2020/07/17 00:00:00+00,CHOQUE LADO/LADO,CHOQUE,URBANA,IMPRUDENCIA DEL CONDUCTOR,CONDUCCION NO ATENTO CONDICIONES TRANSITO MOMENTO,0,0,0,0,15:40:00
-71.5361069,-33.0307176,447,5,REGION VALPARAISO,5109,VIÑA DEL MAR,ALVAREZ, ,2054,"Álvarez 2054, Viña del Mar, Valparaíso, Chile",-33.0307176,-71.5361069,1,ROOFTOP,2020,1291257,2020/07/17 00:00:00+00,CHOQUE FRENTE/POSTERIOR,CHOQUE,URBANA,IMPRUDENCIA DEL CONDUCTOR,CONDUCCION NO ATENTO CONDICIONES TRANSITO MOMENTO,0,0,0,1,09:35:00
-71.5444952,-32.9604611,448,5,REGION VALPARAISO,5109,VIÑA DEL MAR,ESTANQUE,EDMUNDO ELUCHANS,0,"Avenida Edmundo Eluchans & Estanque, Viña del Mar, Valparaíso, Chile",-32.9604611,-71.5444952,1,GEOMETRIC_CENTER,2020,1291264,2020/07/17 00:00:00+00,COLISION LATERAL,COLISION,URBANA,IMPRUDENCIA DEL CONDUCTOR,CONDUCCION NO ATENTO CONDICIONES TRANSITO MOMENTO,0,0,0,0,15:15:00
-70.6042374,-32.83616,449,5,REGION VALPARAISO,5301,LOS ANDES,SANTA TERESA, ,1059,"Sta. Teresa 1059, Los Andes, Valparaíso, Chile",-32.83616,-70.6042374,1,RANGE_INTERPOLATED,2020,1291304,2020/07/24 00:00:00+00,COLISION POR ALCANCE,COLISION,URBANA,IMPRUDENCIA DEL CONDUCTOR,CONDUCCION NO ATENTO CONDICIONES TRANSITO MOMENTO,0,0,0,0,09:40:00
-71.3868744,-33.0493456,450,5,REGION VALPARAISO,5804,VILLA ALEMANA,TRASLAVIÑA, ,1639,"Traslaviña 1639, Villa Alemana, Valparaíso, Chile",-33.0493456,-71.3868744,1,ROOFTOP,2020,1291336,2020/07/22 00:00:00+00,COLISION,COLISION,URBANA,PERDIDA CONTROL VEHICULO,PERDIDA CONTROL VEHICULO,0,0,0,0,12:20:00
-71.3934146,-33.0479126,451,5,REGION VALPARAISO,5804,VILLA ALEMANA,ALC ALEJANDRO PERALTA,PORVENIR,0,"Alcalde Alejandro Peralta & Porvenir, Villa Alemana, Valparaíso, Chile",-33.0479126,-71.3934146,1,GEOMETRIC_CENTER,2020,1291340,2020/07/23 00:00:00+00,COLISION,COLISION,URBANA,DESOBEDIENCIA A SEÑALIZACION,SEÑALIZACION DESOBEDECER SEÑAL PARE,0,0,0,1,14:10:00
-71.3646205,-33.0402826,452,5,REGION VALPARAISO,5804,VILLA ALEMANA,MADRID,QUINTA,0,"Madrid & Quinta, Villa Alemana, Valparaíso, Chile",-33.0402826,-71.3646205,1,GEOMETRIC_CENTER,2020,1291342,2020/07/24 00:00:00+00,COLISION,COLISION,URBANA,DESOBEDIENCIA A SEÑALIZACION,SEÑALIZACION DESOBEDECER SEÑAL PARE,0,0,0,2,10:15:00
-70.7183119,-32.7391591,453,5,REGION VALPARAISO,5701,SAN FELIPE,CHILE,CROACIA,0,"Chile & Pasaje Croacia, San Felipe, Valparaíso, Chile",-32.7391591,-70.7183119,1,GEOMETRIC_CENTER,2020,1291347,2020/07/21 00:00:00+00,COLISION,COLISION,URBANA,IMPRUDENCIA DEL CONDUCTOR,CONDUCCION NO ATENTO CONDICIONES TRANSITO MOMENTO,0,0,0,0,20:50:00
-70.7168294,-32.6249317,454,5,REGION VALPARAISO,5705,PUTAENDO,SAN MARTIN, ,691,"San Martin 691, Putaendo, Valparaíso, Chile",-32.6249317,-70.7168294,1,RANGE_INTERPOLATED,2020,1291368,2020/07/22 00:00:00+00,CHOQUE,CHOQUE,URBANA,IMPRUDENCIA DEL CONDUCTOR,CONDUCIR VEHICULO EN RETROCESO,0,0,0,0,09:35:00
-71.5189514,-32.9295171,455,5,REGION VALPARAISO,5103,CONCON,MAGALLANES,CLARENCIA,0,"Magallanes & Clarencia, Concón, Valparaíso, Chile",-32.9295171,-71.5189514,1,GEOMETRIC_CENTER,2020,1291390,2020/07/21 00:00:00+00,COLISION LATERAL,COLISION,URBANA,IMPRUDENCIA DEL CONDUCTOR,CONDUCCION NO ATENTO CONDICIONES TRANSITO MOMENTO,0,0,0,2,17:00:00
-71.5958091,-33.6130191,456,5,REGION VALPARAISO,5601,SAN ANTONIO,AROMOS, ,1594,"Cv Los Aromos 1594, San Antonio, Valparaíso, Chile",-33.6130191,-71.5958091,1,RANGE_INTERPOLATED,2020,1291428,2020/07/28 00:00:00+00,ATROPELLO,ATROPELLO,URBANA,IMPRUDENCIA DEL PEATON,PEATON CRUZA CALZADA FUERA PASO PEATONES,1,0,0,0,07:10:00
-71.4425571,-33.0465117,457,5,REGION VALPARAISO,5801,QUILPUE,ANDRES BELLO, ,818,"Andrés Bello 818, Quilpué, Valparaíso, Chile",-33.0465117,-71.4425571,1,RANGE_INTERPOLATED,2020,1291462,2020/07/28 00:00:00+00,CHOQUE POSTERIOR/FRENTE,CHOQUE,URBANA,IMPRUDENCIA DEL CONDUCTOR,CONDUCCION SIN MANTENER DISTANCIA RAZONABLE NI PRUDENTE,0,0,0,0,13:50:00
-71.4125205,-33.309307,458,5,REGION VALPARAISO,5102,CASABLANCA,VICENTE HUIDOBRO, ,1,"Vicente Huidobro, Casablanca, Valparaíso, Chile",-33.309307,-71.4125205,1,GEOMETRIC_CENTER,2020,1291500,2020/07/21 00:00:00+00,COLISION LATERAL,COLISION,URBANA,PERDIDA CONTROL VEHICULO,PERDIDA CONTROL VEHICULO,0,0,0,1,17:15:00
-71.4093018,-33.3110713,459,5,REGION VALPARAISO,5102,CASABLANCA,CONSTITUCION,ARTURO PRAT,0,"Av. Constitución & Av. Arturo Prat, Casablanca, Valparaíso, Chile",-33.3110713,-71.4093018,1,GEOMETRIC_CENTER,2020,1291510,2020/07/09 00:00:00+00,COLISION LATERAL,COLISION,URBANA,DESOBEDIENCIA A SEÑALIZACION,SEÑALIZACION DESOBEDECER SEÑAL PARE,0,0,0,0,07:45:00
-71.275612,-32.9821451,460,5,REGION VALPARAISO,5802,LIMACHE,PALMIRA ROMANO,ARTURO PRAT,0,"Palmira Romano Norte & Arturo Prat, Limache, Valparaíso, Chile",-32.9821451,-71.275612,1,GEOMETRIC_CENTER,2020,1291538,2020/07/28 00:00:00+00,CHOQUE FRONTAL,CHOQUE,URBANA,VELOCIDAD IMPRUDENTE,VELOCIDAD NO RAZONABLE NI PRUDENTE,1,0,0,0,03:30:00
-71.6618347,-33.4565087,461,5,REGION VALPARAISO,5605,EL TABO,SAN MARCOS, ,675,"San Marcos 675, El Tabo, Valparaíso, Chile",-33.4565087,-71.6618347,1,ROOFTOP,2020,1291549,2020/07/28 00:00:00+00,CHOQUE,CHOQUE,URBANA,PERDIDA CONTROL VEHICULO,PERDIDA CONTROL VEHICULO,0,1,0,0,20:35:00
-71.6413441,-33.0330601,462,5,REGION VALPARAISO,5101,VALPARAISO,CLAUDIO GAY, ,519,"Gay 519, Valparaíso, Chile",-33.0330601,-71.6413441,1,ROOFTOP,2020,1268506,2020/02/02 00:00:00+00,CHOQUE FRENTE/POSTERIOR,CHOQUE,URBANA,IMPRUDENCIA DEL CONDUCTOR,CONDUCCION SIN MANTENER DISTANCIA RAZONABLE NI PRUDENTE,0,0,0,0,14:00:00
-71.4394316,-33.0465865,463,5,REGION VALPARAISO,5801,QUILPUE,BLANCO ENCALADA, ,1002,"Blanco Encalada 1002, Quilpué, Valparaíso, Chile",-33.0465865,-71.4394316,1,ROOFTOP,2020,1291604,2020/07/29 00:00:00+00,CHOQUE POSTERIOR/FRENTE,CHOQUE,URBANA,IMPRUDENCIA DEL CONDUCTOR,CONDUCCION NO ATENTO CONDICIONES TRANSITO MOMENTO,0,0,0,0,13:50:00
-71.4495042,-33.0472188,464,5,REGION VALPARAISO,5801,QUILPUE,LOS CARRERA, ,180,"Los Carrera 180, Quilpué, Valparaíso, Chile",-33.0472188,-71.4495042,1,GEOMETRIC_CENTER,2020,1291611,2020/07/29 00:00:00+00,COLISION PERPENDICULAR,COLISION,URBANA,IMPRUDENCIA DEL CONDUCTOR,NO RESPETAR DERECHO PREFERENTE DE PASO A VEHICULO,0,0,0,1,11:00:00
-71.4228708,-33.0717442,465,5,REGION VALPARAISO,5801,QUILPUE,VALLE NEVADO,VALLE CASABLANCA,0,"Valle Nevado & Valle de Casablanca, Quilpué, Valparaíso, Chile",-33.0717442,-71.4228708,1,GEOMETRIC_CENTER,2020,1291625,2020/07/29 00:00:00+00,COLISION PERPENDICULAR,COLISION,URBANA,IMPRUDENCIA DEL CONDUCTOR,VIRAJES INDEBIDOS,0,0,0,0,17:00:00
-70.7229463,-32.7465866,466,5,REGION VALPARAISO,5701,SAN FELIPE,CHACABUCO,COMBATE LAS COIMAS,0,"Combate de Las Coimas & Chacabuco, San Felipe, Valparaíso, Chile",-32.7465866,-70.7229463,1,GEOMETRIC_CENTER,2020,1291639,2020/07/28 00:00:00+00,ATROPELLO,ATROPELLO,URBANA,ALCOHOL EN PEATON,EBRIEDAD DEL PEATON,1,0,0,0,14:10:00
-109.421982,-27.150027,467,5,REGION VALPARAISO,5201,ISLA DE PASCUA,PUKU RANGI UKA, ,0,"Haere Rapa Nui - Puku Rangi Uka, Isla de Pascua, Valparaíso, Chile",-27.150027,-109.421982,1,GEOMETRIC_CENTER,2020,1291640,2020/07/29 00:00:00+00,COLISION LATERAL,COLISION,URBANA,OTRAS CAUSAS,OTRAS CAUSAS,0,0,0,1,08:00:00
-71.5422792,-32.9340515,468,5,REGION VALPARAISO,5103,CONCON,CONCON REÑACA, ,95,"Av. Concon Reñaca 95, Concón, Valparaíso, Chile",-32.9340515,-71.5422792,1,RANGE_INTERPOLATED,2020,1291672,2020/07/25 00:00:00+00,ATROPELLO,ATROPELLO,URBANA,IMPRUDENCIA DEL CONDUCTOR,CONDUCCION NO ATENTO CONDICIONES TRANSITO MOMENTO,0,0,0,2,12:20:00
-71.622299,-33.050382,469,5,REGION VALPARAISO,5101,VALPARAISO,HECTOR CALVO,BELTRAND,0,"Héctor Calvo & Alejandro Beltrán, Valparaíso, Chile",-33.050382,-71.622299,1,GEOMETRIC_CENTER,2020,1291768,2020/07/29 00:00:00+00,COLISION LATERAL,COLISION,URBANA,IMPRUDENCIA DEL CONDUCTOR,NO RESPETAR DERECHO PREFERENTE DE PASO A VEHICULO,0,0,0,0,14:50:00
-71.2011619,-32.790542,470,5,REGION VALPARAISO,5502,CALERA,CARRERA,IGNACIO CARRERA PINTO,0,"Carrera & Ignacio Carrera Pinto, La Calera, Calera, Valparaíso, Chile",-32.790542,-71.2011619,1,GEOMETRIC_CENTER,2020,1291834,2020/07/30 00:00:00+00,ATROPELLO,ATROPELLO,URBANA,IMPRUDENCIA DEL CONDUCTOR,NO RESPETAR DERECHO PREFERENTE DE PASO A PEATON,0,0,0,1,18:20:00
-70.9588213,-32.8399818,471,5,REGION VALPARAISO,5703,LLAY LLAY,BERNARDO OHIGGINS,SALVADOR GONZALEZ,0,"Salvador González & Bernardo Ohiggins, Llay Llay, Llayllay, Valparaíso, Chile",-32.8399818,-70.9588213,1,GEOMETRIC_CENTER,2020,1291867,2020/07/27 00:00:00+00,CHOQUE,CHOQUE,URBANA,PERDIDA CONTROL VEHICULO,PERDIDA CONTROL VEHICULO,0,0,1,0,12:30:00
-70.7335573,-32.7559853,472,5,REGION VALPARAISO,5701,SAN FELIPE,MANSO DE VELASCO, ,55,"Manso de Velasco 55, San Felipe, Valparaíso, Chile",-32.7559853,-70.7335573,1,RANGE_INTERPOLATED,2020,1291868,2020/07/28 00:00:00+00,CHOQUE,CHOQUE,URBANA,IMPRUDENCIA DEL CONDUCTOR,CONDUCCION NO ATENTO CONDICIONES TRANSITO MOMENTO,0,0,0,1,16:10:00