X,Y,FID,COD_REG,REGION,CUT,COMUNA,CALLE_UNO,CALLE_DOS,NUMERO,DIR_GEOCOD,LAT,LNG,VAL_COM,TIPO,Año,Idaccident,Fecha,Tipo_Accid,Tipo__CONA,Zona,Causa__CON,Causa,Fallecidos,Graves,Menos_Grav,Leves,Hora
-71.6149249,-33.0507702,532,5,REGION VALPARAISO,5101,VALPARAISO,BAQUEDANO,ESCALA JOSE MEDINA,0,"Escala José Medina & Baquedano, Valparaíso, Chile",-33.0507702,-71.6149249,1,GEOMETRIC_CENTER,2020,1293735,2020/08/11 00:00:00+00,COLISION LATERAL,COLISION,URBANA,IMPRUDENCIA DEL CONDUCTOR,ADELANTAMIENTO SOBREPASANDO LINEA CONTINUA,0,0,0,0,16:00:00
-71.6964733,-33.418066,533,5,REGION VALPARAISO,5604,EL QUISCO,ISIDORO DUBOURNAIS, ,2021,"Av. Isidoro Dubournais 2021, El Quisco, Valparaíso, Chile",-33.418066,-71.6964733,1,RANGE_INTERPOLATED,2020,1293736,2020/08/05 00:00:00+00,COLISION LATERAL,COLISION,URBANA,IMPRUDENCIA DEL CONDUCTOR,CONDUCCION NO ATENTO CONDICIONES TRANSITO MOMENTO,0,0,0,0,10:00:00
-71.6087876,-33.5881402,534,5,REGION VALPARAISO,5601,SAN ANTONIO,LUIS REUS, ,246,"Luis Reuss Bernat 246, San Antonio, Valparaíso, Chile",-33.5881402,-71.6087876,1,ROOFTOP,2020,1293751,2020/07/20 00:00:00+00,COLISION POR ALCANCE,COLISION,URBANA,IMPRUDENCIA DEL CONDUCTOR,CONDUCCION NO ATENTO CONDICIONES TRANSITO MOMENTO,0,0,0,0,11:00:00
-71.6942536,-33.4014693,535,5,REGION VALPARAISO,5604,EL QUISCO,ISIDORO DUBOURNAIS,EL BOLDO,0,"Av. Isidoro Dubournais 555, El Quisco, Valparaíso, Chile",-33.4014693,-71.6942536,1,ROOFTOP,2020,1293752,2020/08/06 00:00:00+00,CHOQUE LATERAL,CHOQUE,URBANA,DESOBEDIENCIA A SEÑALIZACION,SEÑALIZACION DESOBEDECER SEÑAL PARE,0,0,0,0,17:35:00
-71.3788655,-33.0437661,536,5,REGION VALPARAISO,5804,VILLA ALEMANA,REINICKE,SANTIAGO,0,"Santiago & Reinicke, Villa Alemana, Valparaíso, Chile",-33.0437661,-71.3788655,1,GEOMETRIC_CENTER,2020,1293775,2020/08/09 00:00:00+00,COLISION,COLISION,URBANA,DESOBEDIENCIA A SEÑALIZACION,SEÑALIZACION DESOBEDECER SEÑAL PARE,0,0,0,0,14:30:00
-71.5066882,-33.0223192,537,5,REGION VALPARAISO,5109,VIÑA DEL MAR,CIRCUNVALACION,MARCOS MATURANA,0,"Marcos Maturana, Viña del Mar, Valparaíso, Chile",-33.0223192,-71.5066882,1,GEOMETRIC_CENTER,2020,1293790,2020/07/18 00:00:00+00,COLISION,COLISION,URBANA,IMPRUDENCIA DEL CONDUCTOR,CONDUCCION NO ATENTO CONDICIONES TRANSITO MOMENTO,0,0,0,0,12:50:00
-71.4964139,-33.0058231,538,5,REGION VALPARAISO,5109,VIÑA DEL MAR,LAS AZUCENAS,SAU SAU,0,"Avenida Las Azucenas & Sau Sau, Viña del Mar, Valparaíso, Chile",-33.0058231,-71.4964139,1,GEOMETRIC_CENTER,2020,1293792,2020/07/18 00:00:00+00,COLISION,COLISION,URBANA,IMPRUDENCIA DEL CONDUCTOR,VIRAJES INDEBIDOS,0,0,0,1,14:00:00
-71.5098762,-33.0047858,539,5,REGION VALPARAISO,5109,VIÑA DEL MAR,CARLOS IBAÑEZ DEL CAMPO,CAP LARRAGUIBEL,0,"Carlos Ibáñez del Campo & Larraguibel, Viña del Mar, Valparaíso, Chile",-33.0047858,-71.5098762,1,GEOMETRIC_CENTER,2020,1293796,2020/07/21 00:00:00+00,COLISION,COLISION,URBANA,IMPRUDENCIA DEL CONDUCTOR,CONDUCCION NO ATENTO CONDICIONES TRANSITO MOMENTO,0,0,0,0,15:30:00
-71.6046704,-33.0508431,540,5,REGION VALPARAISO,5101,VALPARAISO,INDEPENDENCIA, ,3030,"Independencia 3030, Valparaíso, Chile",-33.0508431,-71.6046704,1,ROOFTOP,2020,1293896,2020/08/04 00:00:00+00,COLISION,COLISION,URBANA,IMPRUDENCIA DEL CONDUCTOR,CONDUCCION NO ATENTO CONDICIONES TRANSITO MOMENTO,0,0,0,1,16:50:00
-71.64252,-33.0498456,541,5,REGION VALPARAISO,5101,VALPARAISO,CHAPARRO, ,876,"Chaparro 876, Valparaíso, Chile",-33.0498456,-71.64252,1,RANGE_INTERPOLATED,2020,1293828,2020/08/09 00:00:00+00,CHOQUE FRENTE/POSTERIOR,CHOQUE,URBANA,VELOCIDAD IMPRUDENTE,VELOCIDAD NO RAZONABLE NI PRUDENTE,0,0,0,0,15:55:00
-71.604396,-33.0496283,542,5,REGION VALPARAISO,5101,VALPARAISO,VICTORIA,RANCAGUA,0,"Rancagua & Victoria, Valparaíso, Chile",-33.0496283,-71.604396,1,GEOMETRIC_CENTER,2020,1293885,2020/07/30 00:00:00+00,COLISION,COLISION,URBANA,DESOBEDIENCIA A SEÑALIZACION,SEÑALIZACION DESOBEDECER SEÑAL CEDA EL PASO,0,0,0,1,17:00:00
-71.6170867,-33.0468883,543,5,REGION VALPARAISO,5101,VALPARAISO,PEDRO MONTT,LAS HERAS,0,"Pedro Montt & Las Heras, Valparaíso, Chile",-33.0468883,-71.6170867,1,GEOMETRIC_CENTER,2020,1293898,2020/08/05 00:00:00+00,COLISION,COLISION,URBANA,IMPRUDENCIA DEL CONDUCTOR,CONDUCCION NO ATENTO CONDICIONES TRANSITO MOMENTO,0,0,0,0,19:15:00
-71.6201459,-33.0458318,544,5,REGION VALPARAISO,5101,VALPARAISO,SALVADOR DONOSO,MOLINA,0,"Molina & Salvador Donoso, Valparaíso, Chile",-33.0458318,-71.6201459,1,GEOMETRIC_CENTER,2020,1293899,2020/08/06 00:00:00+00,COLISION,COLISION,URBANA,DESOBEDIENCIA A SEÑALIZACION,SEÑALIZACION DESOBEDECER SEÑAL CEDA EL PASO,0,0,0,0,19:00:00
-70.601687,-32.830332,545,5,REGION VALPARAISO,5301,LOS ANDES,SANTA TERESA, ,160,"Sta. Teresa 160, Los Andes, Valparaíso, Chile",-32.830332,-70.601687,1,RANGE_INTERPOLATED,2020,1293954,2020/08/05 00:00:00+00,COLISION LATERAL,COLISION,URBANA,IMPRUDENCIA DEL CONDUCTOR,VIRAJES INDEBIDOS,0,0,0,2,12:15:00
-71.4991326,-32.9854508,546,5,REGION VALPARAISO,5109,VIÑA DEL MAR,CAMINO INTERNACIONAL,ACHUPALLA,0,"Cam. Internacional 2440, Local 32, Valparaíso, Viña del Mar, Valparaíso, Chile",-32.9854508,-71.4991326,1,ROOFTOP,2020,1294036,2020/08/12 00:00:00+00,COLISION LATERAL,COLISION,URBANA,IMPRUDENCIA DEL CONDUCTOR,CONDUCCION CAMBIAR SORPRESIVAMENTE PISTA CIRCULACION,0,0,0,0,17:00:00
-71.404975,-33.0494628,547,5,REGION VALPARAISO,5801,QUILPUE,GREGORIA,SERENA,0,"Gregoria & Serena, Quilpué, Valparaíso, Chile",-33.0494628,-71.404975,1,GEOMETRIC_CENTER,2020,1294046,2020/08/12 00:00:00+00,COLISION PERPENDICULAR,COLISION,URBANA,IMPRUDENCIA DEL CONDUCTOR,CONDUCCION NO ATENTO CONDICIONES TRANSITO MOMENTO,0,0,0,1,08:45:00
-70.7259644,-32.7550709,548,5,REGION VALPARAISO,5701,SAN FELIPE,BERNARDO OHIGGINS,DARDIGÑAC,0,"Dardignac & Avenida Libertador Bernardo OHiggins, San Felipe, Valparaíso, Chile",-32.7550709,-70.7259644,1,GEOMETRIC_CENTER,2020,1294055,2020/08/11 00:00:00+00,COLISION,COLISION,URBANA,IMPRUDENCIA DEL CONDUCTOR,CONDUCCION NO ATENTO CONDICIONES TRANSITO MOMENTO,0,0,0,0,18:20:00
-71.3784967,-33.0509112,549,5,REGION VALPARAISO,5804,VILLA ALEMANA,SAN ENRIQUE, ,523,"San Enrique 523, Villa Alemana, Valparaíso, Chile",-33.0509112,-71.3784967,1,ROOFTOP,2020,1294222,2020/08/11 00:00:00+00,COLISION FRONTAL,COLISION,URBANA,IMPRUDENCIA DEL CONDUCTOR,ADELANTAMIENTO SIN EL ESPACIO O TIEMPO SUFICIENTE,0,0,0,0,19:30:00
-71.1855831,-32.7894031,550,5,REGION VALPARAISO,5502,CALERA,ALMTE LATORRE,CAMILO HENRIQUEZ,0,"Camilo Henríquez & Almirante Latorre, La Calera, Calera, Valparaíso, Chile",-32.7894031,-71.1855831,1,GEOMETRIC_CENTER,2020,1294224,2020/08/13 00:00:00+00,COLISION LATERAL,COLISION,URBANA,IMPRUDENCIA DEL CONDUCTOR,NO RESPETAR DERECHO PREFERENTE DE PASO A VEHICULO,0,0,1,3,12:20:00
-71.380082,-33.0437901,551,5,REGION VALPARAISO,5804,VILLA ALEMANA,LAUTARO,SANTIAGO,0,"Santiago & Lautaro, Villa Alemana, Valparaíso, Chile",-33.0437901,-71.380082,1,GEOMETRIC_CENTER,2020,1294228,2020/08/13 00:00:00+00,COLISION FRONTAL,COLISION,URBANA,DESOBEDIENCIA A SEÑALIZACION,SEÑALIZACION DESOBEDECER SEÑAL PARE,0,0,0,3,18:20:00
-71.3506079,-33.0478741,552,5,REGION VALPARAISO,5804,VILLA ALEMANA,MANUEL MONTT,BUCAREST,0,"Manuel Montt & Bucarest, Villa Alemana, Valparaíso, Chile",-33.0478741,-71.3506079,1,GEOMETRIC_CENTER,2020,1294247,2020/08/14 00:00:00+00,COLISION,COLISION,URBANA,IMPRUDENCIA DEL CONDUCTOR,ADELANTAMIENTO SIN EL ESPACIO O TIEMPO SUFICIENTE,0,0,0,2,09:15:00
-71.4411362,-33.053615,553,5,REGION VALPARAISO,5801,QUILPUE,CUMMING, ,1412,"Cumming 1412, Quilpué, Valparaíso, Chile",-33.053615,-71.4411362,1,ROOFTOP,2020,1294275,2020/08/14 00:00:00+00,COLISION LATERAL,COLISION,URBANA,IMPRUDENCIA DEL CONDUCTOR,VIRAJES INDEBIDOS,0,0,0,2,08:45:00
-71.469973,-33.0436444,554,5,REGION VALPARAISO,5801,QUILPUE,SAN PABLO,COOPERACION,0,"Cooperación & San Pablo, Quilpué, Valparaíso, Chile",-33.0436444,-71.469973,1,GEOMETRIC_CENTER,2020,1294279,2020/08/14 00:00:00+00,COLISION FRONTAL,COLISION,URBANA,IMPRUDENCIA DEL CONDUCTOR,CONDUCCION CONTRA SENTIDO DEL TRANSITO,0,0,0,0,20:40:00
-71.5640801,-33.1147285,555,5,REGION VALPARAISO,5101,VALPARAISO,RETEN,CALLE DECIMA,0,"Décima & El Retén, Placilla, Valparaíso, Chile",-33.1147285,-71.5640801,1,GEOMETRIC_CENTER,2020,1294287,2020/08/11 00:00:00+00,COLISION FRONTAL,COLISION,URBANA,IMPRUDENCIA DEL CONDUCTOR,NO RESPETAR DERECHO PREFERENTE DE PASO A VEHICULO,0,0,0,0,18:30:00
-71.2638707,-32.9905159,556,5,REGION VALPARAISO,5802,LIMACHE,JOSE TOMAS URMENETA,PALMIRA ROMANO ORIENTE,0,"Palmira Romano Ote. & Av. Jose Tomás Urmeneta, Limache, Valparaíso, Chile",-32.9905159,-71.2638707,1,GEOMETRIC_CENTER,2020,1294293,2020/08/14 00:00:00+00,COLISION LATERAL,COLISION,URBANA,IMPRUDENCIA DEL CONDUCTOR,CONDUCCION NO ATENTO CONDICIONES TRANSITO MOMENTO,0,0,0,2,09:50:00
-71.609883,-33.052558,557,5,REGION VALPARAISO,5101,VALPARAISO,SUBIDA EL LITRE,ALEMANIA,0,"Blas Cuevas 985 Subida - El Litre, Valparaíso, Chile",-33.052558,-71.609883,1,GEOMETRIC_CENTER,2020,1294294,2020/07/16 00:00:00+00,COLISION FRONTAL,COLISION,URBANA,IMPRUDENCIA DEL CONDUCTOR,NO RESPETAR DERECHO PREFERENTE DE PASO A VEHICULO,0,0,0,0,13:30:00
-71.4075698,-33.042541,558,5,REGION VALPARAISO,5801,QUILPUE,AVIADOR ACEVEDO,BELLOTO,0,"Aviador Acevedo & Avda El Belloto, Quilpué, Valparaíso, Chile",-33.042541,-71.4075698,1,GEOMETRIC_CENTER,2020,1294295,2020/08/15 00:00:00+00,COLISION LATERAL,COLISION,URBANA,IMPRUDENCIA DEL CONDUCTOR,VIRAJES INDEBIDOS,0,0,0,0,11:30:00
-71.4166968,-33.0605586,559,5,REGION VALPARAISO,5801,QUILPUE,LAGO LANALHUE,GRUMETE TELLEZ,0,"Lago Lanalhue & Grumete Téllez, Quilpué, Valparaíso, Chile",-33.0605586,-71.4166968,1,GEOMETRIC_CENTER,2020,1294296,2020/08/15 00:00:00+00,COLISION LATERAL,COLISION,URBANA,IMPRUDENCIA DEL CONDUCTOR,CONDUCCION SIN MANTENER DISTANCIA RAZONABLE NI PRUDENTE,0,0,0,1,09:45:00
-71.611117,-33.613059,560,5,REGION VALPARAISO,5601,SAN ANTONIO,DIVINA PROVIDENCIA, ,325,"Divina Providencia 325, San Antonio, Valparaíso, Chile",-33.613059,-71.611117,1,ROOFTOP,2020,1294309,2020/07/23 00:00:00+00,COLISION LATERAL,COLISION,URBANA,IMPRUDENCIA DEL CONDUCTOR,CONDUCCION SIN MANTENER DISTANCIA RAZONABLE NI PRUDENTE,0,0,0,0,12:17:00
-71.6258023,-33.647906,561,5,REGION VALPARAISO,5606,SANTO DOMINGO,E-66, ,25,"Santo Domingo, Valparaíso, Chile",-33.647906,-71.6258023,1,APPROXIMATE,2020,1294333,2020/07/30 00:00:00+00,COLISION POR ALCANCE,COLISION,RURAL,ALCOHOL EN CONDUCTOR,CONDUCCION BAJO LA INFLUENCIA DEL ALCOHOL,0,0,0,0,15:00:00
-71.5001901,-32.982824,562,5,REGION VALPARAISO,5109,VIÑA DEL MAR,CAMINO INTERNACIONAL, ,4500,"Cam. Internacional 4500, Viña del Mar, Valparaíso, Chile",-32.982824,-71.5001901,1,RANGE_INTERPOLATED,2020,1294411,2020/07/22 00:00:00+00,CHOQUE LADO/LADO,CHOQUE,URBANA,IMPRUDENCIA DEL CONDUCTOR,ADELANTAMIENTO SIN EL ESPACIO O TIEMPO SUFICIENTE,0,0,0,0,17:10:00
-71.4966361,-32.9985724,563,5,REGION VALPARAISO,5109,VIÑA DEL MAR,LOS PENSAMIENTOS,AMADEUS MOZART,0,"Los Pensamientos & Amadeus Mozart, Viña del Mar, Valparaíso, Chile",-32.9985724,-71.4966361,1,GEOMETRIC_CENTER,2020,1294419,2020/07/21 00:00:00+00,COLISION,COLISION,URBANA,IMPRUDENCIA DEL CONDUCTOR,CONDUCCION NO ATENTO CONDICIONES TRANSITO MOMENTO,0,0,0,0,15:30:00
-71.541491,-32.9752106,564,5,REGION VALPARAISO,5109,VIÑA DEL MAR,LOS SARGAZOS,JARDIN DEL MAR,0,"Jardín del Mar & Los Sargazos, Viña del Mar, Valparaíso, Chile",-32.9752106,-71.541491,1,GEOMETRIC_CENTER,2020,1294421,2020/08/01 00:00:00+00,CHOQUE FRONTAL,CHOQUE,URBANA,PERDIDA CONTROL VEHICULO,PERDIDA CONTROL VEHICULO,0,0,0,0,13:30:00
-71.5295233,-33.0353594,565,5,REGION VALPARAISO,5109,VIÑA DEL MAR,MIRAFLORES,ALVAREZ,0,"Miraflores & Álvarez, Viña del Mar, Valparaíso, Chile",-33.0353594,-71.5295233,1,GEOMETRIC_CENTER,2020,1294455,2020/08/04 00:00:00+00,COLISION LATERAL,COLISION,URBANA,IMPRUDENCIA DEL CONDUCTOR,CONDUCCION NO ATENTO CONDICIONES TRANSITO MOMENTO,0,0,0,0,09:00:00
-71.6939781,-33.4074581,566,5,REGION VALPARAISO,5604,EL QUISCO,ISIDORO DUBOURNAIS,HUALLILEMU,0,"Av. Huallilemu & Av. Isidoro Dubournais, El Quisco, Valparaíso, Chile",-33.4074581,-71.6939781,1,GEOMETRIC_CENTER,2020,1294551,2020/08/14 00:00:00+00,CHOQUE POSTERIOR,CHOQUE,URBANA,IMPRUDENCIA DEL CONDUCTOR,CONDUCCION NO ATENTO CONDICIONES TRANSITO MOMENTO,0,0,0,2,08:50:00
-71.6928804,-33.4019823,567,5,REGION VALPARAISO,5604,EL QUISCO,EL ALBA,ISIDORO DUBOURNAIS,0,"Lobos Tranquilos 020, El Quisco, Valparaíso, Chile",-33.4019823,-71.6928804,1,ROOFTOP,2020,1294560,2020/08/15 00:00:00+00,COLISION POR ALCANCE,COLISION,URBANA,IMPRUDENCIA DEL CONDUCTOR,CONDUCCION NO ATENTO CONDICIONES TRANSITO MOMENTO,0,0,0,0,12:00:00
-71.2036673,-32.7352894,568,5,REGION VALPARAISO,5506,NOGALES,ALDUNATE,JOSE DEL CARMEN ODOY,0,"Aldunate & José del Carmen Godoy, Nogales, Valparaíso, Chile",-32.7352894,-71.2036673,1,GEOMETRIC_CENTER,2020,1294580,2020/08/17 00:00:00+00,COLISION LATERAL,COLISION,URBANA,DESOBEDIENCIA A SEÑALIZACION,SEÑALIZACION DESOBEDECER SEÑAL CEDA EL PASO,0,0,0,0,12:30:00
-70.618024,-32.8401198,569,5,REGION VALPARAISO,5301,LOS ANDES,JUAN CABELLO CELIS, ,2040,"Regidor Juan Cabellos Celis 2040, Los Andes, Valparaíso, Chile",-32.8401198,-70.618024,1,RANGE_INTERPOLATED,2020,1294583,2020/08/09 00:00:00+00,CHOQUE,CHOQUE,URBANA,ALCOHOL EN CONDUCTOR,CONDUCCION EN ESTADO DE EBRIEDAD,0,0,0,0,00:40:00
-71.2605812,-32.891631,570,5,REGION VALPARAISO,5501,QUILLOTA,VALPARAISO, ,2129,"Valparaíso 2129, Quillota, Valparaíso, Chile",-32.891631,-71.2605812,1,RANGE_INTERPOLATED,2020,1295144,2020/08/16 00:00:00+00,CHOQUE,CHOQUE,URBANA,ALCOHOL EN CONDUCTOR,CONDUCCION EN ESTADO DE EBRIEDAD,0,0,0,0,18:00:00
-71.6045745,-33.5482466,571,5,REGION VALPARAISO,5603,CARTAGENA,CAMINO VECINAL, ,16,"Cartagena, Valparaíso, Chile",-33.5482466,-71.6045745,1,APPROXIMATE,2020,1294691,2020/08/15 00:00:00+00,VOLCADURA,VOLCADURA,URBANA,ALCOHOL EN CONDUCTOR,CONDUCCION EN ESTADO DE EBRIEDAD,0,0,0,0,03:20:00
-71.5716056,-33.1120194,572,5,REGION VALPARAISO,5101,VALPARAISO,CALLE CUARTA,CENTRAL,0,"Cuarta & Central, Placilla, Valparaíso, Chile",-33.1120194,-71.5716056,1,GEOMETRIC_CENTER,2020,1294697,2020/08/15 00:00:00+00,OTRO TIPO,OTRO TIPO,URBANA,ALCOHOL EN CONDUCTOR,CONDUCCION EN ESTADO DE EBRIEDAD,0,0,0,0,01:30:00
-71.6529052,-33.4605996,573,5,REGION VALPARAISO,5605,EL TABO,LINDERO AZUL,G-98-F,0,"G-98-F & Lindero Azul, El Tabo, Valparaíso, Chile",-33.4605996,-71.6529052,1,GEOMETRIC_CENTER,2020,1294700,2020/08/15 00:00:00+00,COLISION,COLISION,URBANA,IMPRUDENCIA DEL CONDUCTOR,CONDUCCION NO ATENTO CONDICIONES TRANSITO MOMENTO,0,0,0,0,10:00:00
-71.4054061,-33.0430825,574,5,REGION VALPARAISO,5801,QUILPUE,GOMEZ CARREÑO,AVIADOR ACEVEDO,0,"Almirante Gomez Carreño & Aviador Acevedo, Quilpué, Valparaíso, Chile",-33.0430825,-71.4054061,1,GEOMETRIC_CENTER,2020,1294740,2020/08/18 00:00:00+00,CHOQUE FRONTAL,CHOQUE,URBANA,CAUSAS NO DETERMINADAS,CAUSAS NO DETERMINADAS,0,0,0,0,12:50:00
-70.7346641,-32.741183,575,5,REGION VALPARAISO,5701,SAN FELIPE,PEDRO DE VALDIVIA,DIEGO DE ALMAGRO,0,"Pedro de Valdivia & Diego de Almagro, San Felipe, Valparaíso, Chile",-32.741183,-70.7346641,1,GEOMETRIC_CENTER,2020,1294755,2020/08/14 00:00:00+00,COLISION,COLISION,URBANA,IMPRUDENCIA DEL CONDUCTOR,CONDUCCION NO ATENTO CONDICIONES TRANSITO MOMENTO,0,0,0,0,11:20:00
-71.5266026,-32.933707,576,5,REGION VALPARAISO,5103,CONCON,CONCON REÑACA,LAS ELENAS,0,"Las Elenas & Av. Concon Reñaca, Concón, Valparaíso, Chile",-32.933707,-71.5266026,1,GEOMETRIC_CENTER,2020,1294777,2020/08/11 00:00:00+00,COLISION LATERAL,COLISION,URBANA,IMPRUDENCIA DEL CONDUCTOR,CONDUCCION NO ATENTO CONDICIONES TRANSITO MOMENTO,0,0,0,1,12:45:00
-71.5458041,-33.0325401,577,5,REGION VALPARAISO,5109,VIÑA DEL MAR,MANUEL VILLAGRA,COLOMBIA,0,"Colombia & Manuel Villagra, Viña del Mar, Valparaíso, Chile",-33.0325401,-71.5458041,1,GEOMETRIC_CENTER,2020,1294831,2020/08/04 00:00:00+00,COLISION LATERAL,COLISION,URBANA,IMPRUDENCIA DEL CONDUCTOR,CONDUCCION NO ATENTO CONDICIONES TRANSITO MOMENTO,0,0,0,0,17:44:00
-71.5492084,-32.9564024,578,5,REGION VALPARAISO,5109,VIÑA DEL MAR,BORGOÑO, ,16350,"Av. Borgoño 16350, Viña del Mar, Concón, Valparaíso, Chile",-32.9564024,-71.5492084,1,ROOFTOP,2020,1294834,2020/08/10 00:00:00+00,CHOQUE FRONTAL,CHOQUE,URBANA,IMPRUDENCIA DEL CONDUCTOR,CONDUCCION NO ATENTO CONDICIONES TRANSITO MOMENTO,0,0,0,0,06:55:00
-71.5372573,-33.0612962,579,5,REGION VALPARAISO,5109,VIÑA DEL MAR,RIO SAN PEDRO,MIRADOR,0,"El Mirador & Rio San Pedro, Viña del Mar, Valparaíso, Chile",-33.0612962,-71.5372573,1,GEOMETRIC_CENTER,2020,1294837,2020/08/12 00:00:00+00,COLISION,COLISION,URBANA,IMPRUDENCIA DEL CONDUCTOR,CONDUCCION NO ATENTO CONDICIONES TRANSITO MOMENTO,0,0,0,0,18:30:00
-71.5024544,-33.0209114,580,5,REGION VALPARAISO,5109,VIÑA DEL MAR,CARLOS IBAÑEZ DEL CAMPO, ,21,"Carlos Ibáñez del Campo 21, Viña del Mar, Valparaíso, Chile",-33.0209114,-71.5024544,1,RANGE_INTERPOLATED,2020,1294846,2020/08/03 00:00:00+00,CHOQUE FRONTAL,CHOQUE,URBANA,PERDIDA CONTROL VEHICULO,PERDIDA CONTROL VEHICULO,0,0,1,2,04:20:00
-71.5363727,-32.9722856,581,5,REGION VALPARAISO,5109,VIÑA DEL MAR,BALMACEDA, ,100,"Av. José Manuel Balmaceda 100, Viña del Mar, Valparaíso, Chile",-32.9722856,-71.5363727,1,RANGE_INTERPOLATED,2020,1294844,2020/08/16 00:00:00+00,COLISION,COLISION,URBANA,IMPRUDENCIA DEL CONDUCTOR,CONDUCCION NO ATENTO CONDICIONES TRANSITO MOMENTO,0,0,0,0,14:10:00
-70.5976322,-32.8417775,582,5,REGION VALPARAISO,5301,LOS ANDES,CHACAY,JERUSALEN,0,"Chacay, Los Andes, Valparaíso, Chile",-32.8417775,-70.5976322,1,GEOMETRIC_CENTER,2020,1294868,2020/08/13 00:00:00+00,COLISION POR ALCANCE,COLISION,URBANA,IMPRUDENCIA DEL CONDUCTOR,CONDUCCION SIN MANTENER DISTANCIA RAZONABLE NI PRUDENTE,0,0,0,1,17:50:00
-71.1924095,-32.7863718,583,5,REGION VALPARAISO,5502,CALERA,DIEGO LILLO,CAUPOLICAN,0,"Diego Lillo & Caupolicán, La Calera, Calera, Valparaíso, Chile",-32.7863718,-71.1924095,1,GEOMETRIC_CENTER,2020,1294939,2020/08/19 00:00:00+00,CHOQUE LADO/LADO,CHOQUE,URBANA,IMPRUDENCIA DEL CONDUCTOR,CONDUCCION SIN MANTENER DISTANCIA RAZONABLE NI PRUDENTE,0,0,0,0,09:00:00
-71.5678561,-33.0212765,584,5,REGION VALPARAISO,5109,VIÑA DEL MAR,LA MARINA, ,37,"Av. Marina 37, Viña del Mar, Valparaíso, Chile",-33.0212765,-71.5678561,1,ROOFTOP,2020,1294961,2020/02/08 00:00:00+00,CHOQUE FRONTAL,CHOQUE,URBANA,VELOCIDAD IMPRUDENTE,VELOCIDAD NO RAZONABLE NI PRUDENTE,1,0,0,0,02:45:00
-70.956166,-32.8409806,585,5,REGION VALPARAISO,5703,LLAY LLAY,LAS PEÑAS, ,0,"Llay Llay, Llayllay, Valparaíso, Chile",-32.8409806,-70.956166,1,APPROXIMATE,2020,1294955,2020/08/16 00:00:00+00,COLISION,COLISION,RURAL,IMPRUDENCIA DEL CONDUCTOR,CONDUCCION NO ATENTO CONDICIONES TRANSITO MOMENTO,0,0,0,1,13:40:00
-70.7311766,-32.7588071,586,5,REGION VALPARAISO,5701,SAN FELIPE,SANTIAGO BUERAS, ,87,"Coronel Santiago Bueras 87, San Felipe, Valparaíso, Chile",-32.7588071,-70.7311766,1,RANGE_INTERPOLATED,2020,1294957,2020/08/16 00:00:00+00,CHOQUE,CHOQUE,URBANA,PERDIDA CONTROL VEHICULO,PERDIDA CONTROL VEHICULO,0,0,0,0,20:55:00
-71.5331295,-33.044487,587,5,REGION VALPARAISO,5109,VIÑA DEL MAR,RIO VALDIVIA, ,3,"Av. Valdivia 3, Viña del Mar, Valparaíso, Chile",-33.044487,-71.5331295,1,RANGE_INTERPOLATED,2020,1294996,2020/08/17 00:00:00+00,CHOQUE FRENTE/POSTERIOR,CHOQUE,URBANA,IMPRUDENCIA DEL CONDUCTOR,CONDUCCION NO ATENTO CONDICIONES TRANSITO MOMENTO,0,0,0,0,13:30:00
-71.507126,-33.0073566,588,5,REGION VALPARAISO,5109,VIÑA DEL MAR,CAMINO INTERNACIONAL, ,537000,"Cam. Internacional, Viña del Mar, Valparaíso, Chile",-33.0073566,-71.507126,1,GEOMETRIC_CENTER,2020,1295008,2020/08/05 00:00:00+00,COLISION,COLISION,URBANA,IMPRUDENCIA DEL CONDUCTOR,CONDUCCION NO ATENTO CONDICIONES TRANSITO MOMENTO,0,0,0,0,14:25:00
-71.2070978,-32.88046,589,5,REGION VALPARAISO,5501,QUILLOTA,LA PALMA, ,23,"La Palma, Quillota, Valparaíso, Chile",-32.88046,-71.2070978,1,APPROXIMATE,2020,1295127,2020/08/15 00:00:00+00,CHOQUE,CHOQUE,URBANA,IMPRUDENCIA DEL CONDUCTOR,CONDUCCION NO ATENTO CONDICIONES TRANSITO MOMENTO,0,0,0,0,09:00:00
-71.4288709,-33.0421253,590,5,REGION VALPARAISO,5801,QUILPUE,FREIRE,LAS ROSAS,0,"Las Rosas & Freire, Quilpué, Valparaíso, Chile",-33.0421253,-71.4288709,1,GEOMETRIC_CENTER,2020,1295158,2020/08/20 00:00:00+00,COLISION PERPENDICULAR,COLISION,URBANA,DESOBEDIENCIA A SEÑALIZACION,SEÑALIZACION DESOBEDECER SEÑAL CEDA EL PASO,0,0,0,2,20:30:00