X,Y,FID,COD_REG,REGION,CUT,COMUNA,CALLE_UNO,CALLE_DOS,NUMERO,DIR_GEOCOD,LAT,LNG,VAL_COM,TIPO,Año,Idaccident,Fecha,Tipo_Accid,Tipo__CONA,Zona,Causa__CON,Causa,Fallecidos,Graves,Menos_Grav,Leves,Hora
-71.2281898,-32.4491256,591,5,REGION VALPARAISO,5401,LA LIGUA,CONDELL,ORTIZ DE ROZAS,0,"Condell & Ortiz de Rosas, La Ligua, Valparaíso, Chile",-32.4491256,-71.2281898,1,GEOMETRIC_CENTER,2020,1295160,2020/08/19 00:00:00+00,CHOQUE,CHOQUE,URBANA,IMPRUDENCIA DEL CONDUCTOR,CONDUCCION NO ATENTO CONDICIONES TRANSITO MOMENTO,0,0,0,0,10:30:00
-70.5805284,-32.7794649,592,5,REGION VALPARAISO,5304,SAN ESTEBAN,SAN REGIS, ,362,"San Regis, San Esteban, Valparaíso, Chile",-32.7794649,-70.5805284,1,APPROXIMATE,2020,1295204,2020/08/15 00:00:00+00,CHOQUE,CHOQUE,URBANA,ALCOHOL EN CONDUCTOR,CONDUCCION EN ESTADO DE EBRIEDAD,0,0,0,1,21:45:00
-70.5779622,-32.8338465,593,5,REGION VALPARAISO,5301,LOS ANDES,OSCAR GRANADINO, ,1188,"Oscar Granadino Yañez 1188, Los Andes, Valparaíso, Chile",-32.8338465,-70.5779622,1,ROOFTOP,2020,1295205,2020/08/16 00:00:00+00,CHOQUE,CHOQUE,URBANA,VELOCIDAD IMPRUDENTE,VELOCIDAD NO RAZONABLE NI PRUDENTE,0,0,0,0,00:30:00
-70.5539061,-32.7839246,594,5,REGION VALPARAISO,5304,SAN ESTEBAN,CHAPARRINA, ,2267,"La Chaparrina 2267, San Esteban, Valparaíso, Chile",-32.7839246,-70.5539061,1,RANGE_INTERPOLATED,2020,1295207,2020/08/16 00:00:00+00,CHOQUE FRONTAL,CHOQUE,URBANA,PERDIDA CONTROL VEHICULO,PERDIDA CONTROL VEHICULO,0,0,0,0,03:00:00
-71.3652722,-33.0438163,595,5,REGION VALPARAISO,5804,VILLA ALEMANA,IGNACIO CARRERA PINTO,VALPARAISO,0,"Av. Valparaíso & Ignacio Carrera Pinto, Villa Alemana, Valparaíso, Chile",-33.0438163,-71.3652722,1,GEOMETRIC_CENTER,2020,1295242,2020/08/15 00:00:00+00,COLISION,COLISION,URBANA,IMPRUDENCIA DEL CONDUCTOR,CONDUCCION NO ATENTO CONDICIONES TRANSITO MOMENTO,0,1,0,0,20:00:00
-71.3730502,-33.0569537,596,5,REGION VALPARAISO,5804,VILLA ALEMANA,MATURANA,LAS ROSAS,0,"Maturana & Las Rosas, Villa Alemana, Valparaíso, Chile",-33.0569537,-71.3730502,1,GEOMETRIC_CENTER,2020,1295243,2020/08/16 00:00:00+00,CHOQUE FRONTAL,CHOQUE,URBANA,PERDIDA CONTROL VEHICULO,PERDIDA CONTROL VEHICULO,0,0,0,0,01:25:00
-71.3577909,-33.0427919,597,5,REGION VALPARAISO,5804,VILLA ALEMANA,MANUEL MONTT,COLON,0,"Manuel Montt & Colón, Villa Alemana, Valparaíso, Chile",-33.0427919,-71.3577909,1,GEOMETRIC_CENTER,2020,1295244,2020/08/15 00:00:00+00,COLISION LATERAL,COLISION,URBANA,IMPRUDENCIA DEL CONDUCTOR,ADELANTAMIENTO SIN EL ESPACIO O TIEMPO SUFICIENTE,0,0,0,0,19:50:00
-70.7286065,-32.7450872,598,5,REGION VALPARAISO,5701,SAN FELIPE,MANSO DE VELASCO,MAIPU,0,"Encon 51, San Felipe, Valparaíso, Chile",-32.7450872,-70.7286065,1,ROOFTOP,2020,1295317,2020/08/17 00:00:00+00,COLISION,COLISION,URBANA,IMPRUDENCIA DEL CONDUCTOR,CONDUCCION NO ATENTO CONDICIONES TRANSITO MOMENTO,0,0,0,0,13:00:00
-71.2086087,-32.7295961,599,5,REGION VALPARAISO,5506,NOGALES,PASAJE UNO, ,25,"Pje. 1, Nogales, Valparaíso, Chile",-32.7295961,-71.2086087,1,GEOMETRIC_CENTER,2020,1295328,2020/08/23 00:00:00+00,CHOQUE POSTERIOR/FRENTE,CHOQUE,URBANA,IMPRUDENCIA DEL CONDUCTOR,CONDUCIR VEHICULO EN RETROCESO,0,0,0,0,15:30:00
-71.3923919,-33.0378231,600,5,REGION VALPARAISO,5804,VILLA ALEMANA,CONTRERAS,UNION,0,"Unión & Pedro Víctor Contreras, Villa Alemana, Valparaíso, Chile",-33.0378231,-71.3923919,1,GEOMETRIC_CENTER,2020,1295368,2020/08/17 00:00:00+00,CHOQUE LATERAL,CHOQUE,URBANA,OTRAS CAUSAS,OTRAS CAUSAS,0,0,0,0,09:30:00
-71.5741033,-33.0608013,601,5,REGION VALPARAISO,5101,VALPARAISO,VILLA MAGISTERIO,RODELILLO,0,"Avenida Rodelillo & Villa Magisterio, Valparaíso, Chile",-33.0608013,-71.5741033,1,GEOMETRIC_CENTER,2020,1295377,2020/08/21 00:00:00+00,ATROPELLO,ATROPELLO,URBANA,IMPRUDENCIA DEL CONDUCTOR,CONDUCCION NO ATENTO CONDICIONES TRANSITO MOMENTO,1,0,0,0,14:50:00
-71.2296724,-32.8661259,602,5,REGION VALPARAISO,5501,QUILLOTA,CALETERA 7, ,5,"Caletera 7, Quillota, Valparaíso, Chile",-32.8661259,-71.2296724,1,GEOMETRIC_CENTER,2020,1295646,2020/08/24 00:00:00+00,COLISION,COLISION,URBANA,PERDIDA CONTROL VEHICULO,PERDIDA CONTROL VEHICULO,0,1,1,0,13:40:00
-71.2679528,-33.0028264,603,5,REGION VALPARAISO,5802,LIMACHE,PALMIRA ROMANO SUR,URMENETA,0,"Palmira Romano Sur 405, Limache, Valparaíso, Chile",-33.0028264,-71.2679528,1,ROOFTOP,2020,1295508,2020/08/23 00:00:00+00,COLISION FRONTAL,COLISION,URBANA,DESOBEDIENCIA A SEÑALIZACION,SEÑALIZACION DESOBEDECER LUZ ROJA DE SEMAFORO,0,0,0,1,11:50:00
-71.5912485,-33.5254725,604,5,REGION VALPARAISO,5603,CARTAGENA,VARIANTE SAN SEBASTIAN,CEMENTARIO,0,"San Sebastián, Cartagena, Valparaíso, Chile",-33.5254725,-71.5912485,1,GEOMETRIC_CENTER,2020,1295513,2020/08/22 00:00:00+00,VOLCADURA,VOLCADURA,URBANA,PERDIDA CONTROL VEHICULO,PERDIDA CONTROL VEHICULO,0,0,0,0,18:36:00
-71.5941743,-33.5434889,605,5,REGION VALPARAISO,5603,CARTAGENA,SANTA CORINA, ,778,"Santa Corina, Cartagena, Valparaíso, Chile",-33.5434889,-71.5941743,1,GEOMETRIC_CENTER,2020,1295533,2020/08/23 00:00:00+00,CHOQUE,CHOQUE,URBANA,FALLAS MECANICAS,FALLAS MECANICAS FRENOS,0,0,0,0,17:50:00
-71.6324135,-33.0547604,606,5,REGION VALPARAISO,5101,VALPARAISO,PROGRESO,LO VENEGAS,0,"Lo Venegas & Progreso, Valparaíso, Chile",-33.0547604,-71.6324135,1,GEOMETRIC_CENTER,2020,1295535,2020/08/21 00:00:00+00,COLISION LATERAL,COLISION,URBANA,IMPRUDENCIA DEL CONDUCTOR,CONDUCCION CONTRA SENTIDO DEL TRANSITO,0,0,0,0,07:40:00
-71.5961747,-33.0353208,607,5,REGION VALPARAISO,5101,VALPARAISO,ESPAÑA, ,1680,"Av. España 1680, Viña del Mar, Valparaíso, Chile",-33.0353208,-71.5961747,1,ROOFTOP,2020,1295578,2020/08/18 00:00:00+00,COLISION POR ALCANCE,COLISION,URBANA,IMPRUDENCIA DEL CONDUCTOR,CONDUCCION SIN MANTENER DISTANCIA RAZONABLE NI PRUDENTE,0,0,0,0,12:00:00
-71.6066939,-33.0509123,608,5,REGION VALPARAISO,5101,VALPARAISO,COLON,ALMTE BARROSO,0,"Almte. Barroso & Av. Colón, Valparaíso, Chile",-33.0509123,-71.6066939,1,GEOMETRIC_CENTER,2020,1295610,2020/08/19 00:00:00+00,COLISION,COLISION,URBANA,IMPRUDENCIA DEL CONDUCTOR,ADELANTAMIENTO SIN EL ESPACIO O TIEMPO SUFICIENTE,0,0,1,0,16:00:00
-71.6035132,-33.0482404,609,5,REGION VALPARAISO,5101,VALPARAISO,ARGENTINA,SAN JOSE,0,"Avenida Argentina & San José, Valparaíso, Chile",-33.0482404,-71.6035132,1,GEOMETRIC_CENTER,2020,1295613,2020/08/20 00:00:00+00,COLISION,COLISION,URBANA,IMPRUDENCIA DEL CONDUCTOR,CONDUCCION NO ATENTO CONDICIONES TRANSITO MOMENTO,0,0,0,3,19:30:00
-71.4448069,-33.0522845,610,5,REGION VALPARAISO,5801,QUILPUE,ANTONIO VARAS,BUENOS AIRES,0,"Antonio Varas & Buenos Aires, Quilpué, Valparaíso, Chile",-33.0522845,-71.4448069,1,GEOMETRIC_CENTER,2020,1295622,2020/08/24 00:00:00+00,COLISION LATERAL,COLISION,URBANA,IMPRUDENCIA DEL CONDUCTOR,CONDUCCION NO ATENTO CONDICIONES TRANSITO MOMENTO,0,0,0,0,14:40:00
-71.4618531,-33.0575909,611,5,REGION VALPARAISO,5801,QUILPUE,ATACAMA, ,1464,"Atacama 1464, Quilpué, Valparaíso, Chile",-33.0575909,-71.4618531,1,RANGE_INTERPOLATED,2020,1295630,2020/08/24 00:00:00+00,CHOQUE FRONTAL,CHOQUE,URBANA,ALCOHOL EN CONDUCTOR,CONDUCCION EN ESTADO DE EBRIEDAD,0,0,0,0,00:15:00
-70.6577267,-32.7483642,612,5,REGION VALPARAISO,5706,SANTA MARIA,IRARRAZAVAL, ,135,"Av. Irarrazabal 135, Santa Maria, Valparaíso, Chile",-32.7483642,-70.6577267,1,RANGE_INTERPOLATED,2020,1295665,2020/08/18 00:00:00+00,CHOQUE POSTERIOR,CHOQUE,URBANA,IMPRUDENCIA DEL CONDUCTOR,CONDUCCION NO ATENTO CONDICIONES TRANSITO MOMENTO,0,0,0,1,07:15:00
-70.6587073,-32.7470027,613,5,REGION VALPARAISO,5706,SANTA MARIA,SAN JOSE, ,157,"Santa Maria, Valparaíso, Chile",-32.7470027,-70.6587073,1,APPROXIMATE,2020,1295695,2020/08/18 00:00:00+00,VOLCADURA,VOLCADURA,URBANA,PERDIDA CONTROL VEHICULO,PERDIDA CONTROL VEHICULO,0,1,0,0,13:10:00
-71.5961747,-33.0353208,614,5,REGION VALPARAISO,5101,VALPARAISO,ESPAÑA, ,1680,"Av. España 1680, Viña del Mar, Valparaíso, Chile",-33.0353208,-71.5961747,1,ROOFTOP,2020,1295706,2020/08/18 00:00:00+00,COLISION POR ALCANCE,COLISION,URBANA,IMPRUDENCIA DEL CONDUCTOR,CONDUCCION SIN MANTENER DISTANCIA RAZONABLE NI PRUDENTE,0,0,0,0,12:00:00
-71.6505558,-33.0457881,615,5,REGION VALPARAISO,5101,VALPARAISO,SANTA MARIA, ,2044,"Av. Federico Sta. Maria Nº 2044, Valparaíso, Chile",-33.0457881,-71.6505558,1,GEOMETRIC_CENTER,2020,1295714,2020/08/18 00:00:00+00,CHOQUE FRENTE/FRENTE,CHOQUE,URBANA,IMPRUDENCIA DEL CONDUCTOR,CONDUCCION SIN MANTENER DISTANCIA RAZONABLE NI PRUDENTE,0,0,0,0,10:45:00
-70.7301555,-32.7500497,616,5,REGION VALPARAISO,5701,SAN FELIPE,CHORRILLOS,MAIPU,0,"Maipú & Chorrillos, San Felipe, Valparaíso, Chile",-32.7500497,-70.7301555,1,GEOMETRIC_CENTER,2020,1295746,2020/08/20 00:00:00+00,COLISION,COLISION,URBANA,IMPRUDENCIA DEL CONDUCTOR,CONDUCCION NO ATENTO CONDICIONES TRANSITO MOMENTO,0,0,0,0,18:00:00
-70.7358762,-32.7571144,617,5,REGION VALPARAISO,5701,SAN FELIPE,MANSO DE VELASCO,SANTIAGO BUERAS,0,"Coronel Santiago Bueras & Manso de Velasco, San Felipe, Valparaíso, Chile",-32.7571144,-70.7358762,1,GEOMETRIC_CENTER,2020,1295766,2020/08/20 00:00:00+00,COLISION,COLISION,URBANA,DESOBEDIENCIA A SEÑALIZACION,SEÑALIZACION DESOBEDECER SEÑAL PARE,0,0,0,2,18:45:00
-71.55358,-33.02347,618,5,REGION VALPARAISO,5109,VIÑA DEL MAR,ARLEGUI, ,615,"Arlegui 615, Viña del Mar, Valparaíso, Chile",-33.02347,-71.55358,1,ROOFTOP,2020,1295788,2020/08/14 00:00:00+00,CHOQUE FRENTE/POSTERIOR,CHOQUE,URBANA,IMPRUDENCIA DEL CONDUCTOR,CONDUCCION NO ATENTO CONDICIONES TRANSITO MOMENTO,0,0,0,0,08:30:00
-71.6314626,-33.0589016,619,5,REGION VALPARAISO,5101,VALPARAISO,AQUILES RAMIREZ, ,997,"Aquiles Ramírez, Valparaíso, Chile",-33.0589016,-71.6314626,1,GEOMETRIC_CENTER,2020,1295831,2020/08/21 00:00:00+00,COLISION LATERAL,COLISION,URBANA,IMPRUDENCIA DEL CONDUCTOR,CONDUCCION CAMBIAR SORPRESIVAMENTE PISTA CIRCULACION,0,0,0,0,07:30:00
-71.38083,-33.044412,620,5,REGION VALPARAISO,5804,VILLA ALEMANA,VALPARAISO,SANTA ANA,0,"Av. Valparaíso & Sta. Ana, Villa Alemana, Valparaíso, Chile",-33.044412,-71.38083,1,GEOMETRIC_CENTER,2020,1295832,2020/08/20 00:00:00+00,COLISION,COLISION,URBANA,DESOBEDIENCIA A SEÑALIZACION,SEÑALIZACION DESOBEDECER LUZ ROJA DE SEMAFORO,0,2,0,1,22:39:00
-71.4022771,-33.0460355,621,5,REGION VALPARAISO,5801,QUILPUE,FREIRE,MANCO CAPAC,0,"Manco Capac & Freire, Quilpué, Valparaíso, Chile",-33.0460355,-71.4022771,1,GEOMETRIC_CENTER,2020,1295869,2020/08/25 00:00:00+00,CHOQUE FRENTE/POSTERIOR,CHOQUE,URBANA,IMPRUDENCIA DEL CONDUCTOR,CONDUCCION SIN MANTENER DISTANCIA RAZONABLE NI PRUDENTE,0,0,0,0,14:00:00
-71.4188844,-33.0657799,622,5,REGION VALPARAISO,5801,QUILPUE,MARGA MARGA, ,2579,"Marga Marga 2579, Quilpué, Valparaíso, Chile",-33.0657799,-71.4188844,1,ROOFTOP,2020,1295873,2020/08/25 00:00:00+00,COLISION FRONTAL,COLISION,URBANA,IMPRUDENCIA DEL CONDUCTOR,CONDUCCION CAMBIAR SORPRESIVAMENTE PISTA CIRCULACION,0,0,0,0,07:45:00
-70.609585,-32.8430207,623,5,REGION VALPARAISO,5301,LOS ANDES,TUCAPEL,ELIAS FONCEA,0,"Elías Foncea & Tucapel, Los Andes, Valparaíso, Chile",-32.8430207,-70.609585,1,GEOMETRIC_CENTER,2020,1295880,2020/08/18 00:00:00+00,CHOQUE FRENTE/POSTERIOR,CHOQUE,URBANA,ALCOHOL EN CONDUCTOR,CONDUCCION EN ESTADO DE EBRIEDAD,0,0,0,1,21:50:00
-71.5680018,-33.1336003,624,5,REGION VALPARAISO,5101,VALPARAISO,LOMAS DE LA LUZ, ,1665,"Av. Lomas de la Luz, Placilla, Valparaíso, Chile",-33.1336003,-71.5680018,1,GEOMETRIC_CENTER,2020,1295904,2020/08/20 00:00:00+00,CHOQUE FRONTAL,CHOQUE,URBANA,OTRAS CAUSAS,OTRAS CAUSAS,0,0,0,0,10:00:00
-71.6005381,-33.044049,625,5,REGION VALPARAISO,5101,VALPARAISO,VALPARAISO, ,258,"Valparaíso 258, Valparaíso, Chile",-33.044049,-71.6005381,1,RANGE_INTERPOLATED,2020,1295969,2020/08/22 00:00:00+00,COLISION,COLISION,URBANA,CAUSAS NO DETERMINADAS,CAUSAS NO DETERMINADAS,0,0,0,0,12:00:00
-71.5315763,-32.7924077,626,5,REGION VALPARAISO,5107,QUINTERO,UNDURRAGA, ,723,"Undurraga 723, Quintero, Valparaíso, Chile",-32.7924077,-71.5315763,1,RANGE_INTERPOLATED,2020,1296057,2020/08/17 00:00:00+00,CHOQUE FRONTAL,CHOQUE,URBANA,ALCOHOL EN CONDUCTOR,CONDUCCION BAJO LA INFLUENCIA DEL ALCOHOL,0,0,0,0,21:15:00
-70.5672819,-32.7815527,627,5,REGION VALPARAISO,5304,SAN ESTEBAN,LA CHAPARRIÑA, ,3307,"La Chaparrina, San Esteban, Valparaíso, Chile",-32.7815527,-70.5672819,1,GEOMETRIC_CENTER,2020,1296202,2020/08/22 00:00:00+00,CHOQUE FRONTAL,CHOQUE,URBANA,ALCOHOL EN CONDUCTOR,CONDUCCION EN ESTADO DE EBRIEDAD,0,0,0,1,22:00:00
-71.3834774,-33.0468248,628,5,REGION VALPARAISO,5804,VILLA ALEMANA,HUANHUALI, ,182,"Huanhuali 182, Villa Alemana, Valparaíso, Chile",-33.0468248,-71.3834774,1,RANGE_INTERPOLATED,2020,1297177,2020/08/29 00:00:00+00,OTRO TIPO,OTRO TIPO,URBANA,ALCOHOL EN CONDUCTOR,CONDUCCION EN ESTADO DE EBRIEDAD,0,0,0,1,05:55:00
-70.596458,-32.8312855,629,5,REGION VALPARAISO,5301,LOS ANDES,TRES CARRERA,MAIPU,0,"Maipú & Tres Carrera, Los Andes, Valparaíso, Chile",-32.8312855,-70.596458,1,GEOMETRIC_CENTER,2020,1296230,2020/08/24 00:00:00+00,CHOQUE FRENTE/LADO,CHOQUE,URBANA,IMPRUDENCIA DEL CONDUCTOR,CONDUCCION NO ATENTO CONDICIONES TRANSITO MOMENTO,0,0,0,1,17:10:00
-70.5305261,-32.6752113,630,5,REGION VALPARAISO,5304,SAN ESTEBAN,CAMPOS DE AHUMADA, ,7,"Comunidad Campo de Ahumada, San Esteban, Valparaíso, Chile",-32.6752113,-70.5305261,1,APPROXIMATE,2020,1296239,2020/08/25 00:00:00+00,COLISION LATERAL,COLISION,RURAL,VELOCIDAD IMPRUDENTE,VELOCIDAD NO RAZONABLE NI PRUDENTE,0,0,0,0,09:15:00
-70.6145493,-32.811429,631,5,REGION VALPARAISO,5301,LOS ANDES,SAN RAFAEL,EL LABERINTO,0,"El Laberinto, Los Andes, Valparaíso, Chile",-32.811429,-70.6145493,1,GEOMETRIC_CENTER,2020,1296245,2020/08/25 00:00:00+00,COLISION,COLISION,URBANA,FALLAS MECANICAS,FALLAS MECANICAS CARROCERIA,0,0,0,1,12:00:00
-71.4240727,-33.0548744,632,5,REGION VALPARAISO,5801,QUILPUE,ALHELI,OVALLE,0,"Del Alelí & Ovalle, Quilpué, Valparaíso, Chile",-33.0548744,-71.4240727,1,GEOMETRIC_CENTER,2020,1296291,2020/08/26 00:00:00+00,COLISION PERPENDICULAR,COLISION,URBANA,DESOBEDIENCIA A SEÑALIZACION,SEÑALIZACION DESOBEDECER SEÑAL CEDA EL PASO,0,0,0,0,21:55:00
-71.2586719,-32.8958989,633,5,REGION VALPARAISO,5501,QUILLOTA,ALBERDI,SALVADOR SAID,0,"Salvador Said & Juan Bautista Alberdi, Quillota, Valparaíso, Chile",-32.8958989,-71.2586719,1,GEOMETRIC_CENTER,2020,1296438,2020/08/27 00:00:00+00,COLISION,COLISION,URBANA,IMPRUDENCIA DEL CONDUCTOR,CONDUCCION NO ATENTO CONDICIONES TRANSITO MOMENTO,0,0,0,1,17:45:00
-71.6405117,-33.045033,634,5,REGION VALPARAISO,5101,VALPARAISO,CORDILLERA, ,137,"Cordillera 137, Valparaíso, Chile",-33.045033,-71.6405117,1,RANGE_INTERPOLATED,2020,1296506,2020/08/24 00:00:00+00,CHOQUE FRENTE/POSTERIOR,CHOQUE,URBANA,VELOCIDAD IMPRUDENTE,VELOCIDAD NO RAZONABLE NI PRUDENTE,0,0,0,0,20:30:00
-71.6944974,-33.3995581,635,5,REGION VALPARAISO,5604,EL QUISCO,FRANCIA,ISIDORO DUBOURNAIS,0,"Av. Francia & Av. Isidoro Dubournais, El Quisco, Valparaíso, Chile",-33.3995581,-71.6944974,1,GEOMETRIC_CENTER,2020,1296516,2020/05/20 00:00:00+00,CHOQUE FRONTAL,CHOQUE,URBANA,PERDIDA CONTROL VEHICULO,PERDIDA CONTROL VEHICULO,0,0,0,0,21:50:00
-70.7269956,-32.7460151,636,5,REGION VALPARAISO,5701,SAN FELIPE,CHACABUCO,NAVARRO,0,"Chacabuco & Navarro, San Felipe, Valparaíso, Chile",-32.7460151,-70.7269956,1,GEOMETRIC_CENTER,2020,1296525,2020/08/22 00:00:00+00,COLISION,COLISION,URBANA,DESOBEDIENCIA A SEÑALIZACION,SEÑALIZACION DESOBEDECER SEÑAL PARE,0,1,0,0,14:00:00
-71.4453315,-33.0492126,637,5,REGION VALPARAISO,5801,QUILPUE,MENA,LOS CARRERA,0,"Mena & Avenida Los Carrera, Quilpué, Valparaíso, Chile",-33.0492126,-71.4453315,1,GEOMETRIC_CENTER,2020,1296579,2020/08/28 00:00:00+00,COLISION LATERAL,COLISION,URBANA,IMPRUDENCIA DEL CONDUCTOR,CONDUCCION CAMBIAR SORPRESIVAMENTE PISTA CIRCULACION,0,0,0,0,10:05:00
-71.4438443,-32.5098616,638,5,REGION VALPARAISO,5403,PAPUDO,MIRAFLORES,SERRANO,0,"Miraflores & Serrano, Papudo, Valparaíso, Chile",-32.5098616,-71.4438443,1,GEOMETRIC_CENTER,2020,1296681,2020/08/28 00:00:00+00,CHOQUE,CHOQUE,URBANA,DEFICIENCIAS VIALES,ANIMALES SUELTOS VIA PUBLICA,0,0,0,0,13:20:00
-71.229499,-32.4488964,639,5,REGION VALPARAISO,5401,LA LIGUA,ORTIZ DE ROZAS, ,342,"Ortiz de Rosas 342, La Ligua, Valparaíso, Chile",-32.4488964,-71.229499,1,RANGE_INTERPOLATED,2020,1296693,2020/08/28 00:00:00+00,CHOQUE,CHOQUE,URBANA,CAUSAS NO DETERMINADAS,CAUSAS NO DETERMINADAS,0,0,0,0,14:30:00
-71.6022362,-33.588055,640,5,REGION VALPARAISO,5601,SAN ANTONIO,ISLA PICTON, ,880,"Isla Picton 880, San Antonio, Valparaíso, Chile",-33.588055,-71.6022362,1,RANGE_INTERPOLATED,2020,1296713,2020/08/06 00:00:00+00,CHOQUE FRENTE/POSTERIOR,CHOQUE,URBANA,IMPRUDENCIA DEL CONDUCTOR,CONDUCCION NO ATENTO CONDICIONES TRANSITO MOMENTO,0,0,0,0,18:46:00
-71.6140662,-33.6028883,641,5,REGION VALPARAISO,5601,SAN ANTONIO,7 SUR,OHIGGINS,0,"7 Sur, San Antonio, Valparaíso, Chile",-33.6028883,-71.6140662,1,GEOMETRIC_CENTER,2020,1296873,2020/08/07 00:00:00+00,COLISION,COLISION,URBANA,IMPRUDENCIA DEL CONDUCTOR,CONDUCCION SIN MANTENER DISTANCIA RAZONABLE NI PRUDENTE,0,0,0,0,19:30:00
-71.61166,-33.5864727,642,5,REGION VALPARAISO,5601,SAN ANTONIO,21 DE MAYO, ,712,"Veintiuno de Mayo 712, San Antonio, Valparaíso, Chile",-33.5864727,-71.61166,1,ROOFTOP,2020,1296926,2020/08/14 00:00:00+00,CHOQUE FRENTE/POSTERIOR,CHOQUE,URBANA,OTRAS CAUSAS,OTRAS CAUSAS,0,0,0,1,08:40:00
-71.6136029,-33.5816834,643,5,REGION VALPARAISO,5601,SAN ANTONIO,BARROS LUCO, ,105,"Barros Luco 105, San Antonio, Valparaíso, Chile",-33.5816834,-71.6136029,1,ROOFTOP,2020,1296884,2020/08/07 00:00:00+00,COLISION,COLISION,URBANA,IMPRUDENCIA DEL CONDUCTOR,CONDUCCION SIN MANTENER DISTANCIA RAZONABLE NI PRUDENTE,0,0,0,0,15:10:00
-71.6130935,-33.5958659,644,5,REGION VALPARAISO,5601,SAN ANTONIO,BARROS LUCO,MOLO,0,"El Molo & Barros Luco, San Antonio, Valparaíso, Chile",-33.5958659,-71.6130935,1,GEOMETRIC_CENTER,2020,1296901,2020/08/12 00:00:00+00,CHOQUE,CHOQUE,URBANA,FALLAS MECANICAS,FALLAS MECANICAS NEUMATICOS,0,0,0,0,20:20:00
-71.6065777,-33.5971392,645,5,REGION VALPARAISO,5601,SAN ANTONIO,INDEPENDENCIA,ORELLA,0,"Independencia 1712, San Antonio, V Valparaiso, Chile",-33.5971392,-71.6065777,1,ROOFTOP,2020,1296911,2020/08/14 00:00:00+00,COLISION POR ALCANCE,COLISION,URBANA,IMPRUDENCIA DEL PEATON,IMPRUDENCIA DEL PEATON,0,0,0,0,14:18:00
-71.2704828,-32.9905331,646,5,REGION VALPARAISO,5802,LIMACHE,CAUPOLICAN,CARRERA,0,"Carrera & Caupolicán, Limache, Valparaíso, Chile",-32.9905331,-71.2704828,1,GEOMETRIC_CENTER,2020,1296952,2020/08/28 00:00:00+00,VOLCADURA,VOLCADURA,URBANA,PERDIDA CONTROL VEHICULO,PERDIDA CONTROL VEHICULO,0,0,0,1,19:20:00
-71.6064497,-33.5964018,647,5,REGION VALPARAISO,5601,SAN ANTONIO,INDEPENDENCIA,LUIS GONZALEZ,0,"Independencia, San Antonio, Valparaíso, Chile",-33.5964018,-71.6064497,1,GEOMETRIC_CENTER,2020,1296960,2020/08/15 00:00:00+00,CHOQUE LADO/LADO,CHOQUE,URBANA,IMPRUDENCIA DEL CONDUCTOR,CONDUCCION NO ATENTO CONDICIONES TRANSITO MOMENTO,0,0,0,0,15:32:00
-71.6124201,-33.5808821,648,5,REGION VALPARAISO,5601,SAN ANTONIO,BLANCO ENCALADA,CENTENARIO,0,"Centenario & Blanco Encalada, San Antonio, Valparaíso, Chile",-33.5808821,-71.6124201,1,GEOMETRIC_CENTER,2020,1296978,2020/08/17 00:00:00+00,CHOQUE LADO/LADO,CHOQUE,URBANA,IMPRUDENCIA DEL CONDUCTOR,ADELANTAMIENTO SIN EL ESPACIO O TIEMPO SUFICIENTE,0,0,0,0,18:00:00
-71.6065777,-33.5971392,649,5,REGION VALPARAISO,5601,SAN ANTONIO,INDEPENDENCIA,ORELLA,0,"Independencia 1712, San Antonio, V Valparaiso, Chile",-33.5971392,-71.6065777,1,ROOFTOP,2020,1297001,2020/08/18 00:00:00+00,COLISION LATERAL,COLISION,URBANA,IMPRUDENCIA DEL CONDUCTOR,CONDUCCION NO ATENTO CONDICIONES TRANSITO MOMENTO,0,0,0,1,22:00:00
-71.5291992,-32.7952698,650,5,REGION VALPARAISO,5107,QUINTERO,SALAS,LUIS COUSIÑO,0,"Luis Cousiño & Salas, Quintero, Valparaíso, Chile",-32.7952698,-71.5291992,1,GEOMETRIC_CENTER,2020,1297073,2020/08/20 00:00:00+00,CHOQUE POSTERIOR,CHOQUE,URBANA,OTRAS CAUSAS,OTRAS CAUSAS,0,0,0,0,19:30:00
-71.5268263,-32.7941848,651,5,REGION VALPARAISO,5107,QUINTERO,NORMANDIE,IGNACIO CARRERA PINTO,0,"Ignacio Carrera Pinto & Avenida Normandie, Quintero, Valparaíso, Chile",-32.7941848,-71.5268263,1,GEOMETRIC_CENTER,2020,1297079,2020/08/21 00:00:00+00,COLISION POR ALCANCE,COLISION,URBANA,OTRAS CAUSAS,OTRAS CAUSAS,0,0,0,0,14:20:00