X,Y,FID,COD_REG,REGION,CUT,COMUNA,CALLE_UNO,CALLE_DOS,NUMERO,DIR_GEOCOD,LAT,LNG,VAL_COM,TIPO,Año,Idaccident,Fecha,Tipo_Accid,Tipo__CONA,Zona,Causa__CON,Causa,Fallecidos,Graves,Menos_Grav,Leves,Hora
-71.3782539,-33.061038,652,5,REGION VALPARAISO,5804,VILLA ALEMANA,SAN ENRIQUE,LOURDES,0,"Lourdes & San Enrique, Villa Alemana, Valparaíso, Chile",-33.061038,-71.3782539,1,GEOMETRIC_CENTER,2020,1297169,2020/08/28 00:00:00+00,COLISION,COLISION,URBANA,IMPRUDENCIA DEL CONDUCTOR,CONDUCCION NO ATENTO CONDICIONES TRANSITO MOMENTO,0,0,0,0,10:30:00
-71.3555936,-33.0423535,653,5,REGION VALPARAISO,5804,VILLA ALEMANA,BAQUEDANO,RIQUELME,0,"Baquedano & Riquelme, Villa Alemana, Valparaíso, Chile",-33.0423535,-71.3555936,1,GEOMETRIC_CENTER,2020,1297171,2020/08/29 00:00:00+00,COLISION,COLISION,URBANA,DESOBEDIENCIA A SEÑALIZACION,SEÑALIZACION DESOBEDECER SEÑAL PARE,0,0,0,0,22:30:00
-71.3519051,-33.0530634,654,5,REGION VALPARAISO,5804,VILLA ALEMANA,LOS AROMOS,LAS ACACIAS,0,"Las Acacias & Los Aromos, Villa Alemana, Valparaíso, Chile",-33.0530634,-71.3519051,1,GEOMETRIC_CENTER,2020,1297178,2020/08/29 00:00:00+00,COLISION,COLISION,URBANA,DESOBEDIENCIA A SEÑALIZACION,SEÑALIZACION DESOBEDECER SEÑAL PARE,0,1,0,0,15:15:00
-71.3656088,-33.0461698,655,5,REGION VALPARAISO,5804,VILLA ALEMANA,IGNACIO CARRERA PINTO,VICTORIA,0,"Ignacio Carrera Pinto & Victoria, Villa Alemana, Valparaíso, Chile",-33.0461698,-71.3656088,1,GEOMETRIC_CENTER,2020,1297181,2020/08/30 00:00:00+00,COLISION,COLISION,URBANA,IMPRUDENCIA DEL CONDUCTOR,NO RESPETAR DERECHO PREFERENTE DE PASO A VEHICULO,0,0,0,2,20:30:00
-71.4919984,-33.0253496,656,5,REGION VALPARAISO,5109,VIÑA DEL MAR,TRONCAL URBANO,TAMARUGAL,0,"Tamarugal 1535, Viña del Mar, Valparaíso, Chile",-33.0253496,-71.4919984,1,ROOFTOP,2020,1297183,2020/08/20 00:00:00+00,COLISION,COLISION,URBANA,IMPRUDENCIA DEL CONDUCTOR,CONDUCCION NO ATENTO CONDICIONES TRANSITO MOMENTO,0,0,0,1,19:45:00
-71.5009726,-33.0514444,657,5,REGION VALPARAISO,5109,VIÑA DEL MAR,TRONCAL SUR,QUILPUE,0,"Autop. Troncal Sur, Viña del Mar, Valparaíso, Chile",-33.0514444,-71.5009726,1,GEOMETRIC_CENTER,2020,1297207,2020/08/20 00:00:00+00,CHOQUE FRONTAL,CHOQUE,URBANA,IMPRUDENCIA DEL CONDUCTOR,CONDUCCION NO ATENTO CONDICIONES TRANSITO MOMENTO,0,0,0,1,12:45:00
-71.6969227,-33.4043603,658,5,REGION VALPARAISO,5604,EL QUISCO,CRUZ DEL SUR,VIA LACTEA,0,"Vía Láctea & Cruz del Sur, El Quisco, Valparaíso, Chile",-33.4043603,-71.6969227,1,GEOMETRIC_CENTER,2020,1297215,2020/08/25 00:00:00+00,CHOQUE POSTERIOR,CHOQUE,URBANA,IMPRUDENCIA DEL CONDUCTOR,CONDUCCION NO ATENTO CONDICIONES TRANSITO MOMENTO,0,0,0,0,18:00:00
-71.6732479,-33.3724058,659,5,REGION VALPARAISO,5602,ALGARROBO,IGNACIO CARRERA PINTO,PEÑABLANCA,0,"Av. Peñablanca & Av. Ignacio Carrera Pinto, Algarrobo, Valparaíso, Chile",-33.3724058,-71.6732479,1,GEOMETRIC_CENTER,2020,1297250,2020/08/28 00:00:00+00,COLISION LATERAL,COLISION,URBANA,IMPRUDENCIA DEL CONDUCTOR,CONDUCCION NO ATENTO CONDICIONES TRANSITO MOMENTO,0,0,0,0,12:15:00
-71.5035089,-32.9936854,660,5,REGION VALPARAISO,5109,VIÑA DEL MAR,LAS MARAVILLAS,ROTONDA GLORIAS NAVALES,0,"Fragata Esmeralda, Viña del Mar, Valparaíso, Chile",-32.9936854,-71.5035089,1,GEOMETRIC_CENTER,2020,1297273,2020/08/22 00:00:00+00,ATROPELLO,ATROPELLO,URBANA,IMPRUDENCIA DEL CONDUCTOR,CONDUCCION NO ATENTO CONDICIONES TRANSITO MOMENTO,0,1,0,1,20:40:00
-71.2129566,-32.7991436,661,5,REGION VALPARAISO,5502,CALERA,BERNARDO OHIGGINS,EL TABO,0,"Avenida Bernardo OHiggins & El Tabo, La Calera, Calera, Valparaíso, Chile",-32.7991436,-71.2129566,1,GEOMETRIC_CENTER,2020,1297274,2020/09/01 00:00:00+00,COLISION FRONTAL,COLISION,URBANA,DESOBEDIENCIA A SEÑALIZACION,SEÑALIZACION DESOBEDECER SEÑAL PARE,0,0,0,0,11:11:00
-71.5572734,-33.0459409,662,5,REGION VALPARAISO,5109,VIÑA DEL MAR,LAS PALMAS, ,7500,"Las Palmas, Viña del Mar, Valparaíso, Chile",-33.0459409,-71.5572734,1,GEOMETRIC_CENTER,2020,1297280,2020/08/25 00:00:00+00,CHOQUE FRONTAL,CHOQUE,URBANA,IMPRUDENCIA DEL CONDUCTOR,CONDUCCION NO ATENTO CONDICIONES TRANSITO MOMENTO,0,0,1,0,08:00:00
-71.2466417,-32.8850606,663,5,REGION VALPARAISO,5501,QUILLOTA,YUNGAY, ,280,"Yungay 280, Quillota, Valparaíso, Chile",-32.8850606,-71.2466417,1,ROOFTOP,2020,1297281,2020/09/01 00:00:00+00,COLISION,COLISION,URBANA,ALCOHOL EN CONDUCTOR,CONDUCCION EN ESTADO DE EBRIEDAD,0,0,0,1,14:40:00
-71.2011758,-32.7354218,664,5,REGION VALPARAISO,5506,NOGALES,PEDRO FELIX VICUÑA, ,284,"Pedro Felix Vicuña 284, Nogales, Valparaíso, Chile",-32.7354218,-71.2011758,1,ROOFTOP,2020,1297283,2020/09/01 00:00:00+00,COLISION POR ALCANCE,COLISION,URBANA,IMPRUDENCIA DEL CONDUCTOR,CONDUCIR VEHICULO EN RETROCESO,0,0,0,0,12:40:00
-71.4550628,-33.0489852,665,5,REGION VALPARAISO,5801,QUILPUE,COOPERNICO, ,84,"Copérnico 84, Quilpué, Valparaíso, Chile",-33.0489852,-71.4550628,1,RANGE_INTERPOLATED,2020,1297290,2020/08/27 00:00:00+00,CHOQUE FRENTE/POSTERIOR,CHOQUE,URBANA,IMPRUDENCIA DEL CONDUCTOR,CONDUCCION NO ATENTO CONDICIONES TRANSITO MOMENTO,0,0,0,0,17:00:00
-71.4600119,-33.0555359,666,5,REGION VALPARAISO,5801,QUILPUE,ANITA LIZANA,HUMBOLT,0,"Humboldt & Anita Lizana, Quilpué, Valparaíso, Chile",-33.0555359,-71.4600119,1,GEOMETRIC_CENTER,2020,1297298,2020/08/27 00:00:00+00,CHOQUE FRONTAL,CHOQUE,URBANA,CAUSAS NO DETERMINADAS,CAUSAS NO DETERMINADAS,0,0,0,0,21:40:00
-70.7306282,-32.7440126,667,5,REGION VALPARAISO,5701,SAN FELIPE,HERMANOS CARRERA,PEDRO DE VALDIVIA,0,"Hnos Carrera 478, San Felipe, Valparaíso, Chile",-32.7440126,-70.7306282,1,ROOFTOP,2020,1297299,2020/08/30 00:00:00+00,COLISION,COLISION,URBANA,IMPRUDENCIA DEL CONDUCTOR,CONDUCCION NO ATENTO CONDICIONES TRANSITO MOMENTO,0,0,0,1,16:30:00
-70.7255056,-32.7547773,668,5,REGION VALPARAISO,5701,SAN FELIPE,YUNGAY,BERNARDO OHIGGINS,0,"Av. Libertador Bernardo OHiggins 141, San Felipe, Valparaíso, Chile",-32.7547773,-70.7255056,1,ROOFTOP,2020,1297300,2020/08/31 00:00:00+00,COLISION,COLISION,URBANA,DESOBEDIENCIA A SEÑALIZACION,SEÑALIZACION DESOBEDECER SEÑAL PARE,0,0,0,2,05:35:00
-71.4031001,-33.0461395,669,5,REGION VALPARAISO,5801,QUILPUE,FREIRE,DIEGO DE ALMAGRO,0,"Freire & Diego de Almagro, Quilpué, Valparaíso, Chile",-33.0461395,-71.4031001,1,GEOMETRIC_CENTER,2020,1297313,2020/09/01 00:00:00+00,COLISION LATERAL,COLISION,URBANA,IMPRUDENCIA DEL CONDUCTOR,CONDUCCION CAMBIAR SORPRESIVAMENTE PISTA CIRCULACION,0,0,0,0,15:35:00
-71.458093,-33.0508255,670,5,REGION VALPARAISO,5801,QUILPUE,LA MARCK,FELIU HURTADO,0,"Feliu Hurtado & La Mark, Quilpué, Valparaíso, Chile",-33.0508255,-71.458093,1,GEOMETRIC_CENTER,2020,1297314,2020/08/27 00:00:00+00,OTRO TIPO,OTRO TIPO,URBANA,OTRAS CAUSAS,OTRAS CAUSAS,0,0,1,0,19:45:00
-70.601687,-32.830332,671,5,REGION VALPARAISO,5301,LOS ANDES,SANTA TERESA, ,160,"Sta. Teresa 160, Los Andes, Valparaíso, Chile",-32.830332,-70.601687,1,RANGE_INTERPOLATED,2020,1297390,2020/08/27 00:00:00+00,COLISION POR ALCANCE,COLISION,URBANA,IMPRUDENCIA DEL CONDUCTOR,CONDUCCION NO ATENTO CONDICIONES TRANSITO MOMENTO,0,0,0,0,12:30:00
-70.6888706,-32.8332031,672,5,REGION VALPARAISO,5303,RINCONADA,CARRETERA SAN MARTIN, ,607,"Rinconada, Valparaíso, Chile",-32.8332031,-70.6888706,1,APPROXIMATE,2020,1297409,2020/08/29 00:00:00+00,COLISION LATERAL,COLISION,URBANA,IMPRUDENCIA DEL CONDUCTOR,ADELANTAMIENTO POR LA BERMA,0,0,0,0,17:10:00
-71.5451323,-33.0067417,673,5,REGION VALPARAISO,5109,VIÑA DEL MAR,BENIDORM, ,961,"Av. Benidorm 961, Viña del Mar, Valparaíso, Chile",-33.0067417,-71.5451323,1,ROOFTOP,2020,1297433,2020/08/26 00:00:00+00,ATROPELLO,ATROPELLO,URBANA,IMPRUDENCIA DEL PEATON,PEATON PERMANECE SOBRE LA CALZADA,0,0,0,1,17:30:00
-71.5501065,-33.0153323,674,5,REGION VALPARAISO,5109,VIÑA DEL MAR,LIBERTAD,OCHO NORTE,0,"Av. Libertad & 8 Nte., Viña del Mar, Valparaíso, Chile",-33.0153323,-71.5501065,1,GEOMETRIC_CENTER,2020,1297437,2020/08/29 00:00:00+00,COLISION LATERAL,COLISION,URBANA,IMPRUDENCIA DEL CONDUCTOR,CONDUCCION NO ATENTO CONDICIONES TRANSITO MOMENTO,0,1,0,1,13:40:00
-70.5943603,-32.6844176,675,5,REGION VALPARAISO,5706,SANTA MARIA,JAHUEL, ,0,"Calle Jahuel s/n, Balneario de Jahuel, San Felipe, Valparaíso, Chile",-32.6844176,-70.5943603,1,ROOFTOP,2020,1298986,2020/09/06 00:00:00+00,COLISION,COLISION,RURAL,DESOBEDIENCIA A SEÑALIZACION,SEÑALIZACION DESOBEDECER SEÑAL PARE,0,0,0,1,20:00:00
-71.5410881,-32.7881201,676,5,REGION VALPARAISO,5107,QUINTERO,JOSE BRITO, ,1009,"José Brito, Quintero, Valparaíso, Chile",-32.7881201,-71.5410881,1,GEOMETRIC_CENTER,2020,1297479,2020/08/29 00:00:00+00,ATROPELLO,ATROPELLO,URBANA,IMPRUDENCIA DEL CONDUCTOR,CONDUCCION NO ATENTO CONDICIONES TRANSITO MOMENTO,0,0,1,0,20:30:00
-71.5369991,-32.9339872,677,5,REGION VALPARAISO,5103,CONCON,CONCON REÑACA,EL PRADO,0,"Avenida Concon Reñaca & El Prado, Concón, Valparaíso, Chile",-32.9339872,-71.5369991,1,GEOMETRIC_CENTER,2020,1297603,2020/08/24 00:00:00+00,COLISION LATERAL,COLISION,URBANA,IMPRUDENCIA DEL CONDUCTOR,CONDUCCION NO ATENTO CONDICIONES TRANSITO MOMENTO,0,0,0,0,17:00:00
-71.567248,-33.0233132,678,5,REGION VALPARAISO,5109,VIÑA DEL MAR,LA MARINA,RELOJ DE FLORES,0,"Alamos 590, Viña del Mar, Valparaíso, Chile",-33.0233132,-71.567248,1,ROOFTOP,2020,1297647,2020/09/01 00:00:00+00,COLISION POR ALCANCE,COLISION,URBANA,IMPRUDENCIA DEL CONDUCTOR,CONDUCCION NO ATENTO CONDICIONES TRANSITO MOMENTO,0,0,0,0,19:14:00
-70.7292607,-32.7440395,679,5,REGION VALPARAISO,5701,SAN FELIPE,EMCON,LOS AROMOS,0,"Los Aromos, San Felipe, Valparaíso, Chile",-32.7440395,-70.7292607,1,GEOMETRIC_CENTER,2020,1297770,2020/09/01 00:00:00+00,ATROPELLO,ATROPELLO,URBANA,DESOBEDIENCIA A SEÑALIZACION,SEÑALIZACION DESOBEDECER SEÑAL CEDA EL PASO,0,0,1,0,19:50:00
-71.3829586,-33.050762,680,5,REGION VALPARAISO,5804,VILLA ALEMANA,HUANHUALI,MARIA MERCEDES,0,"Huanhuali - Villa, Villa Alemana, Valparaíso, Chile",-33.050762,-71.3829586,1,GEOMETRIC_CENTER,2020,1297813,2020/08/30 00:00:00+00,ATROPELLO,ATROPELLO,URBANA,CAUSAS NO DETERMINADAS,CAUSAS NO DETERMINADAS,0,0,1,0,20:00:00
-71.2325958,-32.4499018,681,5,REGION VALPARAISO,5401,LA LIGUA,ARTURO PRAT,CLUB DEPORTIVO BRASIL,0,"La Ligua, Valparaíso, Chile",-32.4499018,-71.2325958,1,APPROXIMATE,2020,1296671,2020/08/28 00:00:00+00,CHOQUE,CHOQUE,URBANA,OTRAS CAUSAS,HECHO DELICTUAL,0,0,0,1,04:10:00
-71.3818584,-33.0443988,682,5,REGION VALPARAISO,5804,VILLA ALEMANA,VALPARAISO,PUDETO,0,"Avenida Valparaíso & Pudeto, Villa Alemana, Valparaíso, Chile",-33.0443988,-71.3818584,1,GEOMETRIC_CENTER,2020,1297822,2020/09/02 00:00:00+00,COLISION,COLISION,URBANA,IMPRUDENCIA DEL CONDUCTOR,VIRAJES INDEBIDOS,0,1,0,0,18:45:00
-70.7177434,-32.628461,683,5,REGION VALPARAISO,5705,PUTAENDO,BRASIL, ,103,"Putaendo, Valparaíso, Chile",-32.628461,-70.7177434,1,APPROXIMATE,2020,1298992,2020/09/07 00:00:00+00,VOLCADURA,VOLCADURA,URBANA,PERDIDA CONTROL VEHICULO,PERDIDA CONTROL VEHICULO,0,0,0,2,23:05:00
-71.6140312,-33.6079265,684,5,REGION VALPARAISO,5601,SAN ANTONIO,BARROS LUCO,12 SUR,0,"Barros Luco & C. 12 Sur, San Antonio, Valparaíso, Chile",-33.6079265,-71.6140312,1,GEOMETRIC_CENTER,2020,1297857,2020/08/18 00:00:00+00,COLISION LATERAL,COLISION,URBANA,IMPRUDENCIA DEL CONDUCTOR,CONDUCCION NO ATENTO CONDICIONES TRANSITO MOMENTO,0,0,0,0,22:00:00
-71.6129088,-33.5817204,685,5,REGION VALPARAISO,5601,SAN ANTONIO,GREGORIO MIRA,21 DE MAYO,0,"Gregorio Mira & Veintiuno de Mayo, San Antonio, Valparaíso, Chile",-33.5817204,-71.6129088,1,GEOMETRIC_CENTER,2020,1297859,2020/08/18 00:00:00+00,COLISION LATERAL,COLISION,URBANA,DESOBEDIENCIA A SEÑALIZACION,SEÑALIZACION DESOBEDECER SEÑAL CEDA EL PASO,0,0,0,0,20:55:00
-71.6118091,-33.5883592,686,5,REGION VALPARAISO,5601,SAN ANTONIO,LUIS REUS, ,12,"Luis Reuss Bernat 12, San Antonio, Valparaíso, Chile",-33.5883592,-71.6118091,1,RANGE_INTERPOLATED,2020,1297870,2020/08/17 00:00:00+00,VOLCADURA,VOLCADURA,URBANA,ALCOHOL EN CONDUCTOR,CONDUCCION EN ESTADO DE EBRIEDAD,0,0,0,1,04:30:00
-71.4546515,-33.0468893,687,5,REGION VALPARAISO,5801,QUILPUE,HUMBOLT,LOS CARRERA,0,"Humboldt & Avenida Los Carrera, Quilpué, Valparaíso, Chile",-33.0468893,-71.4546515,1,GEOMETRIC_CENTER,2020,1297953,2020/09/03 00:00:00+00,CHOQUE FRONTAL,CHOQUE,URBANA,FALLAS MECANICAS,FALLAS MECANICAS FRENOS,0,0,0,1,13:50:00
-71.4412961,-33.0462262,688,5,REGION VALPARAISO,5801,QUILPUE,DIEGO PORTALES,BALMACEDA,0,"Balmaceda & Diego Portales, Quilpué, Valparaíso, Chile",-33.0462262,-71.4412961,1,GEOMETRIC_CENTER,2020,1297957,2020/09/03 00:00:00+00,CHOQUE FRONTAL,CHOQUE,URBANA,PERDIDA CONTROL VEHICULO,PERDIDA CONTROL VEHICULO,0,0,1,2,00:21:00
-71.4282583,-33.038065,689,5,REGION VALPARAISO,5801,QUILPUE,SANTA CATALINA,CARD CARO,0,"Santa Catalina & Cardenal José María Caro, Quilpué, Valparaíso, Chile",-33.038065,-71.4282583,1,GEOMETRIC_CENTER,2020,1297969,2020/09/05 00:00:00+00,CHOQUE FRONTAL,CHOQUE,URBANA,ALCOHOL EN CONDUCTOR,CONDUCCION EN ESTADO DE EBRIEDAD,0,0,0,0,01:10:00
-70.5988954,-32.8305734,690,5,REGION VALPARAISO,5301,LOS ANDES,PAPUDO,TRES CARRERA,0,"Papudo & Tres Carrera, Los Andes, Valparaíso, Chile",-32.8305734,-70.5988954,1,GEOMETRIC_CENTER,2020,1297975,2020/09/01 00:00:00+00,COLISION LATERAL,COLISION,URBANA,DESOBEDIENCIA A SEÑALIZACION,SEÑALIZACION DESOBEDECER SEÑAL PARE,0,0,0,4,09:30:00
-70.5918809,-32.829952,691,5,REGION VALPARAISO,5301,LOS ANDES,GRESSO TORRES, ,1621,"Tadea Torres, Los Andes, Valparaíso, Chile",-32.829952,-70.5918809,1,GEOMETRIC_CENTER,2020,1297979,2020/09/02 00:00:00+00,CHOQUE LADO/LADO,CHOQUE,URBANA,IMPRUDENCIA DEL CONDUCTOR,VIRAJES INDEBIDOS,0,0,0,0,08:00:00
-70.5972179,-32.8337995,692,5,REGION VALPARAISO,5301,LOS ANDES,BOLIVIA,FREI,0,"Los Andes, Valparaíso, Chile",-32.8337995,-70.5972179,1,APPROXIMATE,2020,1297984,2020/09/02 00:00:00+00,COLISION LATERAL,COLISION,URBANA,DESOBEDIENCIA A SEÑALIZACION,SEÑALIZACION DESOBEDECER SEÑAL PARE,0,0,0,2,09:45:00
-71.2018878,-32.7873964,693,5,REGION VALPARAISO,5502,CALERA,MARATHON,JULIO MONTT,0,"Marathon & Julio Montt Salamanca, La Calera, Calera, Valparaíso, Chile",-32.7873964,-71.2018878,1,GEOMETRIC_CENTER,2020,1298037,2020/09/05 00:00:00+00,COLISION LATERAL,COLISION,URBANA,DESOBEDIENCIA A SEÑALIZACION,SEÑALIZACION DESOBEDECER SEÑAL PARE,0,0,0,0,13:27:00
-71.2506638,-32.8780868,694,5,REGION VALPARAISO,5501,QUILLOTA,CHACABUCO,CARRERA,0,"Chacabuco, Quillota, Valparaíso, Chile",-32.8780868,-71.2506638,1,GEOMETRIC_CENTER,2020,1298041,2020/09/06 00:00:00+00,COLISION,COLISION,URBANA,DESOBEDIENCIA A SEÑALIZACION,SEÑALIZACION DESOBEDECER SEÑAL PARE,0,0,1,1,14:20:00
-71.2524737,-32.8944697,695,5,REGION VALPARAISO,5501,QUILLOTA,JUAN BAUTISTA ALBERDI,MANUEL BULNES,0,"Juan Bautista Alberdi & Manuel Bulnes, Quillota, Valparaíso, Chile",-32.8944697,-71.2524737,1,GEOMETRIC_CENTER,2020,1298047,2020/09/06 00:00:00+00,VOLCADURA,VOLCADURA,URBANA,PERDIDA CONTROL VEHICULO,PERDIDA CONTROL VEHICULO,0,0,0,0,13:10:00
-71.212162,-32.7861798,696,5,REGION VALPARAISO,5502,CALERA,IQUIQUE,CUQUICAMATA,0,"Chuquicamata & Iquique, La Calera, Calera, Valparaíso, Chile",-32.7861798,-71.212162,1,GEOMETRIC_CENTER,2020,1298056,2020/09/05 00:00:00+00,COLISION LATERAL,COLISION,URBANA,IMPRUDENCIA DEL CONDUCTOR,NO RESPETAR DERECHO PREFERENTE DE PASO A VEHICULO,0,0,0,0,21:15:00
-71.4049388,-33.0721772,697,5,REGION VALPARAISO,5801,QUILPUE,MARGA MARGA,RAMON ANGEL JARA,0,"Marga Marga & Ramón Ángel Jara, Quilpué, Valparaíso, Chile",-33.0721772,-71.4049388,1,GEOMETRIC_CENTER,2020,1298068,2020/09/05 00:00:00+00,COLISION PERPENDICULAR,COLISION,URBANA,PERDIDA CONTROL VEHICULO,PERDIDA CONTROL VEHICULO,0,0,0,2,22:50:00
-71.2614783,-33.0039605,698,5,REGION VALPARAISO,5802,LIMACHE,LOS OLMOS,REPUBLICA,0,"Avenida República & Olmos, Limache, Valparaíso, Chile",-33.0039605,-71.2614783,1,GEOMETRIC_CENTER,2020,1298074,2020/09/06 00:00:00+00,CHOQUE FRONTAL,CHOQUE,URBANA,IMPRUDENCIA DEL CONDUCTOR,CONDUCCION SIN MANTENER DISTANCIA RAZONABLE NI PRUDENTE,0,0,0,0,15:00:00
-71.5070236,-33.0462074,699,5,REGION VALPARAISO,5109,VIÑA DEL MAR,LAS PALMAS,TRONCAL SUR,0,"Viña del Mar, Valparaíso, Chile",-33.0462074,-71.5070236,1,GEOMETRIC_CENTER,2020,1298155,2020/08/25 00:00:00+00,COLISION,COLISION,URBANA,IMPRUDENCIA DEL CONDUCTOR,CONDUCCION NO ATENTO CONDICIONES TRANSITO MOMENTO,0,0,0,0,11:35:00
-71.5003145,-32.9716134,700,5,REGION VALPARAISO,5109,VIÑA DEL MAR,CAMINO INTERNACIONAL, ,537,"Cam. Internacional 537, Viña del Mar, Valparaíso, Chile",-32.9716134,-71.5003145,1,ROOFTOP,2020,1298142,2020/08/25 00:00:00+00,COLISION PERPENDICULAR,COLISION,URBANA,IMPRUDENCIA DEL PEATON,IMPRUDENCIA DEL PEATON,0,0,0,0,18:15:00
-71.5186593,-32.9299723,701,5,REGION VALPARAISO,5103,CONCON,MAGALLANES,MANANTIALES,0,"Magallanes & Los Manantiales, Concón, Valparaíso, Chile",-32.9299723,-71.5186593,1,GEOMETRIC_CENTER,2020,1298163,2020/09/06 00:00:00+00,COLISION LATERAL,COLISION,URBANA,IMPRUDENCIA DEL CONDUCTOR,CONDUCCION NO ATENTO CONDICIONES TRANSITO MOMENTO,0,0,0,1,17:45:00
-71.5006334,-32.9883053,702,5,REGION VALPARAISO,5109,VIÑA DEL MAR,CAMINO INTERNACIONAL, ,34220,"Cam. Internacional 34220, Viña del Mar, Valparaíso, Chile",-32.9883053,-71.5006334,1,RANGE_INTERPOLATED,2020,1298168,2020/08/25 00:00:00+00,COLISION,COLISION,URBANA,IMPRUDENCIA DEL CONDUCTOR,CONDUCCION NO ATENTO CONDICIONES TRANSITO MOMENTO,0,0,0,2,11:00:00
-71.527686,-32.784698,703,5,REGION VALPARAISO,5107,QUINTERO,NORMANDIE,CABO ORTIZ,0,"Ortiz, Quintero, Valparaíso, Chile",-32.784698,-71.527686,1,GEOMETRIC_CENTER,2020,1298171,2020/09/04 00:00:00+00,COLISION POR ALCANCE,COLISION,URBANA,IMPRUDENCIA DEL CONDUCTOR,CONDUCCION NO ATENTO CONDICIONES TRANSITO MOMENTO,0,0,0,1,18:00:00
-71.5208208,-32.9956538,704,5,REGION VALPARAISO,5109,VIÑA DEL MAR,CANTABRICO,SIN NUMERO,0,"Cantábrico, Viña del Mar, Valparaíso, Chile",-32.9956538,-71.5208208,1,GEOMETRIC_CENTER,2020,1298182,2020/08/26 00:00:00+00,CHOQUE POSTERIOR,CHOQUE,URBANA,IMPRUDENCIA DEL CONDUCTOR,CONDUCCION NO ATENTO CONDICIONES TRANSITO MOMENTO,0,0,0,0,11:30:00
-71.3791445,-33.0443888,705,5,REGION VALPARAISO,5804,VILLA ALEMANA,SAN ENRIQUE,VALPARAISO,0,"Avenida Valparaíso & San Enrique, Villa Alemana, Valparaíso, Chile",-33.0443888,-71.3791445,1,GEOMETRIC_CENTER,2020,1298195,2020/09/03 00:00:00+00,COLISION,COLISION,URBANA,DESOBEDIENCIA A SEÑALIZACION,SEÑALIZACION DESOBEDECER SEÑAL PARE,0,0,0,1,13:30:00
-71.1904944,-33.0063585,706,5,REGION VALPARAISO,5803,OLMUE,EL ROMERAL, ,4472,"El Romeral 4472, Olmué, Valparaíso, Chile",-33.0063585,-71.1904944,1,RANGE_INTERPOLATED,2020,1298239,2020/09/05 00:00:00+00,CHOQUE FRONTAL,CHOQUE,URBANA,DEFICIENCIAS VIALES,ANIMALES SUELTOS VIA PUBLICA,0,0,0,2,21:00:00
-71.3647843,-33.0588956,707,5,REGION VALPARAISO,5804,VILLA ALEMANA,VALENCIA,IGNACIO CARRERA PINTO,0,"Ignacio Carrera Pinto & Valencia, Villa Alemana, Valparaíso, Chile",-33.0588956,-71.3647843,1,GEOMETRIC_CENTER,2020,1298244,2020/09/04 00:00:00+00,COLISION,COLISION,URBANA,DESOBEDIENCIA A SEÑALIZACION,SEÑALIZACION DESOBEDECER SEÑAL PARE,0,0,0,1,20:30:00
-70.7223667,-32.7489826,708,5,REGION VALPARAISO,5701,SAN FELIPE,SANTA TERESA,YUNGAY,0,"Portus 111, San Felipe, Valparaíso, Chile",-32.7489826,-70.7223667,1,ROOFTOP,2020,1298339,2020/09/04 00:00:00+00,ATROPELLO,ATROPELLO,URBANA,DESOBEDIENCIA A SEÑALIZACION,SEÑALIZACION DESOBEDECER SEÑAL PARE,0,0,0,2,19:00:00
-71.4851129,-32.7453012,709,5,REGION VALPARAISO,5105,PUCHUNCAVI,PEDRO ALDUNATE SOLAR, ,933,"Pedro Aldunate Solar 933, Puchuncavi, Puchuncaví, Valparaíso, Chile",-32.7453012,-71.4851129,1,RANGE_INTERPOLATED,2020,1298378,2020/09/07 00:00:00+00,COLISION LATERAL,COLISION,URBANA,IMPRUDENCIA DEL CONDUCTOR,CONDUCCION NO ATENTO CONDICIONES TRANSITO MOMENTO,0,0,0,0,17:10:00
-70.6888706,-32.8332031,710,5,REGION VALPARAISO,5303,RINCONADA,CARRETERA SAN MARTIN, ,2024,"Rinconada, Valparaíso, Chile",-32.8332031,-70.6888706,1,APPROXIMATE,2020,1298617,2020/09/06 00:00:00+00,CHOQUE FRENTE/POSTERIOR,CHOQUE,URBANA,IMPRUDENCIA DEL CONDUCTOR,CONDUCCION NO ATENTO CONDICIONES TRANSITO MOMENTO,0,0,0,0,16:00:00