X,Y,FID,COD_REG,REGION,CUT,COMUNA,CALLE_UNO,CALLE_DOS,NUMERO,DIR_GEOCOD,LAT,LNG,VAL_COM,TIPO,Año,Idaccident,Fecha,Tipo_Accid,Tipo__CONA,Zona,Causa__CON,Causa,Fallecidos,Graves,Menos_Grav,Leves,Hora
-71.4972421,-33.0089414,711,5,REGION VALPARAISO,5109,VIÑA DEL MAR,LAS BANDURRIAS,PETER ARAYA,0,"Las Bandurrias & Peter Araya, Viña del Mar, Valparaíso, Chile",-33.0089414,-71.4972421,1,GEOMETRIC_CENTER,2020,1298415,2020/09/07 00:00:00+00,ATROPELLO,ATROPELLO,URBANA,IMPRUDENCIA DEL PEATON,PEATON PERMANECE SOBRE LA CALZADA,1,0,0,0,20:50:00
-71.5658751,-33.0387785,712,5,REGION VALPARAISO,5109,VIÑA DEL MAR,LA OBRA, ,696,"La Obra, Viña del Mar, Valparaíso, Chile",-33.0387785,-71.5658751,1,GEOMETRIC_CENTER,2020,1298416,2020/09/06 00:00:00+00,CHOQUE FRENTE/POSTERIOR,CHOQUE,URBANA,IMPRUDENCIA DEL CONDUCTOR,CONDUCCION NO ATENTO CONDICIONES TRANSITO MOMENTO,0,0,0,0,18:30:00
-70.7037721,-32.7467521,713,5,REGION VALPARAISO,5701,SAN FELIPE,SALVADOR GALLARDO,ALMENDRAL,0,"Circunvalación Ote., San Felipe, Valparaíso, Chile",-32.7467521,-70.7037721,1,GEOMETRIC_CENTER,2020,1276196,2020/04/08 00:00:00+00,COLISION,COLISION,URBANA,DESOBEDIENCIA A SEÑALIZACION,SEÑALIZACION DESOBEDECER SEÑAL CEDA EL PASO,0,0,0,1,10:30:00
-70.5981278,-32.8421764,714,5,REGION VALPARAISO,5301,LOS ANDES,BOLIVIA,ECUADOR,0,"Ecuador & Bolivia, Los Andes, Valparaíso, Chile",-32.8421764,-70.5981278,1,GEOMETRIC_CENTER,2020,1298456,2020/09/04 00:00:00+00,COLISION FRONTAL,COLISION,URBANA,IMPRUDENCIA DEL CONDUCTOR,CONDUCCION CONTRA SENTIDO DEL TRANSITO,0,1,0,1,22:10:00
-70.6042192,-32.8360621,715,5,REGION VALPARAISO,5301,LOS ANDES,CHACABUCO,SANTA TERESA,0,"Av. Chacabuco & Sta. Teresa, Los Andes, Valparaíso, Chile",-32.8360621,-70.6042192,1,GEOMETRIC_CENTER,2020,1298457,2020/09/04 00:00:00+00,COLISION POR ALCANCE,COLISION,URBANA,IMPRUDENCIA DEL CONDUCTOR,CONDUCCION NO ATENTO CONDICIONES TRANSITO MOMENTO,0,0,0,0,21:20:00
-71.6045745,-33.5482466,716,5,REGION VALPARAISO,5603,CARTAGENA,CARTAGENA,SAN ANTONIO,0,"Cartagena, Valparaíso, Chile",-33.5482466,-71.6045745,1,APPROXIMATE,2020,1298484,2020/09/02 00:00:00+00,COLISION,COLISION,URBANA,VELOCIDAD IMPRUDENTE,VELOCIDAD NO RAZONABLE NI PRUDENTE,0,0,0,0,18:20:00
-70.7234769,-32.7481171,717,5,REGION VALPARAISO,5701,SAN FELIPE,COMBATE LAS COIMAS,CARLOS CONDELL,0,"Combate de Las Coimas & Carlos Condell, San Felipe, Valparaíso, Chile",-32.7481171,-70.7234769,1,GEOMETRIC_CENTER,2020,1298612,2020/09/04 00:00:00+00,COLISION,COLISION,URBANA,DESOBEDIENCIA A SEÑALIZACION,SEÑALIZACION DESOBEDECER SEÑAL PARE,0,0,0,1,21:25:00
-71.2682082,-33.0012706,718,5,REGION VALPARAISO,5802,LIMACHE,PALMIRA ROMANO SUR,REPUBLICA,0,"Avenida República & Palmira Romano Sur, Limache, Valparaíso, Chile",-33.0012706,-71.2682082,1,GEOMETRIC_CENTER,2020,1298620,2020/09/04 00:00:00+00,COLISION LATERAL,COLISION,URBANA,IMPRUDENCIA DEL CONDUCTOR,CONDUCCION NO ATENTO CONDICIONES TRANSITO MOMENTO,0,0,0,0,09:40:00
-70.6026019,-32.8341848,719,5,REGION VALPARAISO,5301,LOS ANDES,LAS HERAS, ,650,"Las Heras 650, Los Andes, Valparaíso, Chile",-32.8341848,-70.6026019,1,ROOFTOP,2020,1298622,2020/09/07 00:00:00+00,COLISION LATERAL,COLISION,URBANA,IMPRUDENCIA DEL CONDUCTOR,ADELANTAMIENTO SIN EL ESPACIO O TIEMPO SUFICIENTE,0,0,0,0,13:40:00
-71.5311668,-33.0318131,720,5,REGION VALPARAISO,5109,VIÑA DEL MAR,LUSITANIA,UNO NORTE,0,"Lusitania & 1 Norte, Viña del Mar, Valparaíso, Chile",-33.0318131,-71.5311668,1,GEOMETRIC_CENTER,2020,1275058,2020/03/26 00:00:00+00,COLISION,COLISION,URBANA,IMPRUDENCIA DEL CONDUCTOR,CONDUCCION NO ATENTO CONDICIONES TRANSITO MOMENTO,0,0,0,0,14:00:00
-71.4042704,-33.0343974,721,5,REGION VALPARAISO,5801,QUILPUE,SANTIAGO,OSMAN PEREZ FREIRE,0,"Osman Pérez Freire, Quilpué, Valparaíso, Chile",-33.0343974,-71.4042704,1,GEOMETRIC_CENTER,2020,1298774,2020/09/08 00:00:00+00,COLISION FRONTAL,COLISION,URBANA,IMPRUDENCIA DEL CONDUCTOR,CONDUCCION CAMBIAR SORPRESIVAMENTE PISTA CIRCULACION,0,0,0,0,19:15:00
-71.3580499,-33.0457227,722,5,REGION VALPARAISO,5804,VILLA ALEMANA,HAYDE, ,1999,"Victoria 0689, Villa Alemana, Valparaíso, Chile",-33.0457227,-71.3580499,1,ROOFTOP,2020,1298775,2020/09/09 00:00:00+00,CHOQUE POSTERIOR/FRENTE,CHOQUE,URBANA,IMPRUDENCIA DEL CONDUCTOR,CONDUCIR VEHICULO EN RETROCESO,0,0,0,0,17:30:00
-70.6032195,-32.8339514,723,5,REGION VALPARAISO,5301,LOS ANDES,LAS HERAS,SANTA TERESA,0,"Las Heras & Santa Teresa, Los Andes, Valparaíso, Chile",-32.8339514,-70.6032195,1,GEOMETRIC_CENTER,2020,1304370,2020/10/07 00:00:00+00,COLISION LATERAL,COLISION,URBANA,IMPRUDENCIA DEL CONDUCTOR,ADELANTAMIENTO SIN EL ESPACIO O TIEMPO SUFICIENTE,0,0,0,0,14:00:00
-71.1906104,-32.7891211,724,5,REGION VALPARAISO,5502,CALERA,LATORRE,ALDINATE,0,"Almirante Latorre & Aldunate, La Calera, Calera, Valparaíso, Chile",-32.7891211,-71.1906104,1,GEOMETRIC_CENTER,2020,1298793,2020/09/09 00:00:00+00,ATROPELLO,ATROPELLO,URBANA,IMPRUDENCIA DEL CONDUCTOR,NO RESPETAR DERECHO PREFERENTE DE PASO A PEATON,0,0,0,1,17:10:00
-71.6133453,-33.5989369,725,5,REGION VALPARAISO,5601,SAN ANTONIO,TRES SUR,RAMON BARROS LUCO,0,"Tres Sur & Barros Luco, San Antonio, Valparaíso, Chile",-33.5989369,-71.6133453,1,GEOMETRIC_CENTER,2020,1298805,2020/08/21 00:00:00+00,COLISION LATERAL,COLISION,URBANA,IMPRUDENCIA DEL CONDUCTOR,CONDUCCION NO ATENTO CONDICIONES TRANSITO MOMENTO,0,0,0,0,12:42:00
-71.6479909,-33.4444374,726,5,REGION VALPARAISO,5605,EL TABO,ARMANDO CELIS, ,4100,"Av. Armando Celis, El Tabo, Valparaíso, Chile",-33.4444374,-71.6479909,1,GEOMETRIC_CENTER,2020,1299127,2020/09/05 00:00:00+00,COLISION,COLISION,URBANA,PERDIDA CONTROL VEHICULO,PERDIDA CONTROL VEHICULO,0,0,0,0,19:30:00
-71.2405708,-32.4528882,727,5,REGION VALPARAISO,5401,LA LIGUA,DIEGO PORTALES, ,1270,"Diego Portales 1270, La Ligua, Valparaíso, Chile",-32.4528882,-71.2405708,1,RANGE_INTERPOLATED,2020,1298965,2020/09/08 00:00:00+00,CHOQUE,CHOQUE,URBANA,IMPRUDENCIA DEL CONDUCTOR,CONDUCCION NO ATENTO CONDICIONES TRANSITO MOMENTO,0,0,0,0,14:30:00
-71.4203122,-33.0678732,728,5,REGION VALPARAISO,5801,QUILPUE,UNO, ,990,"Uno Ote., Quilpué, Valparaíso, Chile",-33.0678732,-71.4203122,1,GEOMETRIC_CENTER,2020,1299385,2020/09/13 00:00:00+00,CHOQUE FRENTE/LADO,CHOQUE,URBANA,CAUSAS NO DETERMINADAS,CAUSAS NO DETERMINADAS,0,0,0,0,11:00:00
-71.1812984,-32.9958297,729,5,REGION VALPARAISO,5803,OLMUE,F100-G K, ,3200,"Olmué, Valparaíso, Chile",-32.9958297,-71.1812984,1,APPROXIMATE,2020,1298976,2020/09/07 00:00:00+00,COLISION POR ALCANCE,COLISION,URBANA,VELOCIDAD IMPRUDENTE,VELOCIDAD NO RAZONABLE NI PRUDENTE,0,0,0,0,13:15:00
-71.607265,-33.5565014,730,5,REGION VALPARAISO,5603,CARTAGENA,NUEVO CAMINO COSTERO,ALTO CARTAGENA,0,"Ruiz Tagle 562, Cartagena, Valparaíso, Chile",-33.5565014,-71.607265,1,ROOFTOP,2020,1299111,2020/09/05 00:00:00+00,CHOQUE,CHOQUE,URBANA,ALCOHOL EN CONDUCTOR,CONDUCCION BAJO LA INFLUENCIA DEL ALCOHOL,0,0,0,1,21:05:00
-71.6116552,-33.5739272,731,5,REGION VALPARAISO,5601,SAN ANTONIO,AMAPOLAS, ,1244,"Las Amapolas 1244, San Antonio, Valparaíso, Chile",-33.5739272,-71.6116552,1,RANGE_INTERPOLATED,2020,1299147,2020/08/22 00:00:00+00,CHOQUE LADO/LADO,CHOQUE,URBANA,IMPRUDENCIA DEL CONDUCTOR,ADELANTAMIENTO POR LA BERMA,0,0,0,0,04:10:00
-70.7031063,-32.7564645,732,5,REGION VALPARAISO,5701,SAN FELIPE,CHARCAN TAPIA,TOCORNAL,0,"Tocornal & Charcan Tapia, San Felipe, Valparaíso, Chile",-32.7564645,-70.7031063,1,GEOMETRIC_CENTER,2020,1299153,2020/09/09 00:00:00+00,CHOQUE,CHOQUE,URBANA,IMPRUDENCIA DEL CONDUCTOR,CONDUCIR VEHICULO EN RETROCESO,0,0,0,0,15:30:00
-71.5998244,-33.595422,733,5,REGION VALPARAISO,5601,SAN ANTONIO,MANUEL MONTT, ,1221,"Manuel Montt Torres 1221, San Antonio, Valparaíso, Chile",-33.595422,-71.5998244,1,RANGE_INTERPOLATED,2020,1299161,2020/08/23 00:00:00+00,COLISION FRONTAL,COLISION,URBANA,ALCOHOL EN CONDUCTOR,CONDUCCION EN ESTADO DE EBRIEDAD,0,0,0,2,20:15:00
-71.4051881,-33.0448978,734,5,REGION VALPARAISO,5801,QUILPUE,GOMEZ CARREÑO, ,136,"Almte. Gomez Carreño 136, Quilpué, Valparaíso, Chile",-33.0448978,-71.4051881,1,ROOFTOP,2020,1299249,2020/09/12 00:00:00+00,COLISION PERPENDICULAR,COLISION,URBANA,IMPRUDENCIA DEL CONDUCTOR,NO RESPETAR DERECHO PREFERENTE DE PASO A VEHICULO,0,0,0,0,16:40:00
-71.4194964,-33.0419035,735,5,REGION VALPARAISO,5801,QUILPUE,BADEN POWELL, ,150,"Baden Powell 150, Quilpué, Valparaíso, Chile",-33.0419035,-71.4194964,1,RANGE_INTERPOLATED,2020,1299250,2020/09/11 00:00:00+00,CHOQUE LADO/LADO,CHOQUE,URBANA,IMPRUDENCIA DEL CONDUCTOR,CONDUCCION NO ATENTO CONDICIONES TRANSITO MOMENTO,0,0,0,0,10:30:00
-71.5485508,-33.0080749,736,5,REGION VALPARAISO,5109,VIÑA DEL MAR,LIBERTAD,15 NORTE,0,"Av. Libertad & 15 Nte., Viña del Mar, Valparaíso, Chile",-33.0080749,-71.5485508,1,GEOMETRIC_CENTER,2020,1299253,2020/09/11 00:00:00+00,COLISION PERPENDICULAR,COLISION,URBANA,DESOBEDIENCIA A SEÑALIZACION,SEÑALIZACION DESOBEDECER LUZ ROJA DE SEMAFORO,0,0,0,0,12:45:00
-71.6020246,-33.5808046,737,5,REGION VALPARAISO,5601,SAN ANTONIO,FERNANDEZ CONCHA,RAPANUI,0,"Plaza De Placilla - Domingo Fernández Concha 628-636, San Antonio, Valparaíso, Chile",-33.5808046,-71.6020246,1,ROOFTOP,2020,1299396,2020/08/26 00:00:00+00,COLISION LATERAL,COLISION,URBANA,IMPRUDENCIA DEL CONDUCTOR,VIRAJES INDEBIDOS,0,0,0,0,16:20:00
-71.4194964,-33.0419035,738,5,REGION VALPARAISO,5801,QUILPUE,BADEN POWELL, ,150,"Baden Powell 150, Quilpué, Valparaíso, Chile",-33.0419035,-71.4194964,1,RANGE_INTERPOLATED,2020,1299373,2020/09/10 00:00:00+00,CHOQUE FRONTAL,CHOQUE,URBANA,PERDIDA CONTROL VEHICULO,PERDIDA CONTROL VEHICULO,0,0,0,0,13:50:00
-71.4404673,-33.0483994,739,5,REGION VALPARAISO,5801,QUILPUE,LOS CARRERA, ,928,"Av. Los Carrera 928, Quilpué, Valparaíso, Chile",-33.0483994,-71.4404673,1,ROOFTOP,2020,1299380,2020/09/13 00:00:00+00,CHOQUE POSTERIOR,CHOQUE,URBANA,FALLAS MECANICAS,FALLAS MECANICAS FRENOS,0,0,0,0,23:30:00
-71.5757735,-33.1259789,740,5,REGION VALPARAISO,5101,VALPARAISO,LLANOS,CARD SAMORE,0,"Placilla, Valparaíso, Chile",-33.1259789,-71.5757735,1,GEOMETRIC_CENTER,2020,1299463,2020/09/12 00:00:00+00,COLISION LATERAL,COLISION,URBANA,IMPRUDENCIA DEL CONDUCTOR,NO RESPETAR DERECHO PREFERENTE DE PASO A VEHICULO,0,0,0,0,15:50:00
-71.5966727,-33.0372022,741,5,REGION VALPARAISO,5101,VALPARAISO,PLACERES,MALFATI,0,"Los Placeres & Malfatti, Valparaíso, Chile",-33.0372022,-71.5966727,1,GEOMETRIC_CENTER,2020,1299420,2020/08/29 00:00:00+00,COLISION LATERAL,COLISION,URBANA,IMPRUDENCIA DEL CONDUCTOR,NO RESPETAR DERECHO PREFERENTE DE PASO A VEHICULO,0,0,0,0,18:15:00
-71.2250769,-32.4460917,742,5,REGION VALPARAISO,5401,LA LIGUA,JANUARIO OVALLE,EL BOSQUE,0,"C. Januario Ovalle 3, La Ligua, Valparaíso, Chile",-32.4460917,-71.2250769,1,ROOFTOP,2020,1299428,2020/09/10 00:00:00+00,CHOQUE,CHOQUE,URBANA,IMPRUDENCIA DEL CONDUCTOR,CONDUCCION NO ATENTO CONDICIONES TRANSITO MOMENTO,0,1,0,0,19:30:00
-71.6018993,-33.547434,743,5,REGION VALPARAISO,5603,CARTAGENA,MARIANO CASANOVA,ALC CARTAGENA,0,"Valparaíso CL - Mariano Casanova, Cartagena, Valparaíso, Chile",-33.547434,-71.6018993,1,GEOMETRIC_CENTER,2020,1299429,2020/09/11 00:00:00+00,CHOQUE,CHOQUE,URBANA,ALCOHOL EN CONDUCTOR,CONDUCCION EN ESTADO DE EBRIEDAD,0,0,0,1,17:25:00
-71.2584205,-32.8847635,744,5,REGION VALPARAISO,5501,QUILLOTA,VALPARAISO,YUNGAY,0,"Yungay & Valparaíso, Quillota, Valparaíso, Chile",-32.8847635,-71.2584205,1,GEOMETRIC_CENTER,2020,1299487,2020/09/07 00:00:00+00,COLISION,COLISION,URBANA,DESOBEDIENCIA A SEÑALIZACION,SEÑALIZACION DESOBEDECER LUZ ROJA DE SEMAFORO,0,0,0,0,21:30:00
-71.2438347,-32.8786166,745,5,REGION VALPARAISO,5501,QUILLOTA,BLANCO,ESMERALDA,0,"Blanco Encalada 101-169, Quillota, Valparaíso, Chile",-32.8786166,-71.2438347,1,ROOFTOP,2020,1299514,2020/09/10 00:00:00+00,COLISION,COLISION,URBANA,DESOBEDIENCIA A SEÑALIZACION,SEÑALIZACION DESOBEDECER SEÑAL PARE,0,0,0,1,12:00:00
-71.2669465,-32.8864079,746,5,REGION VALPARAISO,5501,QUILLOTA,CUNCUMEN,ANDREA DEL VERROCHIO,0,"C. Andrea del Verrocchio & Pje. Cuncumen, Quillota, Valparaíso, Chile",-32.8864079,-71.2669465,1,GEOMETRIC_CENTER,2020,1299518,2020/09/04 00:00:00+00,CHOQUE,CHOQUE,URBANA,IMPRUDENCIA DEL CONDUCTOR,CONDUCCION NO ATENTO CONDICIONES TRANSITO MOMENTO,0,0,0,0,21:30:00
-71.401178,-33.0432197,747,5,REGION VALPARAISO,5801,QUILPUE,ATAHUALPA,UNION,0,"Union & Atahualpa, Villa Alemana, Quilpué, Valparaíso, Chile",-33.0432197,-71.401178,1,GEOMETRIC_CENTER,2020,1299539,2020/09/14 00:00:00+00,CHOQUE FRONTAL,CHOQUE,URBANA,ALCOHOL EN CONDUCTOR,CONDUCCION EN ESTADO DE EBRIEDAD,0,0,1,0,02:30:00
-71.5063054,-33.0383264,748,5,REGION VALPARAISO,5109,VIÑA DEL MAR,ACCESO TRONCAL SUR,RUTA LAS PALMAS,0,"Troncal Pasarela / Sur, Viña del Mar, Valparaíso, Chile",-33.0383264,-71.5063054,1,GEOMETRIC_CENTER,2020,1299584,2020/08/29 00:00:00+00,COLISION LATERAL,COLISION,URBANA,IMPRUDENCIA DEL CONDUCTOR,ADELANTAMIENTO SIN EL ESPACIO O TIEMPO SUFICIENTE,0,0,0,0,13:40:00
-71.5077812,-32.9209831,749,5,REGION VALPARAISO,5103,CONCON,BORGOÑO, ,25175,"Av. Borgoño 25175, Concón, Valparaíso, Chile",-32.9209831,-71.5077812,1,ROOFTOP,2020,1299608,2020/09/11 00:00:00+00,COLISION POR ALCANCE,COLISION,URBANA,IMPRUDENCIA DEL CONDUCTOR,CONDUCCION NO ATENTO CONDICIONES TRANSITO MOMENTO,0,0,0,0,18:00:00
-71.5115333,-32.7839947,750,5,REGION VALPARAISO,5107,QUINTERO,BORDE COSTERO QUINTERO, ,1216,"S/N, paseo Borde Costero, - F-212, Loncura, Quintero, Valparaíso, Chile",-32.7839947,-71.5115333,1,GEOMETRIC_CENTER,2020,1299618,2020/09/12 00:00:00+00,CHOQUE FRONTAL,CHOQUE,URBANA,IMPRUDENCIA DEL CONDUCTOR,CONDUCCION NO ATENTO CONDICIONES TRANSITO MOMENTO,0,0,0,4,18:45:00
-70.5940693,-32.8355032,751,5,REGION VALPARAISO,5301,LOS ANDES,OHIGGINS,INDEPENDENCIA,0,"Independencia & OHiggins, Los Andes, Valparaíso, Chile",-32.8355032,-70.5940693,1,GEOMETRIC_CENTER,2020,1299651,2020/09/09 00:00:00+00,CHOQUE FRENTE/POSTERIOR,CHOQUE,URBANA,IMPRUDENCIA DEL CONDUCTOR,CONDUCCION NO ATENTO CONDICIONES TRANSITO MOMENTO,0,0,0,0,13:30:00
-71.3741938,-33.0522019,752,5,REGION VALPARAISO,5804,VILLA ALEMANA,MATURANA,YUNGAY,0,"Maturana & Yungay, Villa Alemana, Valparaíso, Chile",-33.0522019,-71.3741938,1,GEOMETRIC_CENTER,2020,1299661,2020/09/10 00:00:00+00,COLISION,COLISION,URBANA,IMPRUDENCIA DEL CONDUCTOR,CONDUCCION NO ATENTO CONDICIONES TRANSITO MOMENTO,0,0,0,1,20:50:00
-70.5817671,-32.8356887,753,5,REGION VALPARAISO,5301,LOS ANDES,OSCAR GRANADINO,RIO BLANCO,0,"Oscar Granadino Yañez & Río Blanco, Los Andes, Valparaíso, Chile",-32.8356887,-70.5817671,1,GEOMETRIC_CENTER,2020,1299670,2020/09/11 00:00:00+00,CHOQUE FRONTAL,CHOQUE,URBANA,ALCOHOL EN CONDUCTOR,CONDUCCION EN ESTADO DE EBRIEDAD,0,1,0,0,23:15:00
-70.6258689,-32.8547302,754,5,REGION VALPARAISO,5302,CALLE LARGA,CALLE LARGA,LA PAMPILLA,0,"Calle Larga & La Pampilla, Calle Larga, Valparaíso, Chile",-32.8547302,-70.6258689,1,GEOMETRIC_CENTER,2020,1299715,2020/09/12 00:00:00+00,CHOQUE FRENTE/POSTERIOR,CHOQUE,URBANA,VELOCIDAD IMPRUDENTE,"VELOCIDAD NO REDUCIR CRUCE DE CALLES, CUMBRE, CURVA, ETC.",0,0,0,0,06:50:00
-71.6828981,-33.4412682,755,5,REGION VALPARAISO,5604,EL QUISCO,NUEVO CAMINO COSTERO,ISIDORO DUBOURNAIS,0,"Av. Isidoro Dubournais - Av. Central &, Isla Negra, El Quisco, Valparaíso, Chile",-33.4412682,-71.6828981,1,ROOFTOP,2020,1299721,2020/09/01 00:00:00+00,COLISION FRONTAL,COLISION,URBANA,IMPRUDENCIA DEL CONDUCTOR,CONDUCCION NO ATENTO CONDICIONES TRANSITO MOMENTO,0,0,0,1,11:05:00
-70.5966333,-32.8382883,756,5,REGION VALPARAISO,5301,LOS ANDES,RANCAGUA,CHACABUCO,0,"Rancagua & Avenida Chacabuco, Los Andes, Valparaíso, Chile",-32.8382883,-70.5966333,1,GEOMETRIC_CENTER,2020,1299727,2020/09/14 00:00:00+00,ATROPELLO,ATROPELLO,URBANA,VELOCIDAD IMPRUDENTE,"VELOCIDAD NO REDUCIR CRUCE DE CALLES, CUMBRE, CURVA, ETC.",0,0,0,1,19:00:00
-71.4021776,-33.0581915,757,5,REGION VALPARAISO,5801,QUILPUE,RAMON ANGEL JARA,TIERRAS ROJAS,0,"Ramón Ángel Jara & Tierras Rojas, Quilpué, Valparaíso, Chile",-33.0581915,-71.4021776,1,GEOMETRIC_CENTER,2020,1299755,2020/09/14 00:00:00+00,COLISION PERPENDICULAR,COLISION,URBANA,DESOBEDIENCIA A SEÑALIZACION,SEÑALIZACION DESOBEDECER LUZ ROJA DE SEMAFORO,0,0,0,0,10:30:00
-71.4000796,-33.0498436,758,5,REGION VALPARAISO,5801,QUILPUE,GREGORIA,MADRID,0,"Madrid & Gregoria, Villa Alemana, Quilpué, Valparaíso, Chile",-33.0498436,-71.4000796,1,GEOMETRIC_CENTER,2020,1299756,2020/09/15 00:00:00+00,COLISION PERPENDICULAR,COLISION,URBANA,DESOBEDIENCIA A SEÑALIZACION,SEÑALIZACION DESOBEDECER SEÑAL PARE,0,0,0,0,10:00:00
-71.523181,-32.9929434,759,5,REGION VALPARAISO,5109,VIÑA DEL MAR,CANTABRICO,ALMTE GOMEZ CARREÑO,0,"Escuela Almirante Gomez Carreño, Viña del Mar, Valparaíso, Chile",-32.9929434,-71.523181,1,GEOMETRIC_CENTER,2020,1299764,2020/08/26 00:00:00+00,CHOQUE POSTERIOR,CHOQUE,URBANA,IMPRUDENCIA DEL CONDUCTOR,CONDUCCION NO ATENTO CONDICIONES TRANSITO MOMENTO,0,0,0,0,11:30:00
-71.2480061,-32.8920027,760,5,REGION VALPARAISO,5501,QUILLOTA,ALBERDI,OHIGGINS,0,"Juan Bautista Alberdi & OHiggins, Quillota, Valparaíso, Chile",-32.8920027,-71.2480061,1,GEOMETRIC_CENTER,2020,1299844,2020/09/15 00:00:00+00,COLISION,COLISION,URBANA,DESOBEDIENCIA A SEÑALIZACION,SEÑALIZACION DESOBEDECER LUZ ROJA DE SEMAFORO,0,0,0,2,09:30:00
-71.4014842,-33.3218828,761,5,REGION VALPARAISO,5102,CASABLANCA,ROBERTO LOYOLA,LEIVA AMOR,0,"Leiva Amor & Roberto Loyola, Casablanca, Valparaíso, Chile",-33.3218828,-71.4014842,1,GEOMETRIC_CENTER,2020,1299899,2020/09/10 00:00:00+00,CHOQUE LATERAL,CHOQUE,URBANA,IMPRUDENCIA DEL CONDUCTOR,CONDUCCION NO ATENTO CONDICIONES TRANSITO MOMENTO,0,0,0,2,10:00:00
-71.4415384,-33.0458988,762,5,REGION VALPARAISO,5801,QUILPUE,BALMACEDA, ,261,"Balmaceda 261, Quilpué, Valparaíso, Chile",-33.0458988,-71.4415384,1,ROOFTOP,2020,1299948,2020/09/15 00:00:00+00,CHOQUE LATERAL,CHOQUE,URBANA,PERDIDA CONTROL VEHICULO,PERDIDA CONTROL VEHICULO,0,0,0,0,14:40:00
-70.7251446,-32.7489315,763,5,REGION VALPARAISO,5701,SAN FELIPE,SALINAS,SANTO DOMINGO,0,"Salinas & Santo Domingo, San Felipe, Valparaíso, Chile",-32.7489315,-70.7251446,1,GEOMETRIC_CENTER,2020,1299954,2020/09/15 00:00:00+00,CHOQUE,CHOQUE,URBANA,IMPRUDENCIA DEL CONDUCTOR,CONDUCIR VEHICULO EN RETROCESO,0,0,0,0,20:20:00
-71.4515793,-33.0454775,764,5,REGION VALPARAISO,5801,QUILPUE,CAMILO HENRIQUEZ,MIRAFLORES,0,"Camilo Henríquez & Miraflores, Quilpué, Valparaíso, Chile",-33.0454775,-71.4515793,1,GEOMETRIC_CENTER,2020,1300037,2020/09/17 00:00:00+00,COLISION PERPENDICULAR,COLISION,URBANA,DESOBEDIENCIA A SEÑALIZACION,SEÑALIZACION DESOBEDECER SEÑAL CEDA EL PASO,0,0,0,0,12:00:00
-71.4340644,-33.0430286,765,5,REGION VALPARAISO,5801,QUILPUE,FREIRE, ,1351,"Freire 1351, Quilpué, Valparaíso, Chile",-33.0430286,-71.4340644,1,ROOFTOP,2020,1300038,2020/09/16 00:00:00+00,CHOQUE FRENTE/LADO,CHOQUE,URBANA,CAUSAS NO DETERMINADAS,CAUSAS NO DETERMINADAS,0,0,0,0,12:00:00
-71.6936408,-33.4063854,766,5,REGION VALPARAISO,5604,EL QUISCO,DEL TANI,ISIDORO DUBOURNAIS,0,"Del Tani & Avenida Isidoro Dubournais, El Quisco, Valparaíso, Chile",-33.4063854,-71.6936408,1,GEOMETRIC_CENTER,2020,1300074,2020/09/04 00:00:00+00,COLISION LATERAL,COLISION,URBANA,IMPRUDENCIA DEL CONDUCTOR,CONDUCCION NO ATENTO CONDICIONES TRANSITO MOMENTO,0,0,0,0,16:50:00
-71.6864892,-33.4347479,767,5,REGION VALPARAISO,5604,EL QUISCO,ISIDORO DUBOURNAIS, ,3361,"Av. Isidoro Dubournais 3361, Isla Negra, El Quisco, Valparaíso, Chile",-33.4347479,-71.6864892,1,ROOFTOP,2020,1300075,2020/09/08 00:00:00+00,CHOQUE POSTERIOR,CHOQUE,URBANA,IMPRUDENCIA DEL CONDUCTOR,CONDUCCION NO ATENTO CONDICIONES TRANSITO MOMENTO,0,0,0,0,11:30:00
-71.4188006,-33.0671299,768,5,REGION VALPARAISO,5801,QUILPUE,MARGA MARGA, ,2570,"Marga Marga 2570, Quilpué, Valparaíso, Chile",-33.0671299,-71.4188006,1,ROOFTOP,2020,1300097,2020/09/18 00:00:00+00,CHOQUE FRENTE/LADO,CHOQUE,URBANA,CAUSAS NO DETERMINADAS,CAUSAS NO DETERMINADAS,0,0,0,0,12:05:00
-71.1635075,-32.9873903,769,5,REGION VALPARAISO,5803,OLMUE,MARIANA DE OSORIO, ,6588,"Mariana de Osorio 6588, El Granizo, Olmué, Valparaíso, Chile",-32.9873903,-71.1635075,1,ROOFTOP,2020,1300148,2020/09/17 00:00:00+00,CHOQUE FRONTAL,CHOQUE,URBANA,ALCOHOL EN CONDUCTOR,CONDUCCION BAJO LA INFLUENCIA DEL ALCOHOL,0,0,0,0,22:20:00