X,Y,FID,COD_REG,REGION,CUT,COMUNA,CALLE_UNO,CALLE_DOS,NUMERO,DIR_GEOCOD,LAT,LNG,VAL_COM,TIPO,Año,Idaccident,Fecha,Tipo_Accid,Tipo__CONA,Zona,Causa__CON,Causa,Fallecidos,Graves,Menos_Grav,Leves,Hora
-71.5477107,-32.9960213,770,5,REGION VALPARAISO,5109,VIÑA DEL MAR,ALMTE JORGE MONTT, ,2700,"Jorge Montt 2700, Viña del Mar, Valparaíso, Chile",-32.9960213,-71.5477107,1,RANGE_INTERPOLATED,2020,1300184,2020/09/13 00:00:00+00,COLISION POR ALCANCE,COLISION,URBANA,IMPRUDENCIA DEL CONDUCTOR,CONDUCCION NO ATENTO CONDICIONES TRANSITO MOMENTO,0,0,0,0,22:20:00
-71.5601283,-33.0250383,771,5,REGION VALPARAISO,5109,VIÑA DEL MAR,VIANA,ECUADOR,0,"Ecuador & Viana, Viña del Mar, Valparaíso, Chile",-33.0250383,-71.5601283,1,GEOMETRIC_CENTER,2020,1300166,2020/09/04 00:00:00+00,COLISION POR ALCANCE,COLISION,URBANA,IMPRUDENCIA DEL CONDUCTOR,CONDUCCION CAMBIAR SORPRESIVAMENTE PISTA CIRCULACION,0,1,0,0,18:43:00
-71.5491629,-33.0255336,772,5,REGION VALPARAISO,5109,VIÑA DEL MAR,QUILLOTA,VALPARAISO,0,"Quillota & Calle Valparaíso, Viña del Mar, Valparaíso, Chile",-33.0255336,-71.5491629,1,GEOMETRIC_CENTER,2020,1300170,2020/09/11 00:00:00+00,CHOQUE FRENTE/POSTERIOR,CHOQUE,URBANA,IMPRUDENCIA DEL CONDUCTOR,CONDUCCION NO ATENTO CONDICIONES TRANSITO MOMENTO,0,0,0,0,12:00:00
-71.5627055,-33.0246858,773,5,REGION VALPARAISO,5109,VIÑA DEL MAR,VALPARAISO,VIANA,0,"Calle Valparaíso & Viana, Viña del Mar, Valparaíso, Chile",-33.0246858,-71.5627055,1,GEOMETRIC_CENTER,2020,1300174,2020/09/12 00:00:00+00,COLISION LATERAL,COLISION,URBANA,DESOBEDIENCIA A SEÑALIZACION,SEÑALIZACION DESOBEDECER LUZ ROJA DE SEMAFORO,0,0,0,2,22:35:00
-71.5561833,-33.0155609,774,5,REGION VALPARAISO,5109,VIÑA DEL MAR,SIETE NORTE,SAN MARTIN,0,"7 Norte & San Martín, Viña del Mar, Valparaíso, Chile",-33.0155609,-71.5561833,1,GEOMETRIC_CENTER,2020,1300187,2020/09/14 00:00:00+00,COLISION LATERAL,COLISION,URBANA,DESOBEDIENCIA A SEÑALIZACION,SEÑALIZACION DESOBEDECER LUZ ROJA DE SEMAFORO,0,0,0,0,20:20:00
-71.5195605,-32.9948562,775,5,REGION VALPARAISO,5109,VIÑA DEL MAR,ALMTE GOMEZ CARREÑO, ,4305,"Av. Gómez Carreño 4305, Viña del Mar, Valparaíso, Chile",-32.9948562,-71.5195605,1,ROOFTOP,2020,1300209,2020/08/07 00:00:00+00,CHOQUE POSTERIOR,CHOQUE,URBANA,IMPRUDENCIA DEL PEATON,PEATON CRUZA CALZADA FUERA PASO PEATONES,0,0,0,0,10:10:00
-71.4558761,-33.0558115,776,5,REGION VALPARAISO,5801,QUILPUE,MANUEL PLAZA, ,1633,"Manuel Pl. 1633, Quilpué, Valparaíso, Chile",-33.0558115,-71.4558761,1,RANGE_INTERPOLATED,2020,1300342,2020/09/20 00:00:00+00,CHOQUE,CHOQUE,URBANA,ALCOHOL EN CONDUCTOR,CONDUCCION EN ESTADO DE EBRIEDAD,0,0,0,0,01:30:00
-71.5228928,-32.9912217,777,5,REGION VALPARAISO,5109,VIÑA DEL MAR,GOMEZ CARREÑO,ATLANTICO,0,"Avenida Gómez Carreño & Atlántico, Viña del Mar, Valparaíso, Chile",-32.9912217,-71.5228928,1,GEOMETRIC_CENTER,2020,1300388,2020/09/03 00:00:00+00,CHOQUE FRONTAL,CHOQUE,URBANA,IMPRUDENCIA DEL CONDUCTOR,CONDUCCION NO ATENTO CONDICIONES TRANSITO MOMENTO,0,0,0,0,18:00:00
-71.5134142,-33.0227501,778,5,REGION VALPARAISO,5109,VIÑA DEL MAR,EL AVELLANO, ,25,"El Avellano, Viña del Mar, Valparaíso, Chile",-33.0227501,-71.5134142,1,GEOMETRIC_CENTER,2020,1300394,2020/09/04 00:00:00+00,CHOQUE FRENTE/LADO,CHOQUE,URBANA,PERDIDA CONTROL VEHICULO,PERDIDA CONTROL VEHICULO,0,0,0,0,11:00:00
-71.5121717,-32.9991936,779,5,REGION VALPARAISO,5109,VIÑA DEL MAR,ALESSANDRI,DIAGONAL SUR,0,"Diagonal Sur & Alessandri, Viña del Mar, Valparaíso, Chile",-32.9991936,-71.5121717,1,GEOMETRIC_CENTER,2020,1300509,2020/09/06 00:00:00+00,COLISION LATERAL,COLISION,URBANA,IMPRUDENCIA DEL CONDUCTOR,CONDUCCION NO ATENTO CONDICIONES TRANSITO MOMENTO,0,1,0,1,09:00:00
-71.666634,-33.3722368,780,5,REGION VALPARAISO,5602,ALGARROBO,GUILLERMO MUCKE,EL ARRAYAN,0,"Avenida Doctor Guillermo Mucke & El Arrayán, Algarrobo, Valparaíso, Chile",-33.3722368,-71.666634,1,GEOMETRIC_CENTER,2020,1300518,2020/09/16 00:00:00+00,ATROPELLO,ATROPELLO,URBANA,IMPRUDENCIA DEL CONDUCTOR,CONDUCCION NO ATENTO CONDICIONES TRANSITO MOMENTO,0,0,1,0,13:16:00
-70.6587073,-32.7470027,781,5,REGION VALPARAISO,5706,SANTA MARIA,CENTENARIO, ,0,"Santa Maria, Valparaíso, Chile",-32.7470027,-70.6587073,1,APPROXIMATE,2020,1300546,2020/06/19 00:00:00+00,COLISION,COLISION,URBANA,VELOCIDAD IMPRUDENTE,VELOCIDAD NO RAZONABLE NI PRUDENTE,0,2,0,0,18:30:00
-70.7208115,-32.75,782,5,REGION VALPARAISO,5701,SAN FELIPE,WASHINGTON HERRERA, ,103,"San Felipe, Valparaíso, Chile",-32.75,-70.7208115,1,APPROXIMATE,2020,1300549,2020/09/18 00:00:00+00,CHOQUE,CHOQUE,URBANA,IMPRUDENCIA DEL CONDUCTOR,CONDUCIR VEHICULO EN RETROCESO,0,0,0,0,20:25:00
-71.5018198,-33.0076676,783,5,REGION VALPARAISO,5109,VIÑA DEL MAR,DIONISIO HERNANDEZ,LOS ALELIES,0,"Dionisio Hernandez & Los Alelies, Viña del Mar, Valparaíso, Chile",-33.0076676,-71.5018198,1,GEOMETRIC_CENTER,2020,1300580,2020/09/07 00:00:00+00,COLISION FRONTAL,COLISION,URBANA,IMPRUDENCIA DEL CONDUCTOR,CONDUCCION NO ATENTO CONDICIONES TRANSITO MOMENTO,0,0,1,1,16:00:00
-71.3834154,-33.0476371,784,5,REGION VALPARAISO,5804,VILLA ALEMANA,HUANHUALI,PORVENIR,0,"Huanhuali & Porvenir, Villa Alemana, Valparaíso, Chile",-33.0476371,-71.3834154,1,GEOMETRIC_CENTER,2020,1300639,2020/09/14 00:00:00+00,COLISION,COLISION,URBANA,IMPRUDENCIA DEL CONDUCTOR,CONDUCCION NO ATENTO CONDICIONES TRANSITO MOMENTO,0,0,1,0,22:00:00
-71.2581826,-32.8913305,785,5,REGION VALPARAISO,5501,QUILLOTA,LOS LUCUMOS,PASAJE 2,0,"Los Lúcumos & Pasaje 2, Quillota, Valparaíso, Chile",-32.8913305,-71.2581826,1,GEOMETRIC_CENTER,2020,1300640,2020/09/16 00:00:00+00,COLISION,COLISION,URBANA,IMPRUDENCIA DEL CONDUCTOR,CONDUCCION NO ATENTO CONDICIONES TRANSITO MOMENTO,0,0,0,0,13:00:00
-71.2615585,-32.8953006,786,5,REGION VALPARAISO,5501,QUILLOTA,SAN PANCRACIO, ,892,"San Pancracio 892, Quillota, Valparaíso, Chile",-32.8953006,-71.2615585,1,RANGE_INTERPOLATED,2020,1300645,2020/09/19 00:00:00+00,CHOQUE,CHOQUE,URBANA,IMPRUDENCIA DEL CONDUCTOR,CONDUCCION NO ATENTO CONDICIONES TRANSITO MOMENTO,0,0,0,0,19:30:00
-71.2455043,-32.8817546,787,5,REGION VALPARAISO,5501,QUILLOTA,FREIRE,PUDETO,0,"Pudeto & Calle Ramón Freire, Quillota, Valparaíso, Chile",-32.8817546,-71.2455043,1,GEOMETRIC_CENTER,2020,1300656,2020/09/20 00:00:00+00,COLISION,COLISION,URBANA,DESOBEDIENCIA A SEÑALIZACION,SEÑALIZACION DESOBEDECER SEÑAL PARE,0,0,0,2,20:35:00
-71.445354,-33.0479407,788,5,REGION VALPARAISO,5801,QUILPUE,ANIBAL PINTO,LOS CARRERA,0,"Aníbal Pinto & Avenida Los Carrera, Quilpué, Valparaíso, Chile",-33.0479407,-71.445354,1,GEOMETRIC_CENTER,2020,1300714,2020/09/22 00:00:00+00,COLISION PERPENDICULAR,COLISION,URBANA,DESOBEDIENCIA A SEÑALIZACION,SEÑALIZACION DESOBEDECER LUZ ROJA DE SEMAFORO,0,0,0,0,14:30:00
-71.4584294,-33.0513806,789,5,REGION VALPARAISO,5801,QUILPUE,LA MARK,FLAMARION,0,"Flammarion & La Mark, Quilpué, Valparaíso, Chile",-33.0513806,-71.4584294,1,GEOMETRIC_CENTER,2020,1300716,2020/09/22 00:00:00+00,ATROPELLO,ATROPELLO,URBANA,DESOBEDIENCIA A SEÑALIZACION,SEÑALIZACION DESOBEDECER SEÑAL CEDA EL PASO,0,1,0,0,06:10:00
-71.2542325,-33.0131378,790,5,REGION VALPARAISO,5802,LIMACHE,LOS LAURELES, ,157,"Los Laureles 157, Limache, Valparaíso, Chile",-33.0131378,-71.2542325,1,RANGE_INTERPOLATED,2020,1300733,2020/09/20 00:00:00+00,IMPACTO CON ANIMAL,OTRO TIPO,URBANA,DEFICIENCIAS VIALES,ANIMALES SUELTOS VIA PUBLICA,0,0,0,0,21:25:00
-71.3786621,-33.0441219,791,5,REGION VALPARAISO,5804,VILLA ALEMANA,VALPARAISO, ,1090,"Av. Valparaíso 1090, Villa Alemana, Valparaíso, Chile",-33.0441219,-71.3786621,1,RANGE_INTERPOLATED,2020,1300751,2020/09/15 00:00:00+00,COLISION,COLISION,URBANA,IMPRUDENCIA DEL CONDUCTOR,CONDUCCION NO ATENTO CONDICIONES TRANSITO MOMENTO,0,0,0,0,17:40:00
-71.2368998,-32.8768726,792,5,REGION VALPARAISO,5501,QUILLOTA,ARIZTIA, ,1851,"Rafael Ariztía 1851, Quillota, Valparaíso, Chile",-32.8768726,-71.2368998,1,RANGE_INTERPOLATED,2020,1317021,2020/12/06 00:00:00+00,CHOQUE,CHOQUE,URBANA,CAUSAS NO DETERMINADAS,CAUSAS NO DETERMINADAS,0,0,0,0,10:00:00
-71.267149,-32.9986831,793,5,REGION VALPARAISO,5802,LIMACHE,PALMIRA ROMANO SUR,CARELMAPU,0,"Carelmapu & Palmira Romano Sur, Limache, Valparaíso, Chile",-32.9986831,-71.267149,1,GEOMETRIC_CENTER,2020,1301006,2020/09/22 00:00:00+00,COLISION POR ALCANCE,COLISION,URBANA,IMPRUDENCIA DEL CONDUCTOR,CONDUCCION NO ATENTO CONDICIONES TRANSITO MOMENTO,0,0,0,0,07:00:00
-71.4565117,-33.0565067,794,5,REGION VALPARAISO,5801,QUILPUE,VIÑA DEL MAR,MANUEL PLAZA,0,"Manuel Plaza & Viña del Mar, Quilpué, Valparaíso, Chile",-33.0565067,-71.4565117,1,GEOMETRIC_CENTER,2020,1301007,2020/09/23 00:00:00+00,COLISION PERPENDICULAR,COLISION,URBANA,IMPRUDENCIA DEL CONDUCTOR,CONDUCCION NO ATENTO CONDICIONES TRANSITO MOMENTO,0,0,0,1,09:45:00
-71.4805207,-32.747625,795,5,REGION VALPARAISO,5105,PUCHUNCAVI,PEDRO ALDUNATE SOLAR, ,27,"Pedro Aldunate Solar 27, Puchuncavi, Puchuncaví, Valparaíso, Chile",-32.747625,-71.4805207,1,RANGE_INTERPOLATED,2020,1301072,2020/09/17 00:00:00+00,CHOQUE FRENTE/POSTERIOR,CHOQUE,URBANA,IMPRUDENCIA DEL CONDUCTOR,CONDUCCION NO ATENTO CONDICIONES TRANSITO MOMENTO,0,1,0,1,13:40:00
-70.6888706,-32.8332031,796,5,REGION VALPARAISO,5303,RINCONADA,LO CAMPOS, ,2,"Rinconada, Valparaíso, Chile",-32.8332031,-70.6888706,1,APPROXIMATE,2020,1301252,2020/09/17 00:00:00+00,CHOQUE FRONTAL,CHOQUE,URBANA,PERDIDA CONTROL VEHICULO,PERDIDA CONTROL VEHICULO,0,0,0,0,13:00:00
-70.7027089,-32.7415985,797,5,REGION VALPARAISO,5701,SAN FELIPE,EL CONVENTO,CIRCUNVALACION ORIENTE,0,"Camino la Troya S/N & El Convento - Circunvalación Ote., San Felipe, Valparaíso, Chile",-32.7415985,-70.7027089,1,GEOMETRIC_CENTER,2020,1301203,2020/09/21 00:00:00+00,COLISION,COLISION,URBANA,DESOBEDIENCIA A SEÑALIZACION,SEÑALIZACION DESOBEDECER SEÑAL PARE,0,0,0,0,11:30:00
-71.4616204,-33.0441649,798,5,REGION VALPARAISO,5801,QUILPUE,LOS CARRERA,SIETE,0,"771, - Av. Los Carrera 751, Quilpué, Valparaíso, Chile",-33.0441649,-71.4616204,1,ROOFTOP,2020,1301209,2020/09/23 00:00:00+00,COLISION POR ALCANCE,COLISION,URBANA,IMPRUDENCIA DEL CONDUCTOR,CONDUCCION SIN MANTENER DISTANCIA RAZONABLE NI PRUDENTE,0,0,0,1,18:30:00
-70.7067013,-32.7507086,799,5,REGION VALPARAISO,5701,SAN FELIPE,MIRAFLORES, ,2332,"Av. Miraflores 2332, San Felipe, Valparaíso, Chile",-32.7507086,-70.7067013,1,ROOFTOP,2020,1301216,2020/09/21 00:00:00+00,COLISION,COLISION,URBANA,IMPRUDENCIA DEL CONDUCTOR,ADELANTAMIENTO SIN EL ESPACIO O TIEMPO SUFICIENTE,0,0,0,1,18:15:00
-71.5568049,-33.02754,800,5,REGION VALPARAISO,5109,VIÑA DEL MAR,RIO GRANDE, ,305,"Etchevers, Viña del Mar, Valparaíso, Chile",-33.02754,-71.5568049,1,GEOMETRIC_CENTER,2020,1301246,2020/09/07 00:00:00+00,CHOQUE FRONTAL,CHOQUE,URBANA,OTRAS CAUSAS,OTRAS CAUSAS,0,0,0,0,16:24:00
-70.7191298,-32.7390684,801,5,REGION VALPARAISO,5701,SAN FELIPE,CHILE, ,968,"Chile 968, San Felipe, Valparaíso, Chile",-32.7390684,-70.7191298,1,RANGE_INTERPOLATED,2020,1322848,2020/12/31 00:00:00+00,ATROPELLO,ATROPELLO,URBANA,IMPRUDENCIA DEL PEATON,PEATON CRUZA CALZADA FORMA SORPRESIVA O DESCUIDADA,0,0,0,1,09:38:00
-71.5589274,-33.0210287,802,5,REGION VALPARAISO,5109,VIÑA DEL MAR,PUENTE ECUADOR,UNO NORTE,0,"Puente Ecuador & 1 Norte, Viña del Mar, Valparaíso, Chile",-33.0210287,-71.5589274,1,GEOMETRIC_CENTER,2020,1322852,2020/12/27 00:00:00+00,COLISION LATERAL,COLISION,URBANA,DESOBEDIENCIA A SEÑALIZACION,SEÑALIZACION DESOBEDECER LUZ ROJA DE SEMAFORO,0,0,0,1,23:15:00
-71.2344192,-32.450001,803,5,REGION VALPARAISO,5401,LA LIGUA,DIEGO PORTALES, ,799,"Diego Portales 799, La Ligua, Valparaíso, Chile",-32.450001,-71.2344192,1,RANGE_INTERPOLATED,2020,1323089,2020/12/23 00:00:00+00,CHOQUE POSTERIOR,CHOQUE,URBANA,IMPRUDENCIA DEL CONDUCTOR,CONDUCCION NO ATENTO CONDICIONES TRANSITO MOMENTO,0,0,0,0,08:15:00
-71.4581359,-32.5538059,804,5,REGION VALPARAISO,5405,ZAPALLAR,EL PAIHUENAL, ,16,"Zapallar, Valparaíso, Chile",-32.5538059,-71.4581359,1,APPROXIMATE,2020,1323135,2020/12/31 00:00:00+00,CHOQUE,CHOQUE,URBANA,CAUSAS NO DETERMINADAS,CAUSAS NO DETERMINADAS,0,0,0,0,11:00:00
-71.2303566,-32.4469668,805,5,REGION VALPARAISO,5401,LA LIGUA,SANTA TERESA, ,400,"Sta. Teresa 400, La Ligua, Valparaíso, Chile",-32.4469668,-71.2303566,1,RANGE_INTERPOLATED,2020,1323137,2020/12/31 00:00:00+00,CHOQUE,CHOQUE,URBANA,OTRAS CAUSAS,OTRAS CAUSAS,0,0,0,0,10:50:00
-71.5648235,-33.0419975,806,5,REGION VALPARAISO,5109,VIÑA DEL MAR,VIAL,SIN NUMERO,0,"Moreno Vial, Viña del Mar, Valparaíso, Chile",-33.0419975,-71.5648235,1,GEOMETRIC_CENTER,2020,1323548,2020/12/31 00:00:00+00,COLISION,COLISION,URBANA,IMPRUDENCIA DEL CONDUCTOR,CONDUCCION NO ATENTO CONDICIONES TRANSITO MOMENTO,0,0,0,0,11:00:00
-71.6379427,-33.0284842,807,5,REGION VALPARAISO,5101,VALPARAISO,AGUA POTABLE,4TO SECTOR PLAYA ANCHA,0,"Playa Ancha, Valparaíso, Chile",-33.0284842,-71.6379427,1,GEOMETRIC_CENTER,2020,1321741,2020/12/28 00:00:00+00,COLISION FRONTAL,COLISION,URBANA,VELOCIDAD IMPRUDENTE,VELOCIDAD MAYOR QUE MAXIMA PERMITIDA,0,0,0,0,21:00:00
-71.5453435,-33.033753,808,5,REGION VALPARAISO,5109,VIÑA DEL MAR,MANUEL VILLAGRA, ,970,"Manuel Villagra 970, Viña del Mar, Valparaíso, Chile",-33.033753,-71.5453435,1,RANGE_INTERPOLATED,2020,1323493,2020/12/23 00:00:00+00,CHOQUE FRONTAL,CHOQUE,URBANA,IMPRUDENCIA DEL CONDUCTOR,CONDUCCION NO ATENTO CONDICIONES TRANSITO MOMENTO,0,0,0,0,08:20:00
-71.5398734,-33.0050025,809,5,REGION VALPARAISO,5109,VIÑA DEL MAR,21 NORTE,CALLE SEIS,0,"21 Nte. & C. Seis, Viña del Mar, Valparaíso, Chile",-33.0050025,-71.5398734,1,GEOMETRIC_CENTER,2020,1323498,2020/12/25 00:00:00+00,COLISION LATERAL,COLISION,URBANA,IMPRUDENCIA DEL CONDUCTOR,CONDUCCION NO ATENTO CONDICIONES TRANSITO MOMENTO,0,0,0,1,14:20:00
-71.4977864,-33.004479,810,5,REGION VALPARAISO,5109,VIÑA DEL MAR,SAU SAU,LOS ALELIES,0,"Sau Sau & Los Alelies, Viña del Mar, Valparaíso, Chile",-33.004479,-71.4977864,1,GEOMETRIC_CENTER,2020,1323505,2020/12/28 00:00:00+00,ATROPELLO,ATROPELLO,URBANA,IMPRUDENCIA DEL CONDUCTOR,CONDUCCION NO ATENTO CONDICIONES TRANSITO MOMENTO,0,1,0,0,21:00:00
-71.5148051,-32.9992648,811,5,REGION VALPARAISO,5109,VIÑA DEL MAR,ALESSANDRI,GOMEZ CARREÑO,0,"Avenida Gómez Carreño & Alessandri, Viña del Mar, Valparaíso, Chile",-32.9992648,-71.5148051,1,GEOMETRIC_CENTER,2020,1323518,2020/12/28 00:00:00+00,CHOQUE LADO/LADO,CHOQUE,URBANA,IMPRUDENCIA DEL CONDUCTOR,CONDUCCION NO ATENTO CONDICIONES TRANSITO MOMENTO,0,0,0,0,11:55:00
-71.4993728,-32.9855306,812,5,REGION VALPARAISO,5109,VIÑA DEL MAR,CAMINO INTERNACIONAL,CALETERA CAMINO INTERNACIONAL,0,"Cam. Internacional 2440, Valparaíso, Viña del Mar, Valparaíso, Chile",-32.9855306,-71.4993728,1,ROOFTOP,2020,1323533,2020/12/30 00:00:00+00,COLISION,COLISION,URBANA,PERDIDA CONTROL VEHICULO,PERDIDA CONTROL VEHICULO,0,0,0,1,17:15:00
-71.5373139,-33.0627658,813,5,REGION VALPARAISO,5109,VIÑA DEL MAR,RIO ALVAREZ,RIO SAN PEDRO,0,"Río Álvarez & Rio San Pedro, Viña del Mar, Valparaíso, Chile",-33.0627658,-71.5373139,1,GEOMETRIC_CENTER,2020,1323552,2020/12/31 00:00:00+00,COLISION,COLISION,URBANA,PERDIDA CONTROL VEHICULO,PERDIDA CONTROL VEHICULO,0,0,0,0,16:50:00
-71.5566757,-33.0206188,814,5,REGION VALPARAISO,5109,VIÑA DEL MAR,DEL SERVICIO, ,265,"2 Nte. 265, Valparaíso, Viña del Mar, Valparaíso, Chile",-33.0206188,-71.5566757,1,ROOFTOP,2020,1323670,2020/12/14 00:00:00+00,COLISION LATERAL,COLISION,URBANA,IMPRUDENCIA DEL CONDUCTOR,CONDUCCION NO ATENTO CONDICIONES TRANSITO MOMENTO,0,0,0,0,13:40:00
-109.3496865,-27.112723,815,5,REGION VALPARAISO,5201,ISLA DE PASCUA,PONT, ,0,"Isla de Pascua, Valparaíso, Chile",-27.112723,-109.3496865,1,APPROXIMATE,2020,1323843,2020/12/30 00:00:00+00,CHOQUE LADO/POSTERIOR,CHOQUE,URBANA,ALCOHOL EN CONDUCTOR,CONDUCCION EN ESTADO DE EBRIEDAD,0,0,0,1,21:00:00
-71.5630441,-33.0281778,816,5,REGION VALPARAISO,5109,VIÑA DEL MAR,VARIANTE AGUA SANTA,SAN JOSE PONIENTE,0,"Agua Santa & San José Poniente, Viña del Mar, Valparaíso, Chile",-33.0281778,-71.5630441,1,GEOMETRIC_CENTER,2020,1323678,2020/12/08 00:00:00+00,CHOQUE FRENTE/POSTERIOR,CHOQUE,URBANA,IMPRUDENCIA DEL CONDUCTOR,CONDUCCION NO ATENTO CONDICIONES TRANSITO MOMENTO,0,0,0,0,19:20:00
-71.4993728,-32.9855306,817,5,REGION VALPARAISO,5109,VIÑA DEL MAR,SONAP,LA CORTADA,0,"Cam. Internacional 2440, Valparaíso, Viña del Mar, Valparaíso, Chile",-32.9855306,-71.4993728,1,ROOFTOP,2020,1323679,2020/12/06 00:00:00+00,CHOQUE LATERAL,CHOQUE,URBANA,PERDIDA CONTROL VEHICULO,PERDIDA CONTROL VEHICULO,0,0,0,0,21:15:00
-71.6047277,-33.5682845,818,5,REGION VALPARAISO,5601,SAN ANTONIO,LITORAL,ROGELIO SALCEDO,0,"Litoral 962, San Antonio, Valparaíso, Chile",-33.5682845,-71.6047277,1,ROOFTOP,2020,1323694,2020/12/05 00:00:00+00,ATROPELLO,ATROPELLO,URBANA,IMPRUDENCIA DEL PEATON,IMPRUDENCIA DEL PEATON,0,0,0,0,14:00:00
-71.6242894,-33.5717458,819,5,REGION VALPARAISO,5601,SAN ANTONIO,ANTONIO NUÑES DE FONSECA, ,12,"Antonio Núñez de Fonseca 12, San Antonio, Valparaíso, Chile",-33.5717458,-71.6242894,1,RANGE_INTERPOLATED,2020,1323705,2020/12/04 00:00:00+00,VOLCADURA,VOLCADURA,URBANA,PERDIDA CONTROL VEHICULO,PERDIDA CONTROL VEHICULO,0,1,0,0,08:30:00
-71.5424184,-33.0238126,820,5,REGION VALPARAISO,5109,VIÑA DEL MAR,UNO NORTE,LOS CASTAÑOS,0,"1 Norte & Los Castaños, Viña del Mar, Valparaíso, Chile",-33.0238126,-71.5424184,1,GEOMETRIC_CENTER,2020,1323796,2020/12/29 00:00:00+00,COLISION LATERAL,COLISION,URBANA,IMPRUDENCIA DEL CONDUCTOR,CONDUCCION NO ATENTO CONDICIONES TRANSITO MOMENTO,0,1,0,0,19:00:00
-71.5402618,-33.0274492,821,5,REGION VALPARAISO,5109,VIÑA DEL MAR,CANCHA,LLAY LLAY,0,"Llay Llay & Cancha, Viña del Mar, Valparaíso, Chile",-33.0274492,-71.5402618,1,GEOMETRIC_CENTER,2020,1323800,2020/12/30 00:00:00+00,CHOQUE FRENTE/POSTERIOR,CHOQUE,URBANA,IMPRUDENCIA DEL CONDUCTOR,CONDUCCION NO ATENTO CONDICIONES TRANSITO MOMENTO,0,0,0,0,17:35:00
-71.6065694,-33.5708951,822,5,REGION VALPARAISO,5601,SAN ANTONIO,BRUSELAS,LITORAL,0,"Bruselas & Litoral, San Antonio, Valparaíso, Chile",-33.5708951,-71.6065694,1,GEOMETRIC_CENTER,2020,1323813,2020/12/11 00:00:00+00,CHOQUE FRENTE/POSTERIOR,CHOQUE,URBANA,FALLAS MECANICAS,FALLAS MECANICAS FRENOS,0,0,0,0,15:30:00
-71.2781941,-32.9872886,823,5,REGION VALPARAISO,5802,LIMACHE,CAUPOLICAN, ,20,"Caupolicán 20, Limache, Valparaíso, Chile",-32.9872886,-71.2781941,1,RANGE_INTERPOLATED,2020,1323817,2020/12/28 00:00:00+00,COLISION POR ALCANCE,COLISION,URBANA,IMPRUDENCIA DEL CONDUCTOR,CONDUCCION SIN MANTENER DISTANCIA RAZONABLE NI PRUDENTE,0,0,0,1,20:00:00
-71.6102433,-33.5798475,824,5,REGION VALPARAISO,5601,SAN ANTONIO,FRANCISCO JAVIER VERA, ,15,"Francisco Javier Vera, San Antonio, Valparaíso, Chile",-33.5798475,-71.6102433,1,GEOMETRIC_CENTER,2020,1323826,2020/12/13 00:00:00+00,CHOQUE POSTERIOR/FRENTE,CHOQUE,URBANA,IMPRUDENCIA DEL CONDUCTOR,CONDUCCION SIN MANTENER DISTANCIA RAZONABLE NI PRUDENTE,0,0,0,0,14:07:00
-71.6140274,-33.5947501,825,5,REGION VALPARAISO,5601,SAN ANTONIO,SANFUENTES, ,15,"Sanfuentes, San Antonio, Valparaíso, Chile",-33.5947501,-71.6140274,1,GEOMETRIC_CENTER,2020,1323833,2020/12/14 00:00:00+00,COLISION LATERAL,COLISION,URBANA,IMPRUDENCIA DEL CONDUCTOR,CONDUCCION NO ATENTO CONDICIONES TRANSITO MOMENTO,0,0,0,0,20:50:00
-71.6065777,-33.5971392,826,5,REGION VALPARAISO,5601,SAN ANTONIO,INDEPENDENCIA,ORELLA,0,"Independencia 1712, San Antonio, V Valparaiso, Chile",-33.5971392,-71.6065777,1,ROOFTOP,2020,1323840,2020/01/17 00:00:00+00,CHOQUE FRENTE/POSTERIOR,CHOQUE,URBANA,IMPRUDENCIA DEL CONDUCTOR,CONDUCCION SIN MANTENER DISTANCIA RAZONABLE NI PRUDENTE,0,0,0,0,20:40:00
-71.6757612,-33.3739196,827,5,REGION VALPARAISO,5602,ALGARROBO,IGNACIO CARRERA PINTO, ,1246,"Av. Ignacio Carrera Pinto 1246, Algarrobo, Valparaíso, Chile",-33.3739196,-71.6757612,1,ROOFTOP,2020,1324381,2020/12/16 00:00:00+00,COLISION,COLISION,URBANA,IMPRUDENCIA DEL CONDUCTOR,CONDUCCION NO ATENTO CONDICIONES TRANSITO MOMENTO,0,0,0,0,09:00:00
-71.5980073,-33.0355572,828,5,REGION VALPARAISO,5101,VALPARAISO,ESPAÑA,SAN LUIS,0,"Av Espana - Subida San Luis / Oriente, Valparaíso, Chile",-33.0355572,-71.5980073,1,GEOMETRIC_CENTER,2020,1324560,2020/12/09 00:00:00+00,OTRO TIPO,OTRO TIPO,URBANA,ALCOHOL EN CONDUCTOR,CONDUCCION EN ESTADO DE EBRIEDAD,0,0,0,0,17:00:00