X,Y,FID,COD_REG,REGION,CUT,COMUNA,CALLE_UNO,CALLE_DOS,NUMERO,DIR_GEOCOD,LAT,LNG,VAL_COM,TIPO,Año,Idaccident,Fecha,Tipo_Accid,Tipo__CONA,Zona,Causa__CON,Causa,Fallecidos,Graves,Menos_Grav,Leves,Hora
-71.5905132,-33.032825,829,5,REGION VALPARAISO,5101,VALPARAISO,ESPAÑA,PELLE,0,"Pelle & Avenida España, Valparaíso, Chile",-33.032825,-71.5905132,1,GEOMETRIC_CENTER,2020,1325269,2020/12/22 00:00:00+00,CHOQUE POSTERIOR,CHOQUE,URBANA,IMPRUDENCIA DEL CONDUCTOR,CONDUCCION NO ATENTO CONDICIONES TRANSITO MOMENTO,0,0,0,4,07:10:00
-71.6044776,-33.0439739,830,5,REGION VALPARAISO,5101,VALPARAISO,ARGENTINA, ,51,"Av. Argentina 51, Valparaíso, Chile",-33.0439739,-71.6044776,1,ROOFTOP,2020,1324574,2020/12/09 00:00:00+00,OTRO TIPO,OTRO TIPO,URBANA,ALCOHOL EN CONDUCTOR,CONDUCCION EN ESTADO DE EBRIEDAD,0,0,0,0,01:45:00
-71.6828981,-33.4412682,831,5,REGION VALPARAISO,5604,EL QUISCO,ISIDORO DUBOURNAIS,CENTRAL,0,"Av. Isidoro Dubournais - Av. Central &, Isla Negra, El Quisco, Valparaíso, Chile",-33.4412682,-71.6828981,1,ROOFTOP,2020,1324203,2020/12/02 00:00:00+00,COLISION,COLISION,URBANA,IMPRUDENCIA DEL CONDUCTOR,CONDUCCION NO ATENTO CONDICIONES TRANSITO MOMENTO,0,1,1,0,19:00:00
-71.6916157,-33.3970462,832,5,REGION VALPARAISO,5604,EL QUISCO,JOSE NARCIZO AGUIRRE,LAS VIOLETAS,0,"José Narciso Aguirre 0269, El Quisco, Valparaíso, Chile",-33.3970462,-71.6916157,1,ROOFTOP,2020,1324378,2020/12/23 00:00:00+00,CHOQUE,CHOQUE,URBANA,FALLAS MECANICAS,FALLAS MECANICAS DIRECCION,0,0,0,1,09:10:00
-71.6692401,-33.3654913,833,5,REGION VALPARAISO,5602,ALGARROBO,CARABINEROS DE CHILE, ,86,"Carabineros de Chile 086, Algarrobo, Valparaíso, Chile",-33.3654913,-71.6692401,1,ROOFTOP,2020,1324382,2020/12/10 00:00:00+00,CHOQUE,CHOQUE,URBANA,IMPRUDENCIA DEL CONDUCTOR,CONDUCIR VEHICULO EN RETROCESO,0,0,0,0,10:10:00
-71.5952788,-33.0367439,834,5,REGION VALPARAISO,5101,VALPARAISO,SAN LUIS,PLACERES,0,"Los Placeres & San Luis, Valparaíso, Chile",-33.0367439,-71.5952788,1,GEOMETRIC_CENTER,2020,1324463,2020/11/25 00:00:00+00,COLISION LATERAL,COLISION,URBANA,IMPRUDENCIA DEL CONDUCTOR,NO RESPETAR DERECHO PREFERENTE DE PASO A VEHICULO,0,0,0,1,12:30:00
-71.6080758,-33.0584084,835,5,REGION VALPARAISO,5101,VALPARAISO,DEMOSTENES, ,340,"Demóstenes 340, Valparaíso, Chile",-33.0584084,-71.6080758,1,ROOFTOP,2020,1324508,2020/12/08 00:00:00+00,COLISION FRONTAL,COLISION,URBANA,IMPRUDENCIA DEL CONDUCTOR,CONDUCCION CAMBIAR SORPRESIVAMENTE PISTA CIRCULACION,0,1,0,0,16:50:00
-71.6661951,-33.3611357,836,5,REGION VALPARAISO,5602,ALGARROBO,CARLOS ALESSANDRI, ,1915,"Av. Carlos Alessandri 1915, Algarrobo, Valparaíso, Chile",-33.3611357,-71.6661951,1,ROOFTOP,2020,1324548,2020/12/30 00:00:00+00,ATROPELLO,ATROPELLO,URBANA,IMPRUDENCIA DEL PEATON,PEATON CRUZA CALZADA FUERA PASO PEATONES,0,0,1,0,15:30:00
-71.5005406,-33.0088163,837,5,REGION VALPARAISO,5109,VIÑA DEL MAR,LAS AZUCENAS,SANTA JULIA,0,"Av. Las Azucenas & Av. Sta. Julia, Viña del Mar, Valparaíso, Chile",-33.0088163,-71.5005406,1,GEOMETRIC_CENTER,2020,1324663,2020/12/24 00:00:00+00,COLISION,COLISION,URBANA,IMPRUDENCIA DEL CONDUCTOR,CONDUCCION NO ATENTO CONDICIONES TRANSITO MOMENTO,0,0,0,5,00:30:00
-71.5294585,-32.9660431,838,5,REGION VALPARAISO,5109,VIÑA DEL MAR,EL BOSQUE,LOS LIRIOS,0,"Dublé Almeyda 80, Viña del Mar, Valparaíso, Chile",-32.9660431,-71.5294585,1,ROOFTOP,2020,1324674,2020/12/30 00:00:00+00,ATROPELLO,ATROPELLO,URBANA,IMPRUDENCIA DEL CONDUCTOR,CONDUCCION NO ATENTO CONDICIONES TRANSITO MOMENTO,0,1,0,0,09:30:00
-71.503561,-33.0143889,839,5,REGION VALPARAISO,5109,VIÑA DEL MAR,ANITA LIZANA,PALGUIN,0,"Palguín & Anita Lizana, Viña del Mar, Valparaíso, Chile",-33.0143889,-71.503561,1,GEOMETRIC_CENTER,2020,1324676,2020/12/30 00:00:00+00,VOLCADURA,VOLCADURA,URBANA,IMPRUDENCIA DEL CONDUCTOR,CONDUCCION NO ATENTO CONDICIONES TRANSITO MOMENTO,0,0,0,0,16:40:00
-71.513653,-32.9990792,840,5,REGION VALPARAISO,5109,VIÑA DEL MAR,ALESSANDRI,RAUL TORO,0,"Raúl Toro & Alessandri, Viña del Mar, Valparaíso, Chile",-32.9990792,-71.513653,1,GEOMETRIC_CENTER,2020,1324680,2020/12/24 00:00:00+00,COLISION,COLISION,URBANA,PERDIDA CONTROL VEHICULO,PERDIDA CONTROL VEHICULO,0,0,0,1,14:00:00
-71.6134752,-33.5939562,841,5,REGION VALPARAISO,5601,SAN ANTONIO,PUERTO STI, ,25,"Barros Luco 1613, San Antonio, Valparaíso, Chile",-33.5939562,-71.6134752,1,ROOFTOP,2020,1324741,2020/12/15 00:00:00+00,COLISION LATERAL,COLISION,URBANA,IMPRUDENCIA DEL CONDUCTOR,CONDUCCION SIN MANTENER DISTANCIA RAZONABLE NI PRUDENTE,0,0,0,1,19:08:00
-71.6022556,-33.0511566,842,5,REGION VALPARAISO,5101,VALPARAISO,ARGENTINA,ALMTE SIMPSON,0,"Av. Argentina & Almte. Simpson, Valparaíso, Chile",-33.0511566,-71.6022556,1,GEOMETRIC_CENTER,2020,1324743,2020/12/10 00:00:00+00,COLISION POR ALCANCE,COLISION,URBANA,IMPRUDENCIA DEL CONDUCTOR,CONDUCCION SIN MANTENER DISTANCIA RAZONABLE NI PRUDENTE,0,0,0,0,14:10:00
-71.6116029,-33.0591017,843,5,REGION VALPARAISO,5101,VALPARAISO,RUIZ TAGLE, ,531,"Francisco Ruiz Tagle 531, Valparaíso, Chile",-33.0591017,-71.6116029,1,ROOFTOP,2020,1324818,2020/12/11 00:00:00+00,CHOQUE FRONTAL,CHOQUE,URBANA,IMPRUDENCIA DEL CONDUCTOR,CONDUCCION NO ATENTO CONDICIONES TRANSITO MOMENTO,0,0,0,0,21:00:00
-71.6055123,-33.5922807,844,5,REGION VALPARAISO,5601,SAN ANTONIO,NUEVO ACCESO, ,15,"San Antonio, Valparaíso, Chile",-33.5922807,-71.6055123,1,APPROXIMATE,2020,1325042,2020/12/24 00:00:00+00,VOLCADURA,VOLCADURA,URBANA,IMPRUDENCIA DEL CONDUCTOR,CARGA SOBRESALE ESTRUCTURA VEHICULO,0,0,0,1,12:15:00
-71.5673845,-33.1155337,845,5,REGION VALPARAISO,5101,VALPARAISO,OBPO VALDES,PRIMERA DEL SUR,0,"Primera del Sur & Avenida Obispo Valdés Subercaseaux, Placilla, Valparaíso, Chile",-33.1155337,-71.5673845,1,GEOMETRIC_CENTER,2020,1324854,2020/12/12 00:00:00+00,COLISION FRONTAL,COLISION,URBANA,IMPRUDENCIA DEL CONDUCTOR,NO RESPETAR DERECHO PREFERENTE DE PASO A VEHICULO,0,0,0,0,10:20:00
-71.5988172,-33.0361818,846,5,REGION VALPARAISO,5101,VALPARAISO,ESPAÑA,YOLANDA,0,"Pasarela Av España - Yolanda, Valparaíso, Chile",-33.0361818,-71.5988172,1,GEOMETRIC_CENTER,2020,1324881,2020/12/13 00:00:00+00,COLISION LATERAL,COLISION,URBANA,IMPRUDENCIA DEL CONDUCTOR,CONDUCCION CAMBIAR SORPRESIVAMENTE PISTA CIRCULACION,0,0,1,0,18:30:00
-71.5952788,-33.0367439,847,5,REGION VALPARAISO,5101,VALPARAISO,SAN LUIS,PLACERES,0,"Los Placeres & San Luis, Valparaíso, Chile",-33.0367439,-71.5952788,1,GEOMETRIC_CENTER,2020,1324969,2020/12/14 00:00:00+00,COLISION LATERAL,COLISION,URBANA,IMPRUDENCIA DEL CONDUCTOR,NO RESPETAR DERECHO PREFERENTE DE PASO A VEHICULO,0,0,0,0,23:45:00
-71.5649021,-33.0651352,848,5,REGION VALPARAISO,5101,VALPARAISO,JUAN PABLO II,TRIWE,0,"Triwe & Av. Juan Pablo II, Valparaíso, Chile",-33.0651352,-71.5649021,1,GEOMETRIC_CENTER,2020,1325043,2020/12/18 00:00:00+00,CHOQUE FRONTAL,CHOQUE,URBANA,PERDIDA CONTROL VEHICULO,PERDIDA CONTROL VEHICULO,0,1,0,2,22:00:00
-71.5742303,-33.1138922,849,5,REGION VALPARAISO,5101,VALPARAISO,RETEN,SEGUNDA,0,"El Retén & Segunda, Placilla, Valparaíso, Chile",-33.1138922,-71.5742303,1,GEOMETRIC_CENTER,2020,1325093,2020/12/19 00:00:00+00,COLISION FRONTAL,COLISION,URBANA,ALCOHOL EN CONDUCTOR,CONDUCCION EN ESTADO DE EBRIEDAD,0,0,0,0,21:55:00
-71.6135751,-33.5885068,850,5,REGION VALPARAISO,5601,SAN ANTONIO,ALAN MACOWAN,SAN FUENTES,0,"Sanfuentes & Alan Macowan, San Antonio, Valparaíso, Chile",-33.5885068,-71.6135751,1,GEOMETRIC_CENTER,2020,1325096,2020/12/21 00:00:00+00,COLISION LATERAL,COLISION,URBANA,IMPRUDENCIA DEL CONDUCTOR,NO RESPETAR DERECHO PREFERENTE DE PASO A VEHICULO,0,0,0,0,18:12:00
-71.5998585,-33.5875865,851,5,REGION VALPARAISO,5601,SAN ANTONIO,LUIS REUS,MANUEL RODRIGUEZ,0,"Luis Reuss Bernat & Manuel Rodríguez, San Antonio, Valparaíso, Chile",-33.5875865,-71.5998585,1,GEOMETRIC_CENTER,2020,1325100,2020/12/24 00:00:00+00,CHOQUE FRENTE/POSTERIOR,CHOQUE,URBANA,IMPRUDENCIA DEL CONDUCTOR,CONDUCCION SIN MANTENER DISTANCIA RAZONABLE NI PRUDENTE,0,0,0,0,19:40:00
-71.5980073,-33.0355572,852,5,REGION VALPARAISO,5101,VALPARAISO,ESPAÑA,SAN LUIS,0,"Av Espana - Subida San Luis / Oriente, Valparaíso, Chile",-33.0355572,-71.5980073,1,GEOMETRIC_CENTER,2020,1325112,2020/12/19 00:00:00+00,COLISION LATERAL,COLISION,URBANA,IMPRUDENCIA DEL CONDUCTOR,CONDUCCION CAMBIAR SORPRESIVAMENTE PISTA CIRCULACION,0,0,0,0,13:50:00
-71.632625,-33.0664159,853,5,REGION VALPARAISO,5101,VALPARAISO,CAMINO LA POLVORA,CAMINO VIEJO SANTIAGO,0,"Cam. La Pólvora 665, Valparaíso, Chile",-33.0664159,-71.632625,1,ROOFTOP,2020,1325127,2020/12/20 00:00:00+00,OTRO TIPO,OTRO TIPO,URBANA,ALCOHOL EN CONDUCTOR,CONDUCCION EN ESTADO DE EBRIEDAD,0,0,0,0,02:45:00
-71.5845192,-33.0601081,854,5,REGION VALPARAISO,5101,VALPARAISO,NAVIO SAN MARTIN, ,290,"Navío San Martín 290, Valparaíso, Chile",-33.0601081,-71.5845192,1,ROOFTOP,2020,1325220,2020/12/22 00:00:00+00,CHOQUE FRONTAL,CHOQUE,URBANA,FALLAS MECANICAS,FALLAS MECANICAS FRENOS,0,0,0,0,19:30:00
-70.5820305,-32.8023915,855,5,REGION VALPARAISO,5304,SAN ESTEBAN,LOS OLIVOS,ALESSANDRI,0,"Avenida Alessandri & Los Olivos, San Esteban, Valparaíso, Chile",-32.8023915,-70.5820305,1,GEOMETRIC_CENTER,2020,1316808,2020/12/01 00:00:00+00,COLISION,COLISION,URBANA,IMPRUDENCIA DEL CONDUCTOR,CONDUCCION NO ATENTO CONDICIONES TRANSITO MOMENTO,0,0,0,1,23:15:00
-71.6734883,-33.3719943,856,5,REGION VALPARAISO,5602,ALGARROBO,PEÑABLANCA, ,711,"Av. Peñablanca 711, Algarrobo, Valparaíso, Chile",-33.3719943,-71.6734883,1,ROOFTOP,2020,1318880,2020/12/05 00:00:00+00,COLISION FRONTAL,COLISION,URBANA,IMPRUDENCIA DEL CONDUCTOR,CONDUCCION CONTRA SENTIDO DEL TRANSITO,0,0,0,3,11:40:00
-71.5980073,-33.0355572,857,5,REGION VALPARAISO,5101,VALPARAISO,ESPAÑA,SAN LUIS,0,"Av Espana - Subida San Luis / Oriente, Valparaíso, Chile",-33.0355572,-71.5980073,1,GEOMETRIC_CENTER,2020,1325377,2020/12/30 00:00:00+00,COLISION POR ALCANCE,COLISION,URBANA,IMPRUDENCIA DEL CONDUCTOR,CONDUCCION CAMBIAR SORPRESIVAMENTE PISTA CIRCULACION,0,0,0,0,14:20:00
-71.5984147,-33.5175969,858,5,REGION VALPARAISO,5603,CARTAGENA,EL PERAL,NORTE,0,"Av. El Peral, Cartagena, El Tabo, Valparaíso, Chile",-33.5175969,-71.5984147,3,GEOMETRIC_CENTER,2020,1269178,2020/03/04 00:00:00+00,COLISION,COLISION,URBANA,IMPRUDENCIA DEL CONDUCTOR,VIRAJES INDEBIDOS,0,0,0,2,09:20:00
-71.4004519,-33.0334557,859,5,REGION VALPARAISO,5804,VILLA ALEMANA,SANTA MARTA,EL BOSQUE,0,"S/N - Union, Villa Alemana, Valparaíso, Chile",-33.0334557,-71.4004519,3,GEOMETRIC_CENTER,2020,1310506,2020/11/08 00:00:00+00,CHOQUE FRENTE/LADO,CHOQUE,URBANA,IMPRUDENCIA DEL CONDUCTOR,CONDUCIR VEHICULO EN RETROCESO,0,0,0,0,20:45:00
-71.5870874,-33.0300342,860,5,REGION VALPARAISO,5109,VIÑA DEL MAR,ESPAÑA,PUENTE RECREO,0,"Av. España, Chile",-33.0300342,-71.5870874,3,GEOMETRIC_CENTER,2020,1293130,2020/08/04 00:00:00+00,COLISION LATERAL,COLISION,URBANA,IMPRUDENCIA DEL CONDUCTOR,CONDUCCION CAMBIAR SORPRESIVAMENTE PISTA CIRCULACION,0,0,0,0,10:05:00
-70.6263656,-32.8557701,861,5,REGION VALPARAISO,5302,CALLE LARGA,CALLE LARGA,PASO BASAURE,0,"C. Larga, Los Andes, Calle Larga, Valparaíso, Chile",-32.8557701,-70.6263656,1,GEOMETRIC_CENTER,2020,1316841,2020/12/06 00:00:00+00,CHOQUE,CHOQUE,URBANA,IMPRUDENCIA DEL CONDUCTOR,CONDUCCION NO ATENTO CONDICIONES TRANSITO MOMENTO,0,1,0,1,21:05:00
-71.5772957,-33.1234538,862,5,REGION VALPARAISO,5101,VALPARAISO,OBPO VALDES, ,1510,"Av. Obispo Valdés Subercaseaux 1510, Valparaíso, Chile",-33.1234538,-71.5772957,1,ROOFTOP,2020,1270913,2020/03/05 00:00:00+00,CHOQUE LADO/POSTERIOR,CHOQUE,URBANA,IMPRUDENCIA DEL CONDUCTOR,CONDUCIR VEHICULO EN RETROCESO,0,0,0,0,18:00:00
-70.6092477,-32.8314576,863,5,REGION VALPARAISO,5301,LOS ANDES,ESMERALDA, ,1305,"Esmeralda 1305, Los Andes, Valparaíso, Chile",-32.8314576,-70.6092477,1,ROOFTOP,2020,1268403,2020/03/03 00:00:00+00,CHOQUE,CHOQUE,URBANA,ALCOHOL EN CONDUCTOR,CONDUCCION EN ESTADO DE EBRIEDAD,0,0,0,1,05:00:00
-71.6981538,-33.398596,864,5,REGION VALPARAISO,5604,EL QUISCO,VICTORIA, ,106,"El Quisco, Valparaíso, Chile",-33.398596,-71.6981538,1,APPROXIMATE,2020,1273118,2020/03/06 00:00:00+00,COLISION POR ALCANCE,COLISION,URBANA,IMPRUDENCIA DEL CONDUCTOR,CONDUCCION NO ATENTO CONDICIONES TRANSITO MOMENTO,0,0,0,0,21:00:00
-71.6258023,-33.647906,865,5,REGION VALPARAISO,5606,SANTO DOMINGO,E-66, ,1,"Santo Domingo, Valparaíso, Chile",-33.647906,-71.6258023,1,APPROXIMATE,2020,1298712,2020/08/09 00:00:00+00,COLISION LATERAL,COLISION,URBANA,IMPRUDENCIA DEL CONDUCTOR,CONDUCCION SIN MANTENER DISTANCIA RAZONABLE NI PRUDENTE,0,0,0,1,17:15:00
-70.9527542,-32.8396955,866,5,REGION VALPARAISO,5703,LLAY LLAY,LUIS CRUZ MARTINEZ, ,72,"Luis Cruz Martínez 72, Llay Llay, Llaillay, Valparaíso, Chile",-32.8396955,-70.9527542,1,RANGE_INTERPOLATED,2020,1318303,2020/12/08 00:00:00+00,CHOQUE,CHOQUE,URBANA,PERDIDA CONTROL VEHICULO,PERDIDA CONTROL VEHICULO,0,0,0,0,13:15:00
-70.6039991,-32.8359742,867,5,REGION VALPARAISO,5301,LOS ANDES,SANTA TERESA, ,683,"Sta. Teresa 683, Los Andes, Valparaíso, Chile",-32.8359742,-70.6039991,1,ROOFTOP,2020,1257710,2020/01/18 00:00:00+00,CHOQUE POSTERIOR/FRENTE,CHOQUE,URBANA,IMPRUDENCIA DEL CONDUCTOR,CONDUCIR VEHICULO EN RETROCESO,0,0,0,0,13:50:00
-71.5967794,-33.0352386,868,5,REGION VALPARAISO,5101,VALPARAISO,FEDERICO SANTA MARIA,PUERTO WILLIAMS,0,"Av. España 1680, Valparaíso, Chile",-33.0352386,-71.5967794,1,ROOFTOP,2020,1262147,2020/01/22 00:00:00+00,ATROPELLO,ATROPELLO,URBANA,IMPRUDENCIA DEL CONDUCTOR,NO RESPETAR DERECHO PREFERENTE DE PASO A PEATON,0,0,0,1,22:00:00
-71.5147401,-32.9989814,869,5,REGION VALPARAISO,5109,VIÑA DEL MAR,ALESSANDRI,ATLANTICO,0,"Alessandri - Gomez Carreño, Viña del Mar, Valparaíso, Chile",-32.9989814,-71.5147401,1,GEOMETRIC_CENTER,2020,1256043,2020/01/07 00:00:00+00,COLISION,COLISION,URBANA,IMPRUDENCIA DEL CONDUCTOR,CONDUCCION NO ATENTO CONDICIONES TRANSITO MOMENTO,0,0,0,0,17:53:00
-71.5557993,-33.0148276,870,5,REGION VALPARAISO,5109,VIÑA DEL MAR,SAN MARTIN,ALMTE JORGE MONTT,0,"San Martín 667, Valparaíso, Viña del Mar, Valparaíso, Chile",-33.0148276,-71.5557993,1,ROOFTOP,2020,1259205,2020/01/11 00:00:00+00,COLISION POR ALCANCE,COLISION,URBANA,IMPRUDENCIA DEL CONDUCTOR,CONDUCCION NO ATENTO CONDICIONES TRANSITO MOMENTO,0,0,0,0,08:45:00
-70.6039991,-32.8359742,871,5,REGION VALPARAISO,5301,LOS ANDES,SANTA TERESA, ,683,"Sta. Teresa 683, Los Andes, Valparaíso, Chile",-32.8359742,-70.6039991,1,ROOFTOP,2020,1259236,2020/01/23 00:00:00+00,CHOQUE POSTERIOR/LADO,CHOQUE,URBANA,IMPRUDENCIA DEL CONDUCTOR,CONDUCIR VEHICULO EN RETROCESO,0,0,0,0,07:20:00
-71.42905,-32.508624,872,5,REGION VALPARAISO,5403,PAPUDO,LOS CHANGOS, ,1456,"Los Changos 1456, Papudo, Valparaíso, Chile",-32.508624,-71.42905,1,RANGE_INTERPOLATED,2020,1257445,2020/01/16 00:00:00+00,ATROPELLO,ATROPELLO,URBANA,OTRAS CAUSAS,OTRAS CAUSAS,0,1,0,0,13:00:00
-71.5006334,-32.9883053,873,5,REGION VALPARAISO,5109,VIÑA DEL MAR,CAMINO INTERNACIONAL, ,32540,"Cam. Internacional 32540, Viña del Mar, Valparaíso, Chile",-32.9883053,-71.5006334,1,RANGE_INTERPOLATED,2020,1275056,2020/03/26 00:00:00+00,COLISION,COLISION,URBANA,PERDIDA CONTROL VEHICULO,PERDIDA CONTROL VEHICULO,0,0,0,4,07:40:00
-71.1927494,-32.7991757,874,5,REGION VALPARAISO,5502,CALERA,PADRE HURTADO, ,198,"Padre Hurtado, Calera, Valparaíso, Chile",-32.7991757,-71.1927494,1,GEOMETRIC_CENTER,2020,1259671,2020/01/28 00:00:00+00,COLISION LATERAL,COLISION,URBANA,IMPRUDENCIA DEL CONDUCTOR,CONDUCCION SIN MANTENER DISTANCIA RAZONABLE NI PRUDENTE,0,0,0,0,13:00:00
-71.2483933,-32.8744366,875,5,REGION VALPARAISO,5501,QUILLOTA,ORIENTE, ,11,"Oriente 11, Quillota, Valparaíso, Chile",-32.8744366,-71.2483933,1,RANGE_INTERPOLATED,2020,1256134,2020/01/11 00:00:00+00,CHOQUE,CHOQUE,URBANA,ALCOHOL EN CONDUCTOR,CONDUCCION EN ESTADO DE EBRIEDAD,0,0,0,1,05:30:00
-71.4340644,-33.0430286,876,5,REGION VALPARAISO,5801,QUILPUE,FREIRE, ,1351,"Freire 1351, Quilpué, Valparaíso, Chile",-33.0430286,-71.4340644,1,ROOFTOP,2020,1259714,2020/01/24 00:00:00+00,CHOQUE FRONTAL,CHOQUE,URBANA,PERDIDA CONTROL VEHICULO,PERDIDA CONTROL VEHICULO,0,0,0,1,21:10:00
-71.3997635,-33.0464623,877,5,REGION VALPARAISO,5804,VILLA ALEMANA,MADRID,PASAJE UNO,0,"Pasaje Uno & Madrid, Villa Alemana, Quilpué, Valparaíso, Chile",-33.0464623,-71.3997635,2,GEOMETRIC_CENTER,2020,1261937,2020/02/04 00:00:00+00,COLISION,COLISION,URBANA,IMPRUDENCIA DEL CONDUCTOR,CONDUCCION NO ATENTO CONDICIONES TRANSITO MOMENTO,0,0,0,0,15:00:00
-71.646731,-33.042893,878,5,REGION VALPARAISO,5101,VALPARAISO,LEVARTE,QUEB VERDE,0,"Levarte 1405, Playa Ancha, Valparaíso, Chile",-33.042893,-71.646731,1,ROOFTOP,2020,1255325,2020/01/08 00:00:00+00,COLISION LATERAL,COLISION,URBANA,IMPRUDENCIA DEL CONDUCTOR,NO RESPETAR DERECHO PREFERENTE DE PASO A VEHICULO,0,0,0,0,14:00:00
-70.740666,-32.742751,879,5,REGION VALPARAISO,5701,SAN FELIPE,COSTANERA,DEPARTAMENTAL,0,"Balneario Camping Andacollo - Costanera Poniente 940, San Felipe, Valparaíso, Chile",-32.742751,-70.740666,1,ROOFTOP,2020,1259525,2020/01/21 00:00:00+00,CHOQUE,CHOQUE,URBANA,IMPRUDENCIA DEL CONDUCTOR,CONDUCCION NO ATENTO CONDICIONES TRANSITO MOMENTO,0,0,0,0,08:45:00
-71.1467957,-32.7976854,880,5,REGION VALPARAISO,5503,HIJUELAS,MANUEL RODRIGUEZ, ,6115,"Manuel Rodríguez, Hijuelas, Valparaíso, Chile",-32.7976854,-71.1467957,1,GEOMETRIC_CENTER,2020,1254707,2020/01/06 00:00:00+00,CHOQUE LADO/LADO,CHOQUE,URBANA,OTRAS CAUSAS,OTRAS CAUSAS,0,0,0,0,18:00:00
-71.5758952,-33.0431808,881,5,REGION VALPARAISO,5101,VALPARAISO,21 DE MAYO,VASCO NUÑEZ DE BALBOA,0,"Vasco Núñez de Balboa & Veintiuno de Mayo, Viña del Mar, Valparaíso, Chile",-33.0431808,-71.5758952,2,GEOMETRIC_CENTER,2020,1273192,2020/03/24 00:00:00+00,COLISION POR ALCANCE,COLISION,URBANA,PERDIDA CONTROL VEHICULO,PERDIDA CONTROL VEHICULO,0,0,0,0,17:30:00
-71.5994725,-33.0356166,882,5,REGION VALPARAISO,5101,VALPARAISO,LOS PLACERES,DIEGO PORTALES,0,"Playa Los Placeres - Av. España 1828, Valparaíso, Chile",-33.0356166,-71.5994725,2,APPROXIMATE,2020,1273463,2020/03/02 00:00:00+00,CHOQUE POSTERIOR/FRENTE,CHOQUE,URBANA,IMPRUDENCIA DEL CONDUCTOR,CONDUCCION NO ATENTO CONDICIONES TRANSITO MOMENTO,0,0,0,0,00:20:00
-71.5721124,-33.0252309,883,5,REGION VALPARAISO,5109,VIÑA DEL MAR,LAS PALMAS,PUENTE LOS QUITEÑOS,0,"Puente Capuchinos - Av. España 767, Viña del Mar, Valparaíso, Chile",-33.0252309,-71.5721124,2,ROOFTOP,2020,1275036,2020/03/21 00:00:00+00,VOLCADURA,VOLCADURA,URBANA,PERDIDA CONTROL VEHICULO,PERDIDA CONTROL VEHICULO,0,0,0,0,22:30:00
-71.398348,-33.04611,884,5,REGION VALPARAISO,5801,QUILPUE,FREIRE,OJOS DE AGUA,0,"Freire & Ojos de Agua, Villa Alemana, Valparaíso, Chile",-33.04611,-71.398348,2,GEOMETRIC_CENTER,2020,1275277,2020/04/02 00:00:00+00,CHOQUE FRENTE/POSTERIOR,CHOQUE,URBANA,IMPRUDENCIA DEL CONDUCTOR,CONDUCCION SIN MANTENER DISTANCIA RAZONABLE NI PRUDENTE,0,0,0,0,14:00:00
-70.5626539,-32.8150468,885,5,REGION VALPARAISO,5304,SAN ESTEBAN,SAN JOSE,VIRGEN DEL VALLE,0,"La Florida # 2220 San Esteban, Valparaíso, San Esteban, Valparaíso, Chile",-32.8150468,-70.5626539,1,GEOMETRIC_CENTER,2020,1316835,2020/12/03 00:00:00+00,COLISION,COLISION,URBANA,IMPRUDENCIA DEL CONDUCTOR,CONDUCCION SIN MANTENER DISTANCIA RAZONABLE NI PRUDENTE,0,0,0,0,14:50:00
-70.594663,-32.827211,886,5,REGION VALPARAISO,5301,LOS ANDES,ARGENTINA,HERMANOS CLARK,0,"Hnos Clark 311, Los Andes, Valparaíso, Chile",-32.827211,-70.594663,1,ROOFTOP,2020,1316839,2020/12/05 00:00:00+00,CHOQUE FRENTE/POSTERIOR,CHOQUE,URBANA,ALCOHOL EN CONDUCTOR,CONDUCCION BAJO LA INFLUENCIA DEL ALCOHOL,0,0,0,0,18:50:00
-70.6011277,-32.8424139,887,5,REGION VALPARAISO,5301,LOS ANDES,EDUARDO FREI,GUAYANAS,0,"Chile, Los Andes, Valparaíso, Chile",-32.8424139,-70.6011277,1,GEOMETRIC_CENTER,2020,1255122,2020/01/09 00:00:00+00,COLISION LATERAL,COLISION,URBANA,DESOBEDIENCIA A SEÑALIZACION,SEÑALIZACION DESOBEDECER SEÑAL PARE,0,0,0,0,20:15:00
-71.4837488,-33.0347241,888,5,REGION VALPARAISO,5801,QUILPUE,PASO HONDO, ,2150,"Jardines de Paso Hondo 2150, Quilpué, Valparaíso, Chile",-33.0347241,-71.4837488,2,RANGE_INTERPOLATED,2020,1286213,2020/06/10 00:00:00+00,COLISION LATERAL,COLISION,URBANA,IMPRUDENCIA DEL CONDUCTOR,CONDUCCION CAMBIAR SORPRESIVAMENTE PISTA CIRCULACION,0,0,0,0,14:40:00