X,Y,FID,COD_REG,REGION,CUT,COMUNA,CALLE_UNO,CALLE_DOS,NUMERO,DIR_GEOCOD,LAT,LNG,VAL_COM,TIPO,Año,Idaccident,Fecha,Tipo_Accid,Tipo__CONA,Zona,Causa__CON,Causa,Fallecidos,Graves,Menos_Grav,Leves,Hora
-71.2440754,-32.8849597,1011,5,REGION VALPARAISO,5501,QUILLOTA,YUNGAY,BLANCO,0,"Blanco Nº 661 - Yungay, Quillota, Valparaíso, Chile",-32.8849597,-71.2440754,1,GEOMETRIC_CENTER,2020,1252766,2020/01/02 00:00:00+00,COLISION,COLISION,URBANA,DESOBEDIENCIA A SEÑALIZACION,SEÑALIZACION DESOBEDECER SEÑAL PARE,0,0,0,1,16:00:00
-71.3675715,-33.0461958,1012,5,REGION VALPARAISO,5804,VILLA ALEMANA,CARRERA,VICTORIA,0,"Victoria, Villa Alemana, Valparaíso, Chile",-33.0461958,-71.3675715,1,GEOMETRIC_CENTER,2020,1253324,2020/01/01 00:00:00+00,COLISION,COLISION,URBANA,ALCOHOL EN CONDUCTOR,CONDUCCION EN ESTADO DE EBRIEDAD,0,0,0,4,01:45:00
-71.6137445,-33.582456,1013,5,REGION VALPARAISO,5601,SAN ANTONIO,PASEO DEL MAR,PASEO BELLAMAR,0,"P.º El Mar, San Antonio, Valparaíso, Chile",-33.582456,-71.6137445,1,GEOMETRIC_CENTER,2020,1253628,2020/01/02 00:00:00+00,ATROPELLO,ATROPELLO,URBANA,IMPRUDENCIA DEL CONDUCTOR,CONDUCCION NO ATENTO CONDICIONES TRANSITO MOMENTO,0,0,0,1,13:05:00
-71.6034045,-33.5757994,1014,5,REGION VALPARAISO,5601,SAN ANTONIO,CENTENARIO,BALMACEDA,0,"Centenario & José Manuel Balmaceda, San Antonio, Valparaíso, Chile",-33.5757994,-71.6034045,1,GEOMETRIC_CENTER,2020,1253631,2020/01/02 00:00:00+00,COLISION POR ALCANCE,COLISION,URBANA,IMPRUDENCIA DEL CONDUCTOR,CONDUCCION NO ATENTO CONDICIONES TRANSITO MOMENTO,0,0,0,0,23:20:00
-71.626716,-33.0392958,1015,5,REGION VALPARAISO,5101,VALPARAISO,ERRAZURIZ,URRIOLA,0,"Urriola & Errázuriz, Valparaíso, Chile",-33.0392958,-71.626716,1,GEOMETRIC_CENTER,2020,1253637,2020/01/01 00:00:00+00,COLISION,COLISION,URBANA,IMPRUDENCIA DEL CONDUCTOR,NO RESPETAR DERECHO PREFERENTE DE PASO A VEHICULO,0,0,0,0,03:00:00
-71.6068925,-33.5988392,1016,5,REGION VALPARAISO,5601,SAN ANTONIO,ANTOFAGASTA,INDEPENDENCIA,0,"Independencia & Antofagasta, San Antonio, Valparaíso, Chile",-33.5988392,-71.6068925,1,GEOMETRIC_CENTER,2020,1253639,2020/01/03 00:00:00+00,ATROPELLO,ATROPELLO,URBANA,IMPRUDENCIA DEL CONDUCTOR,CONDUCCION NO ATENTO CONDICIONES TRANSITO MOMENTO,0,0,1,0,20:40:00
-71.4408752,-33.0482707,1017,5,REGION VALPARAISO,5801,QUILPUE,BLANCO, ,1736,"Quilpué, Valparaíso, Chile",-33.0482707,-71.4408752,1,APPROXIMATE,2020,1253640,2020/01/02 00:00:00+00,CHOQUE FRENTE/FRENTE,CHOQUE,URBANA,PERDIDA CONTROL VEHICULO,PERDIDA CONTROL VEHICULO,0,0,0,0,19:00:00
-71.6141409,-33.5957901,1018,5,REGION VALPARAISO,5601,SAN ANTONIO,EL MOLO,SANFUENTES,0,"El Molo & Sanfuentes, San Antonio, Valparaíso, Chile",-33.5957901,-71.6141409,1,GEOMETRIC_CENTER,2020,1253641,2020/01/03 00:00:00+00,COLISION POR ALCANCE,COLISION,URBANA,VELOCIDAD IMPRUDENTE,VELOCIDAD NO RAZONABLE NI PRUDENTE,0,0,0,0,16:40:00
-71.6003934,-33.6139263,1019,5,REGION VALPARAISO,5601,SAN ANTONIO,JASON, ,1419,"Jason 1419, San Antonio, Valparaíso, Chile",-33.6139263,-71.6003934,1,RANGE_INTERPOLATED,2020,1253644,2020/01/03 00:00:00+00,CHOQUE FRENTE/POSTERIOR,CHOQUE,URBANA,IMPRUDENCIA DEL CONDUCTOR,CONDUCCION NO ATENTO CONDICIONES TRANSITO MOMENTO,0,0,0,0,15:50:00
-71.6057688,-33.6175765,1020,5,REGION VALPARAISO,5601,SAN ANTONIO,BAQUEDANO,HURTADO DE MENDOZA,0,"García Hurtado de Mendoza & General Manuel Baquedano, San Antonio, Valparaíso, Chile",-33.6175765,-71.6057688,1,GEOMETRIC_CENTER,2020,1253650,2020/01/04 00:00:00+00,CHOQUE FRENTE/POSTERIOR,CHOQUE,URBANA,IMPRUDENCIA DEL CONDUCTOR,CONDUCCION NO ATENTO CONDICIONES TRANSITO MOMENTO,0,0,0,0,22:10:00
-71.46767,-33.0578375,1021,5,REGION VALPARAISO,5801,QUILPUE,ATACAMA,ACONCAGUA,0,"Atacama & Aconcagua, Quilpué, Valparaíso, Chile",-33.0578375,-71.46767,1,GEOMETRIC_CENTER,2020,1253668,2020/01/03 00:00:00+00,VOLCADURA,VOLCADURA,URBANA,PERDIDA CONTROL VEHICULO,PERDIDA CONTROL VEHICULO,0,0,1,1,21:00:00
-70.5798032,-32.8004995,1022,5,REGION VALPARAISO,5304,SAN ESTEBAN,SAN MARTIN,ALGARROBO,0,"San Esteban, Valparaíso, Chile",-32.8004995,-70.5798032,1,APPROXIMATE,2020,1253790,2020/01/01 00:00:00+00,CHOQUE,CHOQUE,URBANA,PERDIDA CONTROL VEHICULO,PERDIDA CONTROL VEHICULO,0,0,0,0,02:00:00
-70.5929592,-32.8099691,1023,5,REGION VALPARAISO,5304,SAN ESTEBAN,LOS OLMOS, ,0,"Los Olmos, San Esteban, Valparaíso, Chile",-32.8099691,-70.5929592,1,APPROXIMATE,2020,1253862,2020/01/02 00:00:00+00,VOLCADURA,VOLCADURA,URBANA,ALCOHOL EN CONDUCTOR,CONDUCCION EN ESTADO DE EBRIEDAD,0,1,0,0,01:20:00
-71.2728689,-33.0177722,1024,5,REGION VALPARAISO,5802,LIMACHE,PALMIRA ROMANO SUR,SAN ALFONSO,0,"San Alfonso & Palmira Romano Sur, Limache, Valparaíso, Chile",-33.0177722,-71.2728689,1,GEOMETRIC_CENTER,2020,1253995,2020/01/06 00:00:00+00,COLISION POR ALCANCE,COLISION,URBANA,IMPRUDENCIA DEL CONDUCTOR,CONDUCCION NO ATENTO CONDICIONES TRANSITO MOMENTO,0,0,0,0,10:30:00
-71.2574177,-32.8793213,1025,5,REGION VALPARAISO,5501,QUILLOTA,CONCEPCION, ,1050,"La Concepción 1050, Quillota, Valparaíso, Chile",-32.8793213,-71.2574177,1,ROOFTOP,2020,1254072,2020/01/05 00:00:00+00,OTRO TIPO,OTRO TIPO,URBANA,ALCOHOL EN CONDUCTOR,CONDUCCION EN ESTADO DE EBRIEDAD,0,1,0,2,20:50:00
-71.2435824,-32.896829,1026,5,REGION VALPARAISO,5501,QUILLOTA,CONDELL, ,1687,"Carlos Condell 1687, Quillota, Valparaíso, Chile",-32.896829,-71.2435824,1,ROOFTOP,2020,1254073,2020/01/06 00:00:00+00,CHOQUE,CHOQUE,URBANA,CAUSAS NO DETERMINADAS,CAUSAS NO DETERMINADAS,0,0,0,0,01:15:00
-70.5955032,-32.8414325,1027,5,REGION VALPARAISO,5301,LOS ANDES,PERU ORIENTE,PASCUAL BABURIZZA,0,"av peru oriente, los andes, Los Andes, Valparaíso, Chile",-32.8414325,-70.5955032,1,GEOMETRIC_CENTER,2020,1254075,2020/01/04 00:00:00+00,COLISION LATERAL,COLISION,URBANA,DESOBEDIENCIA A SEÑALIZACION,SEÑALIZACION DESOBEDECER SEÑAL CEDA EL PASO,0,0,0,3,17:20:00
-70.5999744,-32.8289886,1028,5,REGION VALPARAISO,5301,LOS ANDES,ARGENTINA,CARLOS DIAZ,0,"Av. Argentina 626, Los Andes, Valparaíso, Chile",-32.8289886,-70.5999744,1,ROOFTOP,2020,1254076,2020/01/04 00:00:00+00,COLISION POR ALCANCE,COLISION,URBANA,IMPRUDENCIA DEL CONDUCTOR,CONDUCCION NO ATENTO CONDICIONES TRANSITO MOMENTO,0,0,0,0,13:15:00
-71.192001,-32.7745697,1029,5,REGION VALPARAISO,5502,CALERA,ADRIAN, ,312,"Adrian 312, La Calera, Calera, Valparaíso, Chile",-32.7745697,-71.192001,1,ROOFTOP,2020,1254138,2020/01/03 00:00:00+00,COLISION FRONTAL,COLISION,URBANA,IMPRUDENCIA DEL CONDUCTOR,CONDUCCION CAMBIAR SORPRESIVAMENTE PISTA CIRCULACION,0,0,0,1,12:45:00
-71.1881527,-32.7891664,1030,5,REGION VALPARAISO,5502,CALERA,ZENTENO,ALMTE LATORRE,0,"Zenteno & Almirante Latorre, La Calera, Calera, Valparaíso, Chile",-32.7891664,-71.1881527,1,GEOMETRIC_CENTER,2020,1254141,2020/01/03 00:00:00+00,CHOQUE FRONTAL,CHOQUE,URBANA,OTRAS CAUSAS,OTRAS CAUSAS,0,0,0,1,20:00:00
-70.5972179,-32.8337995,1031,5,REGION VALPARAISO,5301,LOS ANDES,HERMANO AVELINO, ,61,"Los Andes, Valparaíso, Chile",-32.8337995,-70.5972179,1,APPROXIMATE,2020,1254278,2020/01/05 00:00:00+00,CHOQUE,CHOQUE,URBANA,PERDIDA CONTROL VEHICULO,PERDIDA CONTROL VEHICULO,0,0,0,0,21:50:00
-71.2390738,-32.8675311,1032,5,REGION VALPARAISO,5501,QUILLOTA,21 DE MAYO,SIMON ALAMOS,0,"Simon Alamos & Avenida 21 de Mayo, Quillota, Valparaíso, Chile",-32.8675311,-71.2390738,1,GEOMETRIC_CENTER,2020,1254339,2020/01/07 00:00:00+00,CHOQUE,CHOQUE,URBANA,IMPRUDENCIA DEL CONDUCTOR,CONDUCCION NO ATENTO CONDICIONES TRANSITO MOMENTO,0,0,0,0,08:50:00
-70.7277594,-32.748281,1033,5,REGION VALPARAISO,5701,SAN FELIPE,SANTO DOMINGO,NAVARRO,0,"Santo Domingo & Navarro, San Felipe, Valparaíso, Chile",-32.748281,-70.7277594,1,GEOMETRIC_CENTER,2020,1254382,2020/01/04 00:00:00+00,ATROPELLO,ATROPELLO,URBANA,DESOBEDIENCIA A SEÑALIZACION,SEÑALIZACION DESOBEDECER SEÑAL PARE,0,0,2,0,17:15:00
-70.7207737,-32.7446018,1034,5,REGION VALPARAISO,5701,SAN FELIPE,CALLE UNO,PORTUS,0,"Portus & Uno Norte, San Felipe, Valparaíso, Chile",-32.7446018,-70.7207737,1,GEOMETRIC_CENTER,2020,1254396,2020/01/05 00:00:00+00,COLISION,COLISION,URBANA,DESOBEDIENCIA A SEÑALIZACION,SEÑALIZACION DESOBEDECER SEÑAL PARE,0,0,0,2,19:20:00
-71.6258813,-33.5780202,1035,5,REGION VALPARAISO,5601,SAN ANTONIO,ANTONIO NUÑEZ DE FONSECA, ,4258,"Antonio Núñez de Fonseca, San Antonio, Valparaíso, Chile",-33.5780202,-71.6258813,1,GEOMETRIC_CENTER,2020,1254939,2020/01/06 00:00:00+00,COLISION POR ALCANCE,COLISION,URBANA,IMPRUDENCIA DEL CONDUCTOR,CONDUCCION NO ATENTO CONDICIONES TRANSITO MOMENTO,0,0,0,0,08:20:00
-71.6103138,-33.5793972,1036,5,REGION VALPARAISO,5601,SAN ANTONIO,BALMACEDA,MAURICIO MENA,0,"José Manuel Balmaceda & Mauricio Mena, San Antonio, Valparaíso, Chile",-33.5793972,-71.6103138,1,GEOMETRIC_CENTER,2020,1254941,2020/01/06 00:00:00+00,COLISION POR ALCANCE,COLISION,URBANA,IMPRUDENCIA DEL CONDUCTOR,CONDUCCION SIN MANTENER DISTANCIA RAZONABLE NI PRUDENTE,0,0,0,0,15:40:00
-71.6088072,-33.5779179,1037,5,REGION VALPARAISO,5601,SAN ANTONIO,LAURO BARROS, ,19,"Lauro Barros 19, San Antonio, Valparaíso, Chile",-33.5779179,-71.6088072,1,RANGE_INTERPOLATED,2020,1254944,2020/01/07 00:00:00+00,COLISION POR ALCANCE,COLISION,URBANA,IMPRUDENCIA DEL CONDUCTOR,CONDUCCION NO ATENTO CONDICIONES TRANSITO MOMENTO,0,0,0,0,20:30:00
-71.6686029,-33.3680245,1038,5,REGION VALPARAISO,5602,ALGARROBO,GUILLERMO MUCKE, ,650,"Av. Dr. Guillermo Mucke 650, Algarrobo, Valparaíso, Chile",-33.3680245,-71.6686029,1,RANGE_INTERPOLATED,2020,1255029,2020/01/03 00:00:00+00,COLISION POR ALCANCE,COLISION,URBANA,IMPRUDENCIA DEL CONDUCTOR,CONDUCCION NO ATENTO CONDICIONES TRANSITO MOMENTO,0,0,0,0,16:25:00
-71.6816785,-33.3767581,1039,5,REGION VALPARAISO,5602,ALGARROBO,IGNACIO CARRERA PINTO,TRANQUE VIEJO,0,"Av. Ignacio Carrera Pinto, Algarrobo, Valparaíso, Chile",-33.3767581,-71.6816785,1,GEOMETRIC_CENTER,2020,1255030,2020/01/04 00:00:00+00,CHOQUE FRONTAL,CHOQUE,URBANA,PERDIDA CONTROL VEHICULO,PERDIDA CONTROL VEHICULO,0,0,0,0,08:10:00
-70.6114823,-32.8325168,1040,5,REGION VALPARAISO,5301,LOS ANDES,LOS ALERCES, ,19,"Los Alerces, Los Andes, Valparaíso, Chile",-32.8325168,-70.6114823,1,GEOMETRIC_CENTER,2020,1255112,2020/01/09 00:00:00+00,COLISION LATERAL,COLISION,URBANA,IMPRUDENCIA DEL CONDUCTOR,CONDUCCION NO ATENTO CONDICIONES TRANSITO MOMENTO,0,0,0,0,14:15:00
-71.2371246,-32.8768658,1041,5,REGION VALPARAISO,5501,QUILLOTA,RAFAEL ARIZTIA,LA FERIA,0,"La Feria & Rafael Ariztía, Quillota, Valparaíso, Chile",-32.8768658,-71.2371246,1,GEOMETRIC_CENTER,2020,1255164,2020/01/09 00:00:00+00,CHOQUE,CHOQUE,URBANA,IMPRUDENCIA DEL CONDUCTOR,CONDUCCION NO ATENTO CONDICIONES TRANSITO MOMENTO,0,0,0,0,19:30:00
-70.719437,-32.7503728,1042,5,REGION VALPARAISO,5701,SAN FELIPE,YUNGAY,BERNARDO CRUZ,0,"Yungay & Bernardo Cruz, San Felipe, Valparaíso, Chile",-32.7503728,-70.719437,1,GEOMETRIC_CENTER,2020,1255180,2020/01/06 00:00:00+00,COLISION LATERAL,COLISION,URBANA,IMPRUDENCIA DEL CONDUCTOR,CONDUCCION NO ATENTO CONDICIONES TRANSITO MOMENTO,0,0,0,0,08:30:00
-70.7314392,-32.7533806,1043,5,REGION VALPARAISO,5701,SAN FELIPE,TACNA SUR,MAIPU,0,"Maipú & Tacna Sur, San Felipe, Valparaíso, Chile",-32.7533806,-70.7314392,1,GEOMETRIC_CENTER,2020,1255188,2020/01/06 00:00:00+00,COLISION,COLISION,URBANA,DESOBEDIENCIA A SEÑALIZACION,SEÑALIZACION DESOBEDECER LUZ ROJA DE SEMAFORO,0,0,0,1,11:00:00
-70.7277594,-32.748281,1044,5,REGION VALPARAISO,5701,SAN FELIPE,SANTO DOMINGO,NAVARRO,0,"Santo Domingo & Navarro, San Felipe, Valparaíso, Chile",-32.748281,-70.7277594,1,GEOMETRIC_CENTER,2020,1255191,2020/01/06 00:00:00+00,COLISION,COLISION,URBANA,DESOBEDIENCIA A SEÑALIZACION,SEÑALIZACION DESOBEDECER SEÑAL PARE,0,1,0,1,15:35:00
-70.6553071,-32.7759152,1045,5,REGION VALPARAISO,5706,SANTA MARIA,TOCORNAL, ,0,"Tocornal 7377, Santa Maria, Valparaíso, Chile",-32.7759152,-70.6553071,1,ROOFTOP,2020,1255202,2020/01/09 00:00:00+00,CHOQUE,CHOQUE,RURAL,IMPRUDENCIA DEL CONDUCTOR,CONDUCCION SIN MANTENER DISTANCIA RAZONABLE NI PRUDENTE,0,0,0,3,08:00:00
-71.6670178,-33.371273,1046,5,REGION VALPARAISO,5602,ALGARROBO,GUILLERMO MUCKE,EL PEUMO,0,"El Peumo & Avenida Doctor Guillermo Mucke, Algarrobo, Valparaíso, Chile",-33.371273,-71.6670178,1,GEOMETRIC_CENTER,2020,1255217,2020/01/09 00:00:00+00,COLISION LATERAL,COLISION,URBANA,ALCOHOL EN CONDUCTOR,CONDUCCION BAJO LA INFLUENCIA DEL ALCOHOL,0,0,0,1,10:30:00
-71.2198942,-32.7968603,1047,5,REGION VALPARAISO,5502,CALERA,ACONCAGUA,ISABEL RIQUELME,0,"C. Isabel Riquelme, La Calera, Valparaíso, Chile",-32.7968603,-71.2198942,1,GEOMETRIC_CENTER,2020,1255729,2020/01/09 00:00:00+00,COLISION LATERAL,COLISION,URBANA,DESOBEDIENCIA A SEÑALIZACION,SEÑALIZACION DESOBEDECER SEÑAL CEDA EL PASO,0,0,0,1,21:00:00
-70.5960714,-32.852176,1048,5,REGION VALPARAISO,5301,LOS ANDES,MANERO,VICENTE MARIN,0,"Presbítero Vicente Marín y Manero, Los Andes, Valparaíso, Chile",-32.852176,-70.5960714,1,GEOMETRIC_CENTER,2020,1255808,2020/01/10 00:00:00+00,ATROPELLO,ATROPELLO,URBANA,IMPRUDENCIA DEL PEATON,PEATON CRUZA CALZADA FORMA SORPRESIVA O DESCUIDADA,0,0,0,1,20:15:00
-71.6121603,-33.601976,1049,5,REGION VALPARAISO,5601,SAN ANTONIO,LLUTA, ,317,"Lluta 317, San Antonio, Valparaíso, Chile",-33.601976,-71.6121603,1,ROOFTOP,2020,1258805,2020/01/09 00:00:00+00,COLISION POR ALCANCE,COLISION,URBANA,IMPRUDENCIA DEL CONDUCTOR,CONDUCCION NO ATENTO CONDICIONES TRANSITO MOMENTO,0,0,0,0,00:30:00
-71.4410665,-33.056776,1050,5,REGION VALPARAISO,5801,QUILPUE,PABLO NERUDA,CUMMING,0,"Pablo Neruda & Cumming, Quilpué, Valparaíso, Chile",-33.056776,-71.4410665,1,GEOMETRIC_CENTER,2020,1255910,2020/01/05 00:00:00+00,VOLCADURA,VOLCADURA,URBANA,ALCOHOL EN CONDUCTOR,CONDUCCION EN ESTADO DE EBRIEDAD,0,0,0,1,06:20:00
-71.4483696,-33.0522299,1051,5,REGION VALPARAISO,5801,QUILPUE,BARROS ARANA,BUENOS AIRES,0,"Calle Barros Arana & Buenos Aires, Quilpué, Valparaíso, Chile",-33.0522299,-71.4483696,1,GEOMETRIC_CENTER,2020,1255916,2020/01/06 00:00:00+00,COLISION,COLISION,URBANA,DESOBEDIENCIA A SEÑALIZACION,SEÑALIZACION DESOBEDECER SEÑAL PARE,0,1,0,2,20:00:00
-71.4444806,-33.0465795,1052,5,REGION VALPARAISO,5801,QUILPUE,ANDRES BELLO,VICUÑA MACKENNA,0,"Andrés Bello & Vicuña Mackenna, Quilpué, Valparaíso, Chile",-33.0465795,-71.4444806,1,GEOMETRIC_CENTER,2020,1255928,2020/01/07 00:00:00+00,COLISION,COLISION,URBANA,IMPRUDENCIA DEL CONDUCTOR,CONDUCIR VEHICULO EN RETROCESO,0,0,0,0,15:15:00
-71.5035089,-32.9936854,1053,5,REGION VALPARAISO,5109,VIÑA DEL MAR,CAMINO INTERNACIONAL,ROTONDA GLORIAS NAVALES,0,"Fragata Esmeralda, Viña del Mar, Valparaíso, Chile",-32.9936854,-71.5035089,1,GEOMETRIC_CENTER,2020,1255972,2020/01/01 00:00:00+00,COLISION POR ALCANCE,COLISION,URBANA,IMPRUDENCIA DEL CONDUCTOR,CONDUCCION NO ATENTO CONDICIONES TRANSITO MOMENTO,0,0,0,0,02:45:00
-71.497721,-32.9867462,1054,5,REGION VALPARAISO,5109,VIÑA DEL MAR,ALEMANIA,CALLE UNO,0,"Alemania & Calle Uno, Viña del Mar, Valparaíso, Chile",-32.9867462,-71.497721,1,GEOMETRIC_CENTER,2020,1255976,2020/01/02 00:00:00+00,CHOQUE POSTERIOR,CHOQUE,URBANA,IMPRUDENCIA DEL CONDUCTOR,CONDUCCION NO ATENTO CONDICIONES TRANSITO MOMENTO,0,0,0,1,15:30:00
-71.5905132,-33.032825,1055,5,REGION VALPARAISO,5101,VALPARAISO,ESPAÑA,PELLE,0,"Pelle & Avenida España, Valparaíso, Chile",-33.032825,-71.5905132,1,GEOMETRIC_CENTER,2020,1255977,2020/01/09 00:00:00+00,COLISION LATERAL,COLISION,URBANA,DESOBEDIENCIA A SEÑALIZACION,SEÑALIZACION DESOBEDECER LUZ ROJA DE SEMAFORO,0,0,0,0,23:55:00
-71.5453303,-32.9682058,1056,5,REGION VALPARAISO,5109,VIÑA DEL MAR,BORGOÑO, ,14990,"Av. Borgoño 14990, Viña del Mar, Valparaíso, Chile",-32.9682058,-71.5453303,1,ROOFTOP,2020,1256023,2020/01/06 00:00:00+00,COLISION POR ALCANCE,COLISION,URBANA,IMPRUDENCIA DEL CONDUCTOR,CONDUCCION NO ATENTO CONDICIONES TRANSITO MOMENTO,0,0,0,0,18:20:00
-71.5991952,-33.0532682,1057,5,REGION VALPARAISO,5101,VALPARAISO,WASHINGTON, ,434,"George Washington 434, Valparaíso, Chile",-33.0532682,-71.5991952,1,ROOFTOP,2020,1256017,2020/01/12 00:00:00+00,COLISION LATERAL,COLISION,URBANA,VELOCIDAD IMPRUDENTE,VELOCIDAD NO RAZONABLE NI PRUDENTE,0,0,0,1,14:30:00
-71.5001586,-32.9967134,1058,5,REGION VALPARAISO,5109,VIÑA DEL MAR,LAS MARAVILLAS,ESTERO MAITENLAHUE,0,"Estero Maitenlahue 942, Viña del Mar, Valparaíso, Chile",-32.9967134,-71.5001586,1,ROOFTOP,2020,1256041,2020/01/07 00:00:00+00,COLISION LATERAL,COLISION,URBANA,IMPRUDENCIA DEL CONDUCTOR,CONDUCCION CAMBIAR SORPRESIVAMENTE PISTA CIRCULACION,0,0,0,1,08:15:00
-71.4989747,-33.0054331,1059,5,REGION VALPARAISO,5109,VIÑA DEL MAR,LOS ALELIES, ,85,"Los Alelies 85, Viña del Mar, Valparaíso, Chile",-33.0054331,-71.4989747,1,RANGE_INTERPOLATED,2020,1256046,2020/01/09 00:00:00+00,COLISION,COLISION,URBANA,IMPRUDENCIA DEL CONDUCTOR,CONDUCCION NO ATENTO CONDICIONES TRANSITO MOMENTO,0,0,0,2,13:00:00
-71.5061589,-32.9902404,1060,5,REGION VALPARAISO,5109,VIÑA DEL MAR,BARCAZA MOREL,MALFATI,0,"Barcaza Morel & Malfatti, Viña del Mar, Valparaíso, Chile",-32.9902404,-71.5061589,1,GEOMETRIC_CENTER,2020,1256058,2020/01/09 00:00:00+00,COLISION,COLISION,URBANA,IMPRUDENCIA DEL CONDUCTOR,ADELANTAMIENTO SIN EL ESPACIO O TIEMPO SUFICIENTE,0,0,0,0,13:45:00
-71.5936852,-33.0362505,1061,5,REGION VALPARAISO,5101,VALPARAISO,PLACERES, ,520,"Los Placeres 520, Valparaíso, Chile",-33.0362505,-71.5936852,1,ROOFTOP,2020,1256075,2020/01/13 00:00:00+00,COLISION FRONTAL,COLISION,URBANA,IMPRUDENCIA DEL CONDUCTOR,ADELANTAMIENTO SOBREPASANDO LINEA CONTINUA,0,0,0,0,04:40:00
-71.383286,-33.0384835,1062,5,REGION VALPARAISO,5804,VILLA ALEMANA,MADRID, ,1451,"Madrid 1451, Villa Alemana, Valparaíso, Chile",-33.0384835,-71.383286,1,ROOFTOP,2020,1256390,2020/01/13 00:00:00+00,CHOQUE FRONTAL,CHOQUE,URBANA,ALCOHOL EN CONDUCTOR,CONDUCCION BAJO LA INFLUENCIA DEL ALCOHOL,2,0,0,0,03:45:00
-71.57082,-33.0419927,1063,5,REGION VALPARAISO,5109,VIÑA DEL MAR,PASAJE UNO, ,35,"Pje Uno 35, Viña del Mar, Valparaíso, Chile",-33.0419927,-71.57082,1,ROOFTOP,2020,1256391,2020/01/05 00:00:00+00,ATROPELLO,ATROPELLO,URBANA,IMPRUDENCIA DEL CONDUCTOR,CONDUCIR VEHICULO EN RETROCESO,0,0,0,1,18:10:00
-70.7246659,-32.7514701,1064,5,REGION VALPARAISO,5701,SAN FELIPE,MERCED,COMBATE LAS COIMAS,0,"Combate de Las Coimas & Merced, San Felipe, Valparaíso, Chile",-32.7514701,-70.7246659,1,GEOMETRIC_CENTER,2020,1256249,2020/01/09 00:00:00+00,CHOQUE POSTERIOR,CHOQUE,URBANA,IMPRUDENCIA DEL CONDUCTOR,CONDUCIR VEHICULO EN RETROCESO,0,0,0,0,21:30:00
-70.7094213,-32.7498335,1065,5,REGION VALPARAISO,5701,SAN FELIPE,MIRAFLORES, ,2085,"Av. Miraflores 2085, San Felipe, Valparaíso, Chile",-32.7498335,-70.7094213,1,ROOFTOP,2020,1256280,2020/01/09 00:00:00+00,ATROPELLO,ATROPELLO,URBANA,IMPRUDENCIA DEL CONDUCTOR,CONDUCCION NO ATENTO CONDICIONES TRANSITO MOMENTO,0,0,1,0,18:40:00
-70.8367473,-32.7712136,1066,5,REGION VALPARAISO,5704,PANQUEHUE,TOCORNAL, ,0,"Panquehue, Valparaíso, Chile",-32.7712136,-70.8367473,1,APPROXIMATE,2020,1256309,2020/01/10 00:00:00+00,CHOQUE POSTERIOR,CHOQUE,RURAL,IMPRUDENCIA DEL CONDUCTOR,CONDUCCION SIN MANTENER DISTANCIA RAZONABLE NI PRUDENTE,0,0,0,3,20:10:00
-71.530752,-33.0312748,1067,5,REGION VALPARAISO,5109,VIÑA DEL MAR,LUSITANIA,PLAZA MIRAFLORES,0,"Plaza Miraflores & Lusitania, Viña del Mar, Valparaíso, Chile",-33.0312748,-71.530752,1,GEOMETRIC_CENTER,2020,1256337,2020/01/10 00:00:00+00,COLISION,COLISION,URBANA,IMPRUDENCIA DEL CONDUCTOR,CONDUCCION NO ATENTO CONDICIONES TRANSITO MOMENTO,0,0,0,0,17:05:00
-71.5542788,-33.0261358,1068,5,REGION VALPARAISO,5109,VIÑA DEL MAR,ALVAREZ,QUINTA,0,"Quinta & Álvarez, Viña del Mar, Valparaíso, Chile",-33.0261358,-71.5542788,1,GEOMETRIC_CENTER,2020,1256342,2020/01/01 00:00:00+00,COLISION,COLISION,URBANA,IMPRUDENCIA DEL CONDUCTOR,NO RESPETAR DERECHO PREFERENTE DE PASO A VEHICULO,0,0,0,1,18:50:00
-71.522522,-33.0379509,1069,5,REGION VALPARAISO,5109,VIÑA DEL MAR,TRONCAL SUR,LIMACHE,0,"Uno Norte - Troncal Sur, Viña del Mar, Valparaíso, Chile",-33.0379509,-71.522522,1,GEOMETRIC_CENTER,2020,1256344,2020/01/01 00:00:00+00,VOLCADURA,VOLCADURA,URBANA,IMPRUDENCIA DEL CONDUCTOR,CONDUCCION NO ATENTO CONDICIONES TRANSITO MOMENTO,0,0,0,1,14:25:00
-71.4973537,-33.033887,1070,5,REGION VALPARAISO,5109,VIÑA DEL MAR,ANTUCO,TAMARUGAL,0,"Antuco & Tamarugal, Viña del Mar, Valparaíso, Chile",-33.033887,-71.4973537,1,GEOMETRIC_CENTER,2020,1256348,2020/01/03 00:00:00+00,CHOQUE FRONTAL,CHOQUE,URBANA,IMPRUDENCIA DEL CONDUCTOR,CONDUCCION NO ATENTO CONDICIONES TRANSITO MOMENTO,0,0,0,0,14:55:00