X,Y,FID,COD_REG,REGION,CUT,COMUNA,CALLE_UNO,CALLE_DOS,NUMERO,DIR_GEOCOD,LAT,LNG,VAL_COM,TIPO,Año,Idaccident,Fecha,Tipo_Accid,Tipo__CONA,Zona,Causa__CON,Causa,Fallecidos,Graves,Menos_Grav,Leves,Hora
-71.5011723,-33.0373925,1071,5,REGION VALPARAISO,5109,VIÑA DEL MAR,CAMINO TRONCAL,CAMINO INTERNACIONAL,0,"Acceso A Camino Internacional & Acceso A Camino Troncal, Viña del Mar, Valparaíso, Chile",-33.0373925,-71.5011723,1,GEOMETRIC_CENTER,2020,1256349,2020/01/03 00:00:00+00,COLISION,COLISION,URBANA,IMPRUDENCIA DEL CONDUCTOR,CONDUCCION NO ATENTO CONDICIONES TRANSITO MOMENTO,0,0,0,0,17:30:00
-71.5007626,-33.0110218,1072,5,REGION VALPARAISO,5109,VIÑA DEL MAR,LAS MARGARITAS, ,6,"Las Margaritas 6, Viña del Mar, Valparaíso, Chile",-33.0110218,-71.5007626,1,RANGE_INTERPOLATED,2020,1256351,2020/01/04 00:00:00+00,CHOQUE FRENTE/LADO,CHOQUE,URBANA,IMPRUDENCIA DEL CONDUCTOR,CONDUCCION NO ATENTO CONDICIONES TRANSITO MOMENTO,0,0,0,0,11:30:00
-71.51346,-33.0015359,1073,5,REGION VALPARAISO,5109,VIÑA DEL MAR,EDUARDO YAÑEZ,CAUPOLICAN,0,"Eduardo Yañez & Caupolicán, Viña del Mar, Valparaíso, Chile",-33.0015359,-71.51346,1,GEOMETRIC_CENTER,2020,1256352,2020/01/05 00:00:00+00,COLISION,COLISION,URBANA,IMPRUDENCIA DEL CONDUCTOR,CONDUCCION CAMBIAR SORPRESIVAMENTE PISTA CIRCULACION,0,0,0,0,13:00:00
-71.5442351,-32.9710965,1074,5,REGION VALPARAISO,5109,VIÑA DEL MAR,CENTRAL,LAS GAVIOTAS,0,"Las Gaviotas & Central, Viña del Mar, Valparaíso, Chile",-32.9710965,-71.5442351,1,GEOMETRIC_CENTER,2020,1256419,2020/01/12 00:00:00+00,COLISION,COLISION,URBANA,IMPRUDENCIA DEL CONDUCTOR,CONDUCCION NO ATENTO CONDICIONES TRANSITO MOMENTO,0,0,0,0,16:10:00
-70.6005407,-32.8312284,1075,5,REGION VALPARAISO,5301,LOS ANDES,MANUEL RODRIGUEZ,YERBAS BUENAS,0,"Manuel Rodríguez & Yerbas Buenas, Los Andes, Valparaíso, Chile",-32.8312284,-70.6005407,1,GEOMETRIC_CENTER,2020,1256460,2020/01/11 00:00:00+00,COLISION POR ALCANCE,COLISION,URBANA,DESOBEDIENCIA A SEÑALIZACION,SEÑALIZACION DESOBEDECER SEÑAL PARE,0,0,0,1,15:30:00
-71.2433406,-32.889161,1076,5,REGION VALPARAISO,5501,QUILLOTA,ARAUCO,CONDELL,0,"Calle Condell & Arauco, Quillota, Valparaíso, Chile",-32.889161,-71.2433406,1,GEOMETRIC_CENTER,2020,1256591,2020/01/14 00:00:00+00,COLISION,COLISION,URBANA,DESOBEDIENCIA A SEÑALIZACION,SEÑALIZACION DESOBEDECER LUZ ROJA DE SEMAFORO,0,0,0,0,16:40:00
-70.7208115,-32.75,1077,5,REGION VALPARAISO,5701,SAN FELIPE,REAL, ,301,"San Felipe, Valparaíso, Chile",-32.75,-70.7208115,1,APPROXIMATE,2020,1256594,2020/01/10 00:00:00+00,CHOQUE FRONTAL,CHOQUE,RURAL,PERDIDA CONTROL VEHICULO,PERDIDA CONTROL VEHICULO,0,0,0,1,03:30:00
-71.1906147,-32.7896422,1078,5,REGION VALPARAISO,5502,CALERA,IRIARTE,ALDUNATE,0,"Iriarte & Aldunate, La Calera, Calera, Valparaíso, Chile",-32.7896422,-71.1906147,1,GEOMETRIC_CENTER,2020,1256611,2020/01/14 00:00:00+00,COLISION LATERAL,COLISION,URBANA,IMPRUDENCIA DEL CONDUCTOR,ADELANTAMIENTO SIN EL ESPACIO O TIEMPO SUFICIENTE,0,0,0,0,12:50:00
-70.6036552,-32.8437514,1079,5,REGION VALPARAISO,5301,LOS ANDES,SANTA TERESA,ARTURO PRAT,0,"Los Andes, Valparaíso, Los Andes, Valparaíso, Chile",-32.8437514,-70.6036552,1,GEOMETRIC_CENTER,2020,1256627,2020/01/12 00:00:00+00,COLISION LATERAL,COLISION,URBANA,ALCOHOL EN CONDUCTOR,CONDUCCION BAJO LA INFLUENCIA DEL ALCOHOL,0,0,0,0,22:55:00
-71.418951,-33.0475762,1080,5,REGION VALPARAISO,5801,QUILPUE,CENTENARIO,BADEN POWELL,0,"Centenario - Baden Powell, Quilpué, Valparaíso, Chile",-33.0475762,-71.418951,1,GEOMETRIC_CENTER,2020,1256773,2020/01/09 00:00:00+00,COLISION,COLISION,URBANA,DESOBEDIENCIA A SEÑALIZACION,SEÑALIZACION DESOBEDECER LUZ ROJA DE SEMAFORO,0,0,0,1,21:00:00
-70.7229463,-32.7465866,1081,5,REGION VALPARAISO,5701,SAN FELIPE,COMBATE LAS COIMAS,CHACABUCO,0,"Combate de Las Coimas & Chacabuco, San Felipe, Valparaíso, Chile",-32.7465866,-70.7229463,1,GEOMETRIC_CENTER,2020,1256808,2020/01/12 00:00:00+00,CHOQUE POSTERIOR,CHOQUE,URBANA,IMPRUDENCIA DEL CONDUCTOR,CONDUCCION SIN MANTENER DISTANCIA RAZONABLE NI PRUDENTE,0,0,0,0,00:10:00
-71.2442366,-32.8830686,1082,5,REGION VALPARAISO,5501,QUILLOTA,SANTA OLIVIA, ,1,"Calle Blanco 40, Quillota, Valparaíso, Chile",-32.8830686,-71.2442366,1,ROOFTOP,2020,1256816,2020/01/15 00:00:00+00,ATROPELLO,ATROPELLO,URBANA,IMPRUDENCIA DEL PEATON,IMPRUDENCIA DEL PEATON,0,1,0,0,23:30:00
-71.267733,-33.0001426,1083,5,REGION VALPARAISO,5802,LIMACHE,PALMIRA ROMANO SUR, ,196,"Palmira Romano Sur 196, Limache, Valparaíso, Chile",-33.0001426,-71.267733,1,ROOFTOP,2020,1256855,2020/01/14 00:00:00+00,COLISION,COLISION,URBANA,IMPRUDENCIA DEL CONDUCTOR,CONDUCCION NO ATENTO CONDICIONES TRANSITO MOMENTO,0,0,0,0,18:30:00
-71.4425332,-33.0473122,1084,5,REGION VALPARAISO,5801,QUILPUE,PORTALES, ,761,"Diego Portales 761, Quilpué, Valparaíso, Chile",-33.0473122,-71.4425332,1,RANGE_INTERPOLATED,2020,1256875,2020/01/10 00:00:00+00,CAIDA,CAIDA,URBANA,IMPRUDENCIA DEL CONDUCTOR,CONDUCCION NO ATENTO CONDICIONES TRANSITO MOMENTO,0,0,0,1,08:30:00
-71.4330446,-33.0505503,1085,5,REGION VALPARAISO,5801,QUILPUE,SAN MARTIN,COVADONGA,0,"Covadonga & San Martín, Quilpué, Valparaíso, Chile",-33.0505503,-71.4330446,1,GEOMETRIC_CENTER,2020,1256880,2020/01/10 00:00:00+00,COLISION,COLISION,URBANA,DESOBEDIENCIA A SEÑALIZACION,SEÑALIZACION DESOBEDECER LUZ ROJA DE SEMAFORO,0,1,1,0,07:30:00
-71.4273068,-33.0422132,1086,5,REGION VALPARAISO,5801,QUILPUE,FREIRE,LO GAMBOA,0,"Lo Gamboa & Freire, Quilpué, Valparaíso, Chile",-33.0422132,-71.4273068,1,GEOMETRIC_CENTER,2020,1256898,2020/01/11 00:00:00+00,COLISION,COLISION,URBANA,IMPRUDENCIA DEL CONDUCTOR,CONDUCCION CAMBIAR SORPRESIVAMENTE PISTA CIRCULACION,0,0,0,0,12:39:00
-71.4389113,-33.0480798,1087,5,REGION VALPARAISO,5801,QUILPUE,LOS CARRERA, ,1042,"Av. Los Carrera 1042, Quilpué, Valparaíso, Chile",-33.0480798,-71.4389113,1,ROOFTOP,2020,1256907,2020/01/12 00:00:00+00,CHOQUE LADO/LADO,CHOQUE,URBANA,IMPRUDENCIA DEL CONDUCTOR,CONDUCCION SIN MANTENER DISTANCIA RAZONABLE NI PRUDENTE,0,0,0,0,21:50:00
-71.5961747,-33.0353208,1088,5,REGION VALPARAISO,5101,VALPARAISO,ESPAÑA, ,1680,"Av. España 1680, Viña del Mar, Valparaíso, Chile",-33.0353208,-71.5961747,1,ROOFTOP,2020,1257137,2020/01/14 00:00:00+00,COLISION LATERAL,COLISION,URBANA,IMPRUDENCIA DEL CONDUCTOR,CONDUCCION NO ATENTO CONDICIONES TRANSITO MOMENTO,0,0,0,0,09:15:00
-71.6617787,-33.1018596,1089,5,REGION VALPARAISO,5101,VALPARAISO,CAMINO AL FARO,LOS CASTAÑOS,0,"Camino Al Faro - Cinco Sur Km 7, Laguna Verde, Valparaíso, Chile",-33.1018596,-71.6617787,1,ROOFTOP,2020,1256999,2020/01/08 00:00:00+00,COLISION LATERAL,COLISION,RURAL,VELOCIDAD IMPRUDENTE,VELOCIDAD EXCESO EN ZONA RESTRINGIDA,0,0,0,0,13:00:00
-71.6016569,-33.0528608,1090,5,REGION VALPARAISO,5101,VALPARAISO,ARGENTINA,SANTA ELENA,0,"Av. Argentina & Sta. Elena, Valparaíso, Chile",-33.0528608,-71.6016569,1,GEOMETRIC_CENTER,2020,1257012,2020/01/13 00:00:00+00,COLISION POR ALCANCE,COLISION,URBANA,IMPRUDENCIA DEL CONDUCTOR,ADELANTAMIENTO SIN EFECTUAR LA SEÑAL RESPECTIVA,0,0,0,0,10:00:00
-70.5952095,-32.8281453,1091,5,REGION VALPARAISO,5301,LOS ANDES,HERMANOS CLARK,ARGENTINA,0,"Hnos Clark 20, Los Andes, Valparaíso, Chile",-32.8281453,-70.5952095,1,ROOFTOP,2020,1257096,2020/01/15 00:00:00+00,COLISION LATERAL,COLISION,URBANA,IMPRUDENCIA DEL CONDUCTOR,CONDUCCION SIN MANTENER DISTANCIA RAZONABLE NI PRUDENTE,0,1,0,0,12:30:00
-71.6042883,-33.0462634,1092,5,REGION VALPARAISO,5101,VALPARAISO,ARGENTINA,QUITO,0,"Avenida Argentina & Quito, Valparaíso, Chile",-33.0462634,-71.6042883,1,GEOMETRIC_CENTER,2020,1257107,2020/01/14 00:00:00+00,COLISION LATERAL,COLISION,URBANA,IMPRUDENCIA DEL CONDUCTOR,CONDUCCION NO ATENTO CONDICIONES TRANSITO MOMENTO,0,0,0,0,09:30:00
-71.5934762,-33.0584,1093,5,REGION VALPARAISO,5101,VALPARAISO,JULIO ZEGERS, ,615,"Zegers 615, Valparaíso, Chile",-33.0584,-71.5934762,1,RANGE_INTERPOLATED,2020,1257120,2020/01/14 00:00:00+00,CHOQUE FRONTAL,CHOQUE,URBANA,ALCOHOL EN CONDUCTOR,CONDUCCION EN ESTADO DE EBRIEDAD,0,0,0,0,20:25:00
-71.5855382,-33.0422557,1094,5,REGION VALPARAISO,5101,VALPARAISO,CAÑETE, ,12,"Cañete 12, Valparaíso, Chile",-33.0422557,-71.5855382,1,RANGE_INTERPOLATED,2020,1257124,2020/01/14 00:00:00+00,VOLCADURA,VOLCADURA,URBANA,FALLAS MECANICAS,FALLAS MECANICAS FRENOS,0,0,0,0,11:55:00
-71.387869,-33.0638631,1095,5,REGION VALPARAISO,5804,VILLA ALEMANA,HUANHUALI,CARLOS SAAVEDRA,0,"Huanhuali & Carlos Saavedra, Villa Alemana, Valparaíso, Chile",-33.0638631,-71.387869,1,GEOMETRIC_CENTER,2020,1257138,2020/01/14 00:00:00+00,COLISION,COLISION,URBANA,IMPRUDENCIA DEL CONDUCTOR,CONDUCCION NO ATENTO CONDICIONES TRANSITO MOMENTO,0,0,0,0,22:50:00
-71.0796269,-33.0265831,1096,5,REGION VALPARAISO,5803,OLMUE,TEBAL,LAS PALMAS,0,"Quebrada Alvarado, Las Palmas, Olmué, Valparaíso, Chile",-33.0265831,-71.0796269,1,GEOMETRIC_CENTER,2020,1257155,2020/01/16 00:00:00+00,CHOQUE FRENTE/LADO,CHOQUE,RURAL,IMPRUDENCIA DEL CONDUCTOR,CONDUCCION NO ATENTO CONDICIONES TRANSITO MOMENTO,0,0,0,0,17:50:00
-70.6038934,-32.8403538,1097,5,REGION VALPARAISO,5301,LOS ANDES,LICANRAY,OROMPELLO,0,"Orompello & Licanray, Los Andes, Valparaíso, Chile",-32.8403538,-70.6038934,1,GEOMETRIC_CENTER,2020,1257170,2020/01/16 00:00:00+00,COLISION LATERAL,COLISION,URBANA,IMPRUDENCIA DEL CONDUCTOR,CONDUCIR VEHICULO EN RETROCESO,0,0,0,0,13:00:00
-70.5798032,-32.8004995,1098,5,REGION VALPARAISO,5304,SAN ESTEBAN,LAS BELLOTAS, ,156,"San Esteban, Valparaíso, Chile",-32.8004995,-70.5798032,1,APPROXIMATE,2020,1257178,2020/01/16 00:00:00+00,CHOQUE,CHOQUE,URBANA,IMPRUDENCIA DEL CONDUCTOR,VIRAJES INDEBIDOS,0,0,0,0,08:00:00
-71.2762653,-32.9847073,1099,5,REGION VALPARAISO,5802,LIMACHE,JOSE TOMAS URMENETA, ,53,"Urmeneta 53, Limache, Valparaíso, Chile",-32.9847073,-71.2762653,1,RANGE_INTERPOLATED,2020,1319876,2020/12/17 00:00:00+00,COLISION LATERAL,COLISION,URBANA,IMPRUDENCIA DEL CONDUCTOR,NO RESPETAR DERECHO PREFERENTE DE PASO A PEATON,0,0,0,0,12:30:00
-71.4396175,-33.0482848,1100,5,REGION VALPARAISO,5801,QUILPUE,LOS CARRERA,THOMPSON,0,"Thompson & Avenida Los Carrera, Quilpué, Valparaíso, Chile",-33.0482848,-71.4396175,1,GEOMETRIC_CENTER,2020,1257375,2020/01/17 00:00:00+00,COLISION,COLISION,URBANA,IMPRUDENCIA DEL CONDUCTOR,CONDUCCION SIN MANTENER DISTANCIA RAZONABLE NI PRUDENTE,0,0,0,0,10:20:00
-71.2662435,-32.8842329,1101,5,REGION VALPARAISO,5501,QUILLOTA,AGUSTIN AVEZON,SECTOR C,0,"Agustín Avezon & Sector C, Quillota, Valparaíso, Chile",-32.8842329,-71.2662435,1,GEOMETRIC_CENTER,2020,1257387,2020/01/17 00:00:00+00,COLISION,COLISION,URBANA,IMPRUDENCIA DEL CONDUCTOR,CONDUCCION NO ATENTO CONDICIONES TRANSITO MOMENTO,0,0,0,1,14:00:00
-71.2470795,-32.8851221,1102,5,REGION VALPARAISO,5501,QUILLOTA,YUNGAY,OHIGGINS,0,"Yungay & OHiggins, Quillota, Valparaíso, Chile",-32.8851221,-71.2470795,1,GEOMETRIC_CENTER,2020,1257388,2020/01/18 00:00:00+00,COLISION,COLISION,URBANA,IMPRUDENCIA DEL CONDUCTOR,CONDUCCION NO ATENTO CONDICIONES TRANSITO MOMENTO,0,0,0,0,08:00:00
-71.4468594,-33.0460221,1103,5,REGION VALPARAISO,5801,QUILPUE,CAMILO HENRIQUEZ,MANUEL RODRIGUEZ,0,"Camilo Henríquez & Manuel Rodríguez, Quilpué, Valparaíso, Chile",-33.0460221,-71.4468594,1,GEOMETRIC_CENTER,2020,1257420,2020/01/18 00:00:00+00,COLISION,COLISION,URBANA,IMPRUDENCIA DEL CONDUCTOR,CONDUCCION CONTRA SENTIDO DEL TRANSITO,0,0,0,0,00:15:00
-71.3915026,-33.0460003,1104,5,REGION VALPARAISO,5804,VILLA ALEMANA,VALPARAISO,QUITO,0,"Avenida Valparaíso & Quito, Villa Alemana, Valparaíso, Chile",-33.0460003,-71.3915026,1,GEOMETRIC_CENTER,2020,1257546,2020/01/17 00:00:00+00,COLISION,COLISION,URBANA,IMPRUDENCIA DEL CONDUCTOR,CONDUCCION NO ATENTO CONDICIONES TRANSITO MOMENTO,0,0,0,1,22:10:00
-70.5936211,-32.8344776,1105,5,REGION VALPARAISO,5301,LOS ANDES,INDEPENDENCIA,ESMERALDA,0,"Independencia & Esmeralda, Los Andes, Valparaíso, Chile",-32.8344776,-70.5936211,1,GEOMETRIC_CENTER,2020,1257553,2020/01/17 00:00:00+00,COLISION LATERAL,COLISION,URBANA,IMPRUDENCIA DEL CONDUCTOR,CONDUCCION NO ATENTO CONDICIONES TRANSITO MOMENTO,0,0,0,0,20:45:00
-70.6512902,-32.8714647,1106,5,REGION VALPARAISO,5302,CALLE LARGA,CALLE LARGA,CASTRO,0,"Castro, Catemu, Calle Larga, Valparaíso, Chile",-32.8714647,-70.6512902,1,GEOMETRIC_CENTER,2020,1257593,2020/01/18 00:00:00+00,CHOQUE FRENTE/POSTERIOR,CHOQUE,URBANA,ALCOHOL EN CONDUCTOR,CONDUCCION BAJO LA INFLUENCIA DEL ALCOHOL,0,0,0,1,09:20:00
-71.6350899,-33.0661713,1107,5,REGION VALPARAISO,5101,VALPARAISO,CAMINO LA POLVORA,LA PALMA,0,"Sendero Valparaíso - Cam. La Pólvora 301, Valparaíso, Chile",-33.0661713,-71.6350899,1,ROOFTOP,2020,1257621,2020/01/01 00:00:00+00,COLISION POR ALCANCE,COLISION,URBANA,ALCOHOL EN CONDUCTOR,CONDUCCION BAJO LA INFLUENCIA DEL ALCOHOL,0,0,0,0,02:17:00
-70.7043798,-32.7510439,1108,5,REGION VALPARAISO,5701,SAN FELIPE,MIRAFLORES,ESCUELA AGRICOLA,0,"Av. Escuela Agrícola & Av. Miraflores, San Felipe, Valparaíso, Chile",-32.7510439,-70.7043798,1,GEOMETRIC_CENTER,2020,1257626,2020/01/16 00:00:00+00,COLISION,COLISION,URBANA,IMPRUDENCIA DEL CONDUCTOR,CONDUCCION SIN MANTENER DISTANCIA RAZONABLE NI PRUDENTE,0,0,0,0,19:50:00
-71.6188006,-33.0515192,1109,5,REGION VALPARAISO,5101,VALPARAISO,BAQUEDANO, ,784,"Baquedano 784, Valparaíso, Chile",-33.0515192,-71.6188006,1,ROOFTOP,2020,1257643,2020/01/18 00:00:00+00,CHOQUE FRONTAL,CHOQUE,URBANA,DROGAS Y/O FATIGA EN CONDUCTOR,"CONDICIONES FISICAS DEFICIENTES (CANSANCIO, SUEÑO)",0,0,0,0,11:00:00
-70.7202994,-32.7513725,1110,5,REGION VALPARAISO,5701,SAN FELIPE,YUNGAY,TOCORNAL,0,"Yungay & Tocornal, San Felipe, Valparaíso, Chile",-32.7513725,-70.7202994,1,GEOMETRIC_CENTER,2020,1257675,2020/01/18 00:00:00+00,CHOQUE POSTERIOR,CHOQUE,URBANA,IMPRUDENCIA DEL CONDUCTOR,CONDUCCION SIN MANTENER DISTANCIA RAZONABLE NI PRUDENTE,0,0,0,1,01:10:00
-71.2691591,-32.9850216,1111,5,REGION VALPARAISO,5802,LIMACHE,PALMIRA ROMANO NORTE, ,511,"Palmira Romano Nte. 511, Valparaíso, Limache, Valparaíso, Chile",-32.9850216,-71.2691591,1,ROOFTOP,2020,1257720,2020/01/17 00:00:00+00,COLISION POR ALCANCE,COLISION,URBANA,IMPRUDENCIA DEL CONDUCTOR,CONDUCCION NO ATENTO CONDICIONES TRANSITO MOMENTO,0,0,0,0,12:10:00
-71.267149,-32.9986831,1112,5,REGION VALPARAISO,5802,LIMACHE,PALMIRA ROMANO SUR,CARELMAPU,0,"Carelmapu & Palmira Romano Sur, Limache, Valparaíso, Chile",-32.9986831,-71.267149,1,GEOMETRIC_CENTER,2020,1257732,2020/01/19 00:00:00+00,CHOQUE POSTERIOR/POSTERIOR,CHOQUE,URBANA,DROGAS Y/O FATIGA EN CONDUCTOR,"CONDICIONES FISICAS DEFICIENTES (CANSANCIO, SUEÑO)",0,0,0,0,06:45:00
-70.6582271,-32.7490875,1113,5,REGION VALPARAISO,5706,SANTA MARIA,IRARRAZAVAL, ,182,"Av. Irarrazabal 182, Santa Maria, Valparaíso, Chile",-32.7490875,-70.6582271,1,RANGE_INTERPOLATED,2020,1257755,2020/01/19 00:00:00+00,COLISION,COLISION,URBANA,IMPRUDENCIA DEL CONDUCTOR,CONDUCCION CAMBIAR SORPRESIVAMENTE PISTA CIRCULACION,0,0,0,0,03:30:00
-70.5990827,-32.8375727,1114,5,REGION VALPARAISO,5301,LOS ANDES,CHACABUCO,CHILE,0,"Avenida Chacabuco & Chile, Los Andes, Valparaíso, Chile",-32.8375727,-70.5990827,1,GEOMETRIC_CENTER,2020,1257835,2020/01/19 00:00:00+00,COLISION LATERAL,COLISION,URBANA,IMPRUDENCIA DEL CONDUCTOR,CONDUCCION NO ATENTO CONDICIONES TRANSITO MOMENTO,0,0,0,0,16:30:00
-71.2591218,-32.4973948,1115,5,REGION VALPARAISO,5401,LA LIGUA,QUEBRADILLA, ,22,"Puente Quebradilla, Casas de la Quebradilla, La Ligua, Valparaíso, Chile",-32.4973948,-71.2591218,1,GEOMETRIC_CENTER,2020,1257859,2020/01/20 00:00:00+00,COLISION,COLISION,URBANA,IMPRUDENCIA DEL CONDUCTOR,CONDUCCION SIN MANTENER DISTANCIA RAZONABLE NI PRUDENTE,0,0,0,0,12:00:00
-71.337394,-33.0528135,1116,5,REGION VALPARAISO,5804,VILLA ALEMANA,BLANCO,LA PAZ,0,"Los Capuchinos 1234, Villa Alemana, Valparaíso, Chile",-33.0528135,-71.337394,1,ROOFTOP,2020,1257866,2020/01/19 00:00:00+00,COLISION,COLISION,URBANA,DESOBEDIENCIA A SEÑALIZACION,SEÑALIZACION DESOBEDECER SEÑAL PARE,0,0,0,0,16:50:00
-70.7238423,-32.7492067,1117,5,REGION VALPARAISO,5701,SAN FELIPE,SANTO DOMINGO,COMBATE LAS COIMAS,0,"Sto Domingo 126, San Felipe, Valparaíso, Chile",-32.7492067,-70.7238423,1,ROOFTOP,2020,1258266,2020/01/20 00:00:00+00,COLISION,COLISION,URBANA,IMPRUDENCIA DEL CONDUCTOR,CONDUCCION NO ATENTO CONDICIONES TRANSITO MOMENTO,0,0,0,1,17:15:00
-71.376749,-33.0514777,1118,5,REGION VALPARAISO,5804,VILLA ALEMANA,SOTOMAYOR,ARRIETA,0,"Arrieta & Sotomayor, Villa Alemana, Valparaíso, Chile",-33.0514777,-71.376749,1,GEOMETRIC_CENTER,2020,1258409,2020/01/22 00:00:00+00,COLISION LATERAL,COLISION,URBANA,IMPRUDENCIA DEL CONDUCTOR,CONDUCCION NO ATENTO CONDICIONES TRANSITO MOMENTO,0,0,0,1,18:00:00
-71.5485508,-33.0080749,1119,5,REGION VALPARAISO,5109,VIÑA DEL MAR,BENIDORM,LIBERTAD,0,"Av. Libertad & Av. Benidorm, Viña del Mar, Valparaíso, Chile",-33.0080749,-71.5485508,1,GEOMETRIC_CENTER,2020,1258466,2020/01/04 00:00:00+00,CHOQUE FRENTE/POSTERIOR,CHOQUE,URBANA,IMPRUDENCIA DEL CONDUCTOR,CONDUCCION NO ATENTO CONDICIONES TRANSITO MOMENTO,0,0,0,0,15:30:00
-71.628204,-33.0385931,1120,5,REGION VALPARAISO,5101,VALPARAISO,ARGENTINA,ERRAZURIZ,0,"Blanco 625, Valparaíso, Chile",-33.0385931,-71.628204,1,ROOFTOP,2020,1258499,2020/01/17 00:00:00+00,COLISION LATERAL,COLISION,URBANA,IMPRUDENCIA DEL CONDUCTOR,CONDUCCION NO ATENTO CONDICIONES TRANSITO MOMENTO,0,0,0,1,08:40:00
-71.6723887,-33.4534952,1121,5,REGION VALPARAISO,5605,EL TABO,BAQUEDANO,ARELLANO,0,"Baquedano & Arellano, El Tabo, Valparaíso, Chile",-33.4534952,-71.6723887,1,GEOMETRIC_CENTER,2020,1258535,2020/01/01 00:00:00+00,COLISION,COLISION,URBANA,PERDIDA CONTROL VEHICULO,PERDIDA CONTROL VEHICULO,0,0,0,4,21:20:00
-71.5894632,-33.0400799,1122,5,REGION VALPARAISO,5101,VALPARAISO,JAVIERA CARRERA, ,702,"Javiera Carrera 702, Valparaíso, Chile",-33.0400799,-71.5894632,1,ROOFTOP,2020,1258565,2020/01/18 00:00:00+00,COLISION LATERAL,COLISION,URBANA,IMPRUDENCIA DEL CONDUCTOR,CONDUCCION NO ATENTO CONDICIONES TRANSITO MOMENTO,0,0,0,0,15:50:00
-71.6022556,-33.0511566,1123,5,REGION VALPARAISO,5101,VALPARAISO,SIMPSON,ARGENTINA,0,"Av. Argentina & Almte. Simpson, Valparaíso, Chile",-33.0511566,-71.6022556,1,GEOMETRIC_CENTER,2020,1258587,2020/01/21 00:00:00+00,CHOQUE POSTERIOR/FRENTE,CHOQUE,URBANA,IMPRUDENCIA DEL CONDUCTOR,CONDUCIR VEHICULO EN RETROCESO,0,0,0,0,13:50:00
-71.6187206,-33.0436161,1124,5,REGION VALPARAISO,5101,VALPARAISO,EDWARDS,ERRAZURIZ,0,"Errázuriz & Edwards, Valparaíso, Chile",-33.0436161,-71.6187206,1,GEOMETRIC_CENTER,2020,1258604,2020/01/06 00:00:00+00,COLISION,COLISION,URBANA,DESOBEDIENCIA A SEÑALIZACION,SEÑALIZACION DESOBEDECER LUZ INTERMITENTE SEMAFORO,0,0,0,0,09:50:00
-71.6121186,-33.0450282,1125,5,REGION VALPARAISO,5101,VALPARAISO,FRANCIA,BRASIL,0,"Avenida Francia & Brasil, Valparaíso, Chile",-33.0450282,-71.6121186,1,GEOMETRIC_CENTER,2020,1258606,2020/01/08 00:00:00+00,COLISION,COLISION,URBANA,DESOBEDIENCIA A SEÑALIZACION,SEÑALIZACION DESOBEDECER LUZ ROJA DE SEMAFORO,0,0,0,1,17:05:00
-71.6296156,-33.0360089,1126,5,REGION VALPARAISO,5101,VALPARAISO,SAN MARTIN,BLANCO,0,"Blanco & San Martín, Valparaíso, Chile",-33.0360089,-71.6296156,1,GEOMETRIC_CENTER,2020,1258617,2020/01/11 00:00:00+00,ATROPELLO,ATROPELLO,URBANA,IMPRUDENCIA DEL CONDUCTOR,NO RESPETAR DERECHO PREFERENTE DE PASO A PEATON,0,1,0,0,16:30:00
-71.6215,-33.0430034,1127,5,REGION VALPARAISO,5101,VALPARAISO,ERRAZURIZ,PUDETO,0,"Pudeto & Errázuriz, Valparaíso, Chile",-33.0430034,-71.6215,1,GEOMETRIC_CENTER,2020,1258619,2020/01/12 00:00:00+00,COLISION,COLISION,URBANA,DESOBEDIENCIA A SEÑALIZACION,SEÑALIZACION DESOBEDECER SEÑAL PARE,0,0,2,0,09:20:00
-71.5971311,-33.525585,1128,5,REGION VALPARAISO,5603,CARTAGENA,EL PERAL, ,169,"Av. El Peral 258, Cartagena, Valparaíso, Chile",-33.525585,-71.5971311,1,ROOFTOP,2020,1258646,2020/01/02 00:00:00+00,COLISION,COLISION,URBANA,IMPRUDENCIA DEL CONDUCTOR,VIRAJES INDEBIDOS,0,0,0,2,22:00:00
-71.5550759,-33.0256871,1129,5,REGION VALPARAISO,5109,VIÑA DEL MAR,VIANA, ,553,"Viana 553, Viña del Mar, Valparaíso, Chile",-33.0256871,-71.5550759,1,ROOFTOP,2020,1258682,2020/01/05 00:00:00+00,COLISION POR ALCANCE,COLISION,URBANA,IMPRUDENCIA DEL CONDUCTOR,CONDUCCION NO ATENTO CONDICIONES TRANSITO MOMENTO,0,0,0,1,14:00:00