X,Y,FID,COD_REG,REGION,CUT,COMUNA,CALLE_UNO,CALLE_DOS,NUMERO,DIR_GEOCOD,LAT,LNG,VAL_COM,TIPO,Año,Idaccident,Fecha,Tipo_Accid,Tipo__CONA,Zona,Causa__CON,Causa,Fallecidos,Graves,Menos_Grav,Leves,Hora
-71.4195525,-33.0664171,1247,5,REGION VALPARAISO,5801,QUILPUE,MARGA MARGA,PIEDRA LANCETA,0,"Marga Marga & Piedra lanceta, Quilpué, Valparaíso, Chile",-33.0664171,-71.4195525,1,GEOMETRIC_CENTER,2020,1302142,2020/09/23 00:00:00+00,CHOQUE FRENTE/POSTERIOR,CHOQUE,URBANA,IMPRUDENCIA DEL CONDUCTOR,CONDUCCION SIN MANTENER DISTANCIA RAZONABLE NI PRUDENTE,0,0,0,0,11:30:00
-71.6044167,-33.045906,1248,5,REGION VALPARAISO,5101,VALPARAISO,ARGENTINA,ELOY ALFARO,0,"Avenida Argentina & Eloy Alfaro, Valparaíso, Chile",-33.045906,-71.6044167,1,GEOMETRIC_CENTER,2020,1302184,2020/09/17 00:00:00+00,COLISION,COLISION,URBANA,DESOBEDIENCIA A SEÑALIZACION,SEÑALIZACION DESOBEDECER LUZ INTERMITENTE SEMAFORO,0,0,0,1,17:15:00
-71.6106925,-33.0472153,1249,5,REGION VALPARAISO,5101,VALPARAISO,PEDRO MONTT, ,2419,"Pedro Montt 2419, Valparaíso, Chile",-33.0472153,-71.6106925,1,ROOFTOP,2020,1302185,2020/09/22 00:00:00+00,COLISION,COLISION,URBANA,IMPRUDENCIA DEL CONDUCTOR,VIRAJES INDEBIDOS,0,0,0,1,18:20:00
-71.1929862,-32.794694,1250,5,REGION VALPARAISO,5502,CALERA,JUAN ANTONIO RIOS, ,1,"Juan Antonio Ríos, La Calera, Calera, Valparaíso, Chile",-32.794694,-71.1929862,1,GEOMETRIC_CENTER,2020,1303354,2020/10/05 00:00:00+00,ATROPELLO,ATROPELLO,URBANA,IMPRUDENCIA DEL CONDUCTOR,CONDUCIR VEHICULO EN RETROCESO,0,1,0,0,20:00:00
-71.6147591,-33.0471313,1251,5,REGION VALPARAISO,5101,VALPARAISO,PEDRO MONTT,FREIRE,0,"Freire & Pedro Montt, Valparaíso, Chile",-33.0471313,-71.6147591,1,GEOMETRIC_CENTER,2020,1302186,2020/09/22 00:00:00+00,VOLCADURA,VOLCADURA,URBANA,PERDIDA CONTROL VEHICULO,PERDIDA CONTROL VEHICULO,0,0,0,1,21:00:00
-71.6129531,-33.0497348,1252,5,REGION VALPARAISO,5101,VALPARAISO,COLON,FRANCIA,0,"Av. Francia & Av. Colón, Valparaíso, Chile",-33.0497348,-71.6129531,1,GEOMETRIC_CENTER,2020,1302193,2020/09/29 00:00:00+00,COLISION,COLISION,URBANA,IMPRUDENCIA DEL CONDUCTOR,CONDUCCION NO ATENTO CONDICIONES TRANSITO MOMENTO,0,0,0,1,14:45:00
-71.6160199,-33.046055,1253,5,REGION VALPARAISO,5101,VALPARAISO,CHACABUCO,RODRIGUEZ,0,"Rodríguez & Chacabuco, Valparaíso, Chile",-33.046055,-71.6160199,1,GEOMETRIC_CENTER,2020,1302194,2020/09/30 00:00:00+00,COLISION,COLISION,URBANA,DESOBEDIENCIA A SEÑALIZACION,SEÑALIZACION DESOBEDECER SEÑAL PARE,0,0,0,1,10:00:00
-70.9510578,-32.84203,1254,5,REGION VALPARAISO,5703,LLAY LLAY,PATRICIO LYNCH, ,42,"Patricio Lynch 42, Llay Llay, Llayllay, Valparaíso, Chile",-32.84203,-70.9510578,1,ROOFTOP,2020,1302198,2020/09/25 00:00:00+00,CHOQUE,CHOQUE,URBANA,IMPRUDENCIA DEL CONDUCTOR,CONDUCIR VEHICULO EN RETROCESO,0,0,0,0,07:00:00
-71.5965298,-33.5912037,1255,5,REGION VALPARAISO,5601,SAN ANTONIO,ISLA DE PASCUA,LANCHAS,0,"Isla de Pascua & Las Lanchas, San Antonio, Valparaíso, Chile",-33.5912037,-71.5965298,1,GEOMETRIC_CENTER,2020,1302277,2020/09/08 00:00:00+00,COLISION LATERAL,COLISION,URBANA,IMPRUDENCIA DEL CONDUCTOR,CONDUCCION NO ATENTO CONDICIONES TRANSITO MOMENTO,0,0,0,0,22:00:00
-71.6938262,-33.403224,1256,5,REGION VALPARAISO,5604,EL QUISCO,ISIDORO DUBOURNAIS,DEL ALBA,0,"Del Alba & Avenida Isidoro Dubournais, El Quisco, Valparaíso, Chile",-33.403224,-71.6938262,1,GEOMETRIC_CENTER,2020,1302281,2020/09/17 00:00:00+00,VOLCADURA,VOLCADURA,URBANA,ALCOHOL EN CONDUCTOR,CONDUCCION EN ESTADO DE EBRIEDAD,0,0,0,0,01:20:00
-71.611177,-33.6098963,1257,5,REGION VALPARAISO,5601,SAN ANTONIO,AROMOS,PROVIDENCIA,0,"Los Aromos Nº 346, San Antonio, Valparaíso, Chile",-33.6098963,-71.611177,1,ROOFTOP,2020,1302297,2020/09/08 00:00:00+00,CHOQUE FRENTE/POSTERIOR,CHOQUE,URBANA,IMPRUDENCIA DEL CONDUCTOR,CONDUCCION SIN MANTENER DISTANCIA RAZONABLE NI PRUDENTE,0,0,0,0,10:30:00
-71.6846968,-33.4374381,1258,5,REGION VALPARAISO,5604,EL QUISCO,ISIDORO DUBOURNAIS, ,3998,"Av. Isidoro Dubournais 3998, Isla Negra, El Quisco, Valparaíso, Chile",-33.4374381,-71.6846968,1,ROOFTOP,2020,1302303,2020/09/21 00:00:00+00,COLISION LATERAL,COLISION,URBANA,IMPRUDENCIA DEL CONDUCTOR,ADELANTAMIENTO SIN EL ESPACIO O TIEMPO SUFICIENTE,0,0,0,1,13:30:00
-71.603353,-33.5878564,1259,5,REGION VALPARAISO,5601,SAN ANTONIO,LUIS REUS,EL PEÑON,0,"El Peñón & Luis Reuss Bernat, San Antonio, Valparaíso, Chile",-33.5878564,-71.603353,1,GEOMETRIC_CENTER,2020,1302305,2020/09/07 00:00:00+00,CHOQUE FRENTE/POSTERIOR,CHOQUE,URBANA,IMPRUDENCIA DEL CONDUCTOR,CONDUCCION SIN MANTENER DISTANCIA RAZONABLE NI PRUDENTE,0,0,0,0,18:46:00
-71.6942413,-33.3937537,1260,5,REGION VALPARAISO,5604,EL QUISCO,ISIDORO DUBOURNAIS,PINOMAR,0,"Av. Pino Mar & Av. Isidoro Dubournais, El Quisco, Valparaíso, Chile",-33.3937537,-71.6942413,1,GEOMETRIC_CENTER,2020,1302308,2020/09/24 00:00:00+00,COLISION FRONTAL,COLISION,URBANA,IMPRUDENCIA DEL CONDUCTOR,CONDUCCION NO ATENTO CONDICIONES TRANSITO MOMENTO,0,0,0,0,21:20:00
-70.6032195,-32.8339514,1261,5,REGION VALPARAISO,5301,LOS ANDES,LAS HERAS,SANTA TERESA,0,"Las Heras & Santa Teresa, Los Andes, Valparaíso, Chile",-32.8339514,-70.6032195,1,GEOMETRIC_CENTER,2020,1302327,2020/09/25 00:00:00+00,COLISION LATERAL,COLISION,URBANA,IMPRUDENCIA DEL CONDUCTOR,CONDUCIR VEHICULO EN RETROCESO,0,0,0,0,13:00:00
-71.5585716,-33.0498409,1262,5,REGION VALPARAISO,5109,VIÑA DEL MAR,VARIANTE AGUA SANTA, ,7,"Agua Santa 7, Viña del Mar, Valparaíso, Chile",-33.0498409,-71.5585716,1,RANGE_INTERPOLATED,2020,1302336,2020/09/21 00:00:00+00,COLISION,COLISION,URBANA,IMPRUDENCIA DEL CONDUCTOR,NO RESPETAR DERECHO PREFERENTE DE PASO A VEHICULO,0,1,0,0,18:30:00
-71.5544076,-33.0178933,1263,5,REGION VALPARAISO,5109,VIÑA DEL MAR,CINCO NORTE,TRES PONIENTE,0,"5 Nte. & 3 Pte., Viña del Mar, Valparaíso, Chile",-33.0178933,-71.5544076,1,GEOMETRIC_CENTER,2020,1302381,2020/09/30 00:00:00+00,CHOQUE FRENTE/POSTERIOR,CHOQUE,URBANA,IMPRUDENCIA DEL CONDUCTOR,CONDUCCION NO ATENTO CONDICIONES TRANSITO MOMENTO,0,0,0,0,17:30:00
-71.374374,-33.044308,1264,5,REGION VALPARAISO,5804,VILLA ALEMANA,VALPARAISO,MATURANA,0,"Avenida Valparaíso & Maturana, Villa Alemana, Valparaíso, Chile",-33.044308,-71.374374,1,GEOMETRIC_CENTER,2020,1302393,2020/09/28 00:00:00+00,ATROPELLO,ATROPELLO,URBANA,IMPRUDENCIA DEL CONDUCTOR,NO RESPETAR DERECHO PREFERENTE DE PASO A PEATON,0,1,0,1,15:25:00
-71.5663044,-33.1124453,1265,5,REGION VALPARAISO,5101,VALPARAISO,OCTAVA,CENTRAL,0,"Octava & Central, Placilla, Valparaíso, Chile",-33.1124453,-71.5663044,1,GEOMETRIC_CENTER,2020,1302406,2020/09/10 00:00:00+00,COLISION LATERAL,COLISION,URBANA,IMPRUDENCIA DEL CONDUCTOR,CONDUCCION NO ATENTO CONDICIONES TRANSITO MOMENTO,0,1,0,3,19:35:00
-71.4686511,-33.0503386,1266,5,REGION VALPARAISO,5801,QUILPUE,FRANCISCO DE ASIS,FRODDEN,0,"San Francisco de Asís & Frodden, Quilpué, Valparaíso, Chile",-33.0503386,-71.4686511,1,GEOMETRIC_CENTER,2020,1302434,2020/09/30 00:00:00+00,COLISION PERPENDICULAR,COLISION,URBANA,DESOBEDIENCIA A SEÑALIZACION,SEÑALIZACION DESOBEDECER SEÑAL CEDA EL PASO,0,0,0,1,14:30:00
-70.7335573,-32.7559853,1267,5,REGION VALPARAISO,5701,SAN FELIPE,MANSO DE VELASCO,PANTALEON CORTEZ,0,"Manso de Velasco & Pantaleón Cortez, San Felipe, Valparaíso, Chile",-32.7559853,-70.7335573,1,GEOMETRIC_CENTER,2020,1302513,2020/09/26 00:00:00+00,COLISION,COLISION,URBANA,DESOBEDIENCIA A SEÑALIZACION,SEÑALIZACION DESOBEDECER LUZ ROJA DE SEMAFORO,0,0,0,2,17:25:00
-70.7238968,-32.7491933,1268,5,REGION VALPARAISO,5701,SAN FELIPE,SAN MARTIN,TORO MAZOTTE,0,"Sto Domingo 194, San Felipe, Valparaíso, Chile",-32.7491933,-70.7238968,1,ROOFTOP,2020,1302517,2020/09/28 00:00:00+00,COLISION,COLISION,URBANA,IMPRUDENCIA DEL CONDUCTOR,CONDUCCION SIN MANTENER DISTANCIA RAZONABLE NI PRUDENTE,0,0,0,1,10:00:00
-70.7212457,-32.7499276,1269,5,REGION VALPARAISO,5701,SAN FELIPE,TORO MAZOTE,SANTO DOMINGO,0,"Santo Domingo & Toro Mazote, San Felipe, Valparaíso, Chile",-32.7499276,-70.7212457,1,GEOMETRIC_CENTER,2020,1302526,2020/09/30 00:00:00+00,COLISION,COLISION,URBANA,DESOBEDIENCIA A SEÑALIZACION,SEÑALIZACION DESOBEDECER SEÑAL PARE,0,0,0,2,15:00:00
-70.5972179,-32.8337995,1270,5,REGION VALPARAISO,5301,LOS ANDES,POTRERILLOS,PASO LOS ANDES,0,"Los Andes, Valparaíso, Chile",-32.8337995,-70.5972179,1,APPROXIMATE,2020,1302535,2020/09/29 00:00:00+00,COLISION LATERAL,COLISION,URBANA,IMPRUDENCIA DEL CONDUCTOR,CONDUCIR VEHICULO EN RETROCESO,0,0,0,0,12:50:00
-71.5836478,-33.0340478,1271,5,REGION VALPARAISO,5101,VALPARAISO,BARROS ARANA, ,599,"Barros Arana 599, Viña del Mar, Valparaíso, Chile",-33.0340478,-71.5836478,1,ROOFTOP,2020,1302542,2020/09/09 00:00:00+00,OTRO TIPO,OTRO TIPO,URBANA,OTRAS CAUSAS,OTRAS CAUSAS,0,0,0,0,12:20:00
-71.2271392,-32.4483131,1272,5,REGION VALPARAISO,5401,LA LIGUA,SARGENTO ALDEA,ESMERALDA,0,"Sargento Aldea & Esmeralda, La Ligua, Valparaíso, Chile",-32.4483131,-71.2271392,1,GEOMETRIC_CENTER,2020,1302564,2020/09/24 00:00:00+00,COLISION,COLISION,URBANA,IMPRUDENCIA DEL CONDUCTOR,CONDUCCION NO ATENTO CONDICIONES TRANSITO MOMENTO,0,0,0,0,13:45:00
-71.2262424,-32.4500604,1273,5,REGION VALPARAISO,5401,LA LIGUA,DIEGO PORTALES,TRES DE JUNIO,0,"Diego Portales & 3 de Junio, La Ligua, Valparaíso, Chile",-32.4500604,-71.2262424,1,GEOMETRIC_CENTER,2020,1302596,2020/09/28 00:00:00+00,COLISION,COLISION,URBANA,IMPRUDENCIA DEL CONDUCTOR,CONDUCCION CONTRA SENTIDO DEL TRANSITO,0,0,0,1,19:40:00
-71.4192945,-33.0442841,1274,5,REGION VALPARAISO,5801,QUILPUE,BADEN POWELL,FREIRE,0,"Baden Powell & Freire, Quilpué, Valparaíso, Chile",-33.0442841,-71.4192945,1,GEOMETRIC_CENTER,2020,1302685,2020/10/01 00:00:00+00,COLISION PERPENDICULAR,COLISION,URBANA,DESOBEDIENCIA A SEÑALIZACION,SEÑALIZACION DESOBEDECER LUZ ROJA DE SEMAFORO,0,0,0,1,21:30:00
-71.5570746,-33.113608,1275,5,REGION VALPARAISO,5101,VALPARAISO,ESPAÑA,SEGUNDA INDEPENDENCIA,0,"Segunda Independencia & España, Placilla, Valparaíso, Chile",-33.113608,-71.5570746,1,GEOMETRIC_CENTER,2020,1302913,2020/09/16 00:00:00+00,CHOQUE FRONTAL,CHOQUE,URBANA,ALCOHOL EN CONDUCTOR,CONDUCCION EN ESTADO DE EBRIEDAD,0,0,0,0,16:50:00
-70.7168294,-32.6249317,1276,5,REGION VALPARAISO,5705,PUTAENDO,SAN MARTIN, ,691,"San Martin 691, Putaendo, Valparaíso, Chile",-32.6249317,-70.7168294,1,RANGE_INTERPOLATED,2020,1302920,2020/10/02 00:00:00+00,VOLCADURA,VOLCADURA,URBANA,PERDIDA CONTROL VEHICULO,PERDIDA CONTROL VEHICULO,0,0,0,2,18:50:00
-71.2665738,-33.0044191,1277,5,REGION VALPARAISO,5802,LIMACHE,INDEPENDENCIA, ,52,"Av. Independencia 52, Limache, Valparaíso, Chile",-33.0044191,-71.2665738,1,RANGE_INTERPOLATED,2020,1302972,2020/10/01 00:00:00+00,CHOQUE FRONTAL,CHOQUE,URBANA,FALLAS MECANICAS,FALLAS MECANICAS CARROCERIA,0,0,0,0,20:30:00
-71.4483696,-33.0522299,1278,5,REGION VALPARAISO,5801,QUILPUE,BARROS ARANA,BUENOS AIRES,0,"Calle Barros Arana & Buenos Aires, Quilpué, Valparaíso, Chile",-33.0522299,-71.4483696,1,GEOMETRIC_CENTER,2020,1302981,2020/10/02 00:00:00+00,COLISION FRONTAL,COLISION,URBANA,IMPRUDENCIA DEL CONDUCTOR,CONDUCCION SIN MANTENER DISTANCIA RAZONABLE NI PRUDENTE,0,0,0,2,13:10:00
-71.5962055,-33.0520648,1279,5,REGION VALPARAISO,5101,VALPARAISO,ARGENTINA,SANTOS OSSA,0,"Avenida Argentina & José Santos Ossa, Valparaíso, Chile",-33.0520648,-71.5962055,1,GEOMETRIC_CENTER,2020,1303060,2020/09/18 00:00:00+00,OTRO TIPO,OTRO TIPO,URBANA,ALCOHOL EN CONDUCTOR,CONDUCCION EN ESTADO DE EBRIEDAD,0,0,0,0,23:35:00
-71.545364,-32.9539983,1280,5,REGION VALPARAISO,5109,VIÑA DEL MAR,LAS PERLAS,LAS GATAS,0,"Las Perlas 1855 Torre Norte, Viña del Mar, Valparaíso, Chile",-32.9539983,-71.545364,1,GEOMETRIC_CENTER,2020,1303090,2020/09/23 00:00:00+00,COLISION,COLISION,URBANA,PERDIDA CONTROL VEHICULO,PERDIDA CONTROL VEHICULO,0,0,0,1,18:30:00
-71.5182843,-32.9317748,1281,5,REGION VALPARAISO,5103,CONCON,MAGALLANES, ,1050,"Magallanes 1050, Concón, Valparaíso, Chile",-32.9317748,-71.5182843,1,ROOFTOP,2020,1303137,2020/10/01 00:00:00+00,ATROPELLO,ATROPELLO,URBANA,IMPRUDENCIA DEL CONDUCTOR,NO RESPETAR DERECHO PREFERENTE DE PASO A PEATON,0,0,0,1,13:30:00
-71.6253985,-33.0473598,1282,5,REGION VALPARAISO,5101,VALPARAISO,ECUADOR,GUILLERMO RIVERA,0,"Guillermo Rivera & Avenida Ecuador, Valparaíso, Chile",-33.0473598,-71.6253985,1,GEOMETRIC_CENTER,2020,1303239,2020/09/30 00:00:00+00,COLISION LATERAL,COLISION,URBANA,PERDIDA CONTROL VEHICULO,PERDIDA CONTROL VEHICULO,0,0,0,0,10:00:00
-71.6267347,-33.0433898,1283,5,REGION VALPARAISO,5101,VALPARAISO,ALMTE MONTT, ,166,"Almte. Montt 166, Valparaíso, Chile",-33.0433898,-71.6267347,1,RANGE_INTERPOLATED,2020,1303244,2020/10/04 00:00:00+00,CHOQUE FRENTE/LADO,CHOQUE,URBANA,IMPRUDENCIA DEL CONDUCTOR,CONDUCCION SIN MANTENER DISTANCIA RAZONABLE NI PRUDENTE,0,0,0,0,10:30:00
-71.0692654,-32.432741,1284,5,REGION VALPARAISO,5402,CABILDO,SANTA FILOMENA,AMBROSIO OHIGGINS,0,"Santa Filomena & Ambrosio Ohiggins, Cabildo, Valparaíso, Chile",-32.432741,-71.0692654,1,GEOMETRIC_CENTER,2020,1303329,2020/10/01 00:00:00+00,COLISION FRONTAL,COLISION,URBANA,ALCOHOL EN CONDUCTOR,CONDUCCION EN ESTADO DE EBRIEDAD,0,0,0,3,20:10:00
-71.6134721,-33.6009251,1285,5,REGION VALPARAISO,5601,SAN ANTONIO,BARROS LUCO,CURICO,0,"Curicó & Barros Luco, San Antonio, Valparaíso, Chile",-33.6009251,-71.6134721,1,GEOMETRIC_CENTER,2020,1303338,2020/09/14 00:00:00+00,COLISION POR ALCANCE,COLISION,URBANA,IMPRUDENCIA DEL CONDUCTOR,CONDUCCION SIN MANTENER DISTANCIA RAZONABLE NI PRUDENTE,0,0,0,0,11:23:00
-71.1968898,-32.7832371,1286,5,REGION VALPARAISO,5502,CALERA,BLANCO ENCALADA,BAQUEDANO,0,"General Baquedano & Blanco Encalada, La Calera, Calera, Valparaíso, Chile",-32.7832371,-71.1968898,1,GEOMETRIC_CENTER,2020,1303359,2020/10/05 00:00:00+00,COLISION LATERAL,COLISION,URBANA,IMPRUDENCIA DEL CONDUCTOR,NO RESPETAR DERECHO PREFERENTE DE PASO A VEHICULO,0,0,0,4,16:20:00
-70.7177434,-32.628461,1287,5,REGION VALPARAISO,5705,PUTAENDO,NUÑEZ, ,15,"Putaendo, Valparaíso, Chile",-32.628461,-70.7177434,1,APPROXIMATE,2020,1303361,2020/10/01 00:00:00+00,COLISION,COLISION,RURAL,IMPRUDENCIA DEL CONDUCTOR,CONDUCIR VEHICULO EN RETROCESO,0,0,0,1,16:00:00
-71.5264807,-32.9359173,1288,5,REGION VALPARAISO,5103,CONCON,SEGUNDA TRANSVERSAL,CONCAGUA,0,"Segunda Transversal, Concón, Valparaíso, Chile",-32.9359173,-71.5264807,1,GEOMETRIC_CENTER,2020,1303388,2020/10/01 00:00:00+00,COLISION POR ALCANCE,COLISION,URBANA,IMPRUDENCIA DEL CONDUCTOR,CONDUCCION NO ATENTO CONDICIONES TRANSITO MOMENTO,0,0,0,0,09:10:00
-71.4167442,-33.047449,1289,5,REGION VALPARAISO,5801,QUILPUE,CENTENARIO,QUINTO,0,"V Centenario, Quilpué, Valparaíso, Chile",-33.047449,-71.4167442,1,GEOMETRIC_CENTER,2020,1303444,2020/10/04 00:00:00+00,COLISION PERPENDICULAR,COLISION,URBANA,IMPRUDENCIA DEL CONDUCTOR,CONDUCCION SIN MANTENER DISTANCIA RAZONABLE NI PRUDENTE,0,0,0,1,12:00:00
-71.4096827,-33.0584328,1290,5,REGION VALPARAISO,5801,QUILPUE,TIERRAS ROJAS,EL OCASO,0,"El Ocaso & Tierras Rojas, Quilpué, Valparaíso, Chile",-33.0584328,-71.4096827,1,GEOMETRIC_CENTER,2020,1303452,2020/10/04 00:00:00+00,CHOQUE FRONTAL,CHOQUE,URBANA,ALCOHOL EN CONDUCTOR,CONDUCCION EN ESTADO DE EBRIEDAD,0,1,0,0,04:25:00
-109.4197951,-27.1600153,1291,5,REGION VALPARAISO,5201,ISLA DE PASCUA,KAITUOE, ,0,"Isla de Pascua, Valparaíso, Chile",-27.1600153,-109.4197951,1,GEOMETRIC_CENTER,2020,1303485,2020/10/05 00:00:00+00,CHOQUE FRONTAL,CHOQUE,URBANA,CAUSAS NO DETERMINADAS,CAUSAS NO DETERMINADAS,0,0,0,0,05:40:00
-71.4061129,-33.0541968,1292,5,REGION VALPARAISO,5801,QUILPUE,SEGUNDO DE LINEA, ,525,"Segundo de Línea 525, Quilpué, Valparaíso, Chile",-33.0541968,-71.4061129,1,ROOFTOP,2020,1303497,2020/10/02 00:00:00+00,CHOQUE FRONTAL,CHOQUE,URBANA,PERDIDA CONTROL VEHICULO,PERDIDA CONTROL VEHICULO,0,0,0,0,15:10:00
-71.4254567,-33.0644072,1293,5,REGION VALPARAISO,5801,QUILPUE,PIEDRA LANCETA,MANQUEHUE,0,"Manquehue & Piedra lanceta, Quilpué, Valparaíso, Chile",-33.0644072,-71.4254567,1,GEOMETRIC_CENTER,2020,1303501,2020/10/02 00:00:00+00,COLISION FRONTAL,COLISION,URBANA,IMPRUDENCIA DEL CONDUCTOR,CONDUCCION SIN MANTENER DISTANCIA RAZONABLE NI PRUDENTE,0,0,0,1,23:15:00
-71.4131695,-33.0473453,1294,5,REGION VALPARAISO,5801,QUILPUE,CENTENARIO,EPSILON,0,"2000 - V Centenario 1152, Quilpué, Valparaíso, Chile",-33.0473453,-71.4131695,1,ROOFTOP,2020,1303507,2020/10/03 00:00:00+00,VOLCADURA,VOLCADURA,URBANA,ALCOHOL EN CONDUCTOR,CONDUCCION EN ESTADO DE EBRIEDAD,0,0,0,0,22:50:00
-71.4027343,-33.0380493,1295,5,REGION VALPARAISO,5801,QUILPUE,SANTIAGO,LINCOYAN,0,"Santiago & Lincoyán, Quilpué, Valparaíso, Chile",-33.0380493,-71.4027343,1,GEOMETRIC_CENTER,2020,1303509,2020/10/04 00:00:00+00,CHOQUE FRONTAL,CHOQUE,URBANA,PERDIDA CONTROL VEHICULO,PERDIDA CONTROL VEHICULO,0,0,0,0,06:25:00
-71.5952788,-33.0367439,1296,5,REGION VALPARAISO,5101,VALPARAISO,SAN LUIS,PLACERES,0,"Los Placeres & San Luis, Valparaíso, Chile",-33.0367439,-71.5952788,1,GEOMETRIC_CENTER,2020,1303600,2020/09/28 00:00:00+00,COLISION LATERAL,COLISION,URBANA,DESOBEDIENCIA A SEÑALIZACION,SEÑALIZACION DESOBEDECER SEÑAL PARE,0,0,0,2,12:50:00
-71.3651084,-33.0546408,1297,5,REGION VALPARAISO,5804,VILLA ALEMANA,IGNACIO CARRERA PINTO,TARRAGONA,0,"Ignacio Carrera Pinto & Tarragona, Villa Alemana, Valparaíso, Chile",-33.0546408,-71.3651084,1,GEOMETRIC_CENTER,2020,1303604,2020/10/04 00:00:00+00,COLISION,COLISION,URBANA,IMPRUDENCIA DEL CONDUCTOR,CONDUCCION NO ATENTO CONDICIONES TRANSITO MOMENTO,0,0,0,1,14:00:00
-71.4052995,-33.0464274,1298,5,REGION VALPARAISO,5801,QUILPUE,FREIRE,GOMEZ CARREÑO,0,"Almirante Gomez Carreño & Freire, Quilpué, Valparaíso, Chile",-33.0464274,-71.4052995,1,GEOMETRIC_CENTER,2020,1303605,2020/10/06 00:00:00+00,CHOQUE FRENTE/FRENTE,CHOQUE,URBANA,DESOBEDIENCIA A SEÑALIZACION,SEÑALIZACION DESOBEDECER LUZ ROJA DE SEMAFORO,0,0,0,0,16:30:00
-71.4616204,-33.0441649,1299,5,REGION VALPARAISO,5801,QUILPUE,LOS CARRERA,LOS LUNES,0,"771, - Av. Los Carrera 751, Quilpué, Valparaíso, Chile",-33.0441649,-71.4616204,1,ROOFTOP,2020,1303611,2020/10/06 00:00:00+00,COLISION LATERAL,COLISION,URBANA,IMPRUDENCIA DEL CONDUCTOR,CONDUCCION CAMBIAR SORPRESIVAMENTE PISTA CIRCULACION,0,0,0,0,12:30:00
-71.4571824,-32.5541482,1300,5,REGION VALPARAISO,5405,ZAPALLAR,GERMAN RIESCO,OLEGARIO OVALLE,0,"German Riesco & Olegario Ovalle, Zapallar, Valparaíso, Chile",-32.5541482,-71.4571824,1,GEOMETRIC_CENTER,2020,1303617,2020/10/04 00:00:00+00,COLISION,COLISION,URBANA,IMPRUDENCIA DEL CONDUCTOR,CONDUCCION CONTRA SENTIDO DEL TRANSITO,0,0,0,2,14:25:00
-70.7243575,-32.7466755,1301,5,REGION VALPARAISO,5701,SAN FELIPE,CHACABUCO,SALINAS,0,"Salinas & Chacabuco, San Felipe, Valparaíso, Chile",-32.7466755,-70.7243575,1,GEOMETRIC_CENTER,2020,1303641,2020/10/02 00:00:00+00,COLISION LATERAL,COLISION,URBANA,DESOBEDIENCIA A SEÑALIZACION,SEÑALIZACION DESOBEDECER LUZ ROJA DE SEMAFORO,0,0,0,1,22:25:00
-70.7344783,-32.74304,1302,5,REGION VALPARAISO,5701,SAN FELIPE,DIEGO DE ALMAGRO,HERMANOS CARRERA,0,"Diego de Almagro & Hermanos Carrera, San Felipe, Valparaíso, Chile",-32.74304,-70.7344783,1,GEOMETRIC_CENTER,2020,1303643,2020/10/02 00:00:00+00,COLISION,COLISION,URBANA,DESOBEDIENCIA A SEÑALIZACION,SEÑALIZACION DESOBEDECER SEÑAL CEDA EL PASO,0,0,0,1,22:55:00
-71.2029123,-33.0006615,1303,5,REGION VALPARAISO,5803,OLMUE,EASTMAN,CALLEJON ROMERO,0,"Cjón. Romero & Av. Adolfo Eastman Cox, Olmué, Valparaíso, Chile",-33.0006615,-71.2029123,1,GEOMETRIC_CENTER,2020,1303661,2020/10/06 00:00:00+00,COLISION POR ALCANCE,COLISION,URBANA,IMPRUDENCIA DEL CONDUCTOR,CONDUCCION NO ATENTO CONDICIONES TRANSITO MOMENTO,0,0,0,4,10:40:00
-71.2678741,-33.0018599,1304,5,REGION VALPARAISO,5802,LIMACHE,PALMIRA ROMANO SUR, ,405,"Palmira Romano Sur 405, Limache, Valparaíso, Chile",-33.0018599,-71.2678741,1,ROOFTOP,2020,1303771,2020/10/06 00:00:00+00,ATROPELLO,ATROPELLO,URBANA,OTRAS CAUSAS,HECHO DELICTUAL,1,1,0,1,16:10:00
-71.5343207,-33.0294011,1305,5,REGION VALPARAISO,5109,VIÑA DEL MAR,UNO NORTE,LOS FRESNOS,0,"Los Fresnos & 1 Norte, Viña del Mar, Valparaíso, Chile",-33.0294011,-71.5343207,1,GEOMETRIC_CENTER,2020,1303827,2020/09/29 00:00:00+00,CHOQUE POSTERIOR/FRENTE,CHOQUE,URBANA,IMPRUDENCIA DEL CONDUCTOR,CONDUCIR VEHICULO EN RETROCESO,0,0,0,0,17:20:00