X,Y,FID,COD_REG,REGION,CUT,COMUNA,CALLE_UNO,CALLE_DOS,NUMERO,DIR_GEOCOD,LAT,LNG,VAL_COM,TIPO,Año,Idaccident,Fecha,Tipo_Accid,Tipo__CONA,Zona,Causa__CON,Causa,Fallecidos,Graves,Menos_Grav,Leves,Hora
-71.4065815,-33.0426702,1306,5,REGION VALPARAISO,5801,QUILPUE,AVIADOR ACEVEDO, ,698,"Aviador Acevedo 698, Quilpué, Valparaíso, Chile",-33.0426702,-71.4065815,1,RANGE_INTERPOLATED,2020,1303934,2020/10/08 00:00:00+00,ATROPELLO,ATROPELLO,URBANA,IMPRUDENCIA DEL CONDUCTOR,NO RESPETAR DERECHO PREFERENTE DE PASO A PEATON,0,0,0,1,08:05:00
-70.7176316,-32.7138401,1307,5,REGION VALPARAISO,5701,SAN FELIPE,EL ALGARROBAL, ,0,"El Algarrobal, San Felipe, Valparaíso, Chile",-32.7138401,-70.7176316,1,APPROXIMATE,2020,1303977,2020/10/04 00:00:00+00,COLISION,COLISION,RURAL,IMPRUDENCIA DEL CONDUCTOR,CONDUCCION CAMBIAR SORPRESIVAMENTE PISTA CIRCULACION,0,0,0,1,15:30:00
-70.5929079,-32.826347,1308,5,REGION VALPARAISO,5301,LOS ANDES,LAS VIOLETAS, ,682,"Las Violetas 682, Los Andes, Valparaíso, Chile",-32.826347,-70.5929079,1,RANGE_INTERPOLATED,2020,1303996,2020/10/03 00:00:00+00,CHOQUE FRENTE/POSTERIOR,CHOQUE,URBANA,PERDIDA CONTROL VEHICULO,PERDIDA CONTROL VEHICULO,0,0,0,0,18:30:00
-71.2024685,-32.7852639,1309,5,REGION VALPARAISO,5502,CALERA,CHILE,GRECIA,0,"Grecia & Chile, La Calera, Calera, Valparaíso, Chile",-32.7852639,-71.2024685,1,GEOMETRIC_CENTER,2020,1304030,2020/10/06 00:00:00+00,COLISION LATERAL,COLISION,URBANA,IMPRUDENCIA DEL CONDUCTOR,NO RESPETAR DERECHO PREFERENTE DE PASO A VEHICULO,0,1,0,0,10:50:00
-71.4065552,-33.0568895,1310,5,REGION VALPARAISO,5801,QUILPUE,TIERRAS ROJAS,SERENA,0,"Serena & Tierras Rojas, Quilpué, Valparaíso, Chile",-33.0568895,-71.4065552,1,GEOMETRIC_CENTER,2020,1304071,2020/10/09 00:00:00+00,COLISION,COLISION,URBANA,ALCOHOL EN CONDUCTOR,CONDUCCION EN ESTADO DE EBRIEDAD,0,0,0,1,19:00:00
-71.2368663,-32.4570318,1311,5,REGION VALPARAISO,5401,LA LIGUA,HERMANOS ARAVENA WILLIAMS, ,930,"Hermanos Aravena Williams 930, La Ligua, Valparaíso, Chile",-32.4570318,-71.2368663,1,ROOFTOP,2020,1304078,2020/10/09 00:00:00+00,COLISION FRONTAL,COLISION,URBANA,IMPRUDENCIA DEL CONDUCTOR,CONDUCCION NO ATENTO CONDICIONES TRANSITO MOMENTO,0,0,0,2,16:30:00
-71.5497859,-33.014319,1312,5,REGION VALPARAISO,5109,VIÑA DEL MAR,LIBERTAD,NUEVE NORTE,0,"Av. Libertad & 9 Nte., Viña del Mar, Valparaíso, Chile",-33.014319,-71.5497859,1,GEOMETRIC_CENTER,2020,1304204,2020/10/06 00:00:00+00,COLISION POR ALCANCE,COLISION,URBANA,IMPRUDENCIA DEL CONDUCTOR,CONDUCCION NO ATENTO CONDICIONES TRANSITO MOMENTO,0,0,0,1,19:30:00
-71.5768743,-33.0560188,1313,5,REGION VALPARAISO,5101,VALPARAISO,RODELILLO,CALLE NUEVE,0,"Rodelillo - Tierras Rojas, Valparaíso, Chile",-33.0560188,-71.5768743,1,GEOMETRIC_CENTER,2020,1304258,2020/09/29 00:00:00+00,COLISION POR ALCANCE,COLISION,URBANA,IMPRUDENCIA DEL CONDUCTOR,CONDUCCION SIN MANTENER DISTANCIA RAZONABLE NI PRUDENTE,0,0,0,0,20:20:00
-70.5922706,-32.8452528,1314,5,REGION VALPARAISO,5301,LOS ANDES,LUIS CRUZ MARTINEZ,PASCUAL BABURIZZA,0,"Subteniente Luis Cruz Martínez & Av. Pascual Baburizza, Los Andes, Valparaíso, Chile",-32.8452528,-70.5922706,1,GEOMETRIC_CENTER,2020,1304300,2020/10/04 00:00:00+00,COLISION LATERAL,COLISION,URBANA,IMPRUDENCIA DEL CONDUCTOR,ADELANTAMIENTO SIN EL ESPACIO O TIEMPO SUFICIENTE,0,0,0,2,14:00:00
-71.5690758,-33.1177804,1315,5,REGION VALPARAISO,5101,VALPARAISO,TERCERA, ,829,"Tercera del Sur 829, Placilla, Valparaíso, Chile",-33.1177804,-71.5690758,1,RANGE_INTERPOLATED,2020,1304303,2020/09/19 00:00:00+00,CHOQUE FRONTAL,CHOQUE,URBANA,ALCOHOL EN CONDUCTOR,CONDUCCION EN ESTADO DE EBRIEDAD,0,0,0,0,04:50:00
-71.5939463,-33.036255,1316,5,REGION VALPARAISO,5101,VALPARAISO,SAN GUILLERMO,PLACERES,0,"Los Placeres & San Guillermo, Valparaíso, Chile",-33.036255,-71.5939463,1,GEOMETRIC_CENTER,2020,1304324,2020/09/08 00:00:00+00,COLISION LATERAL,COLISION,URBANA,IMPRUDENCIA DEL CONDUCTOR,CONDUCCION NO ATENTO CONDICIONES TRANSITO MOMENTO,0,0,0,0,12:30:00
-70.6061929,-32.8455386,1317,5,REGION VALPARAISO,5301,LOS ANDES,BEJARES,ARTURO PRAT,0,"Béjares & Arturo Prat, Los Andes, Valparaíso, Chile",-32.8455386,-70.6061929,1,GEOMETRIC_CENTER,2020,1304348,2020/10/06 00:00:00+00,COLISION POR ALCANCE,COLISION,URBANA,IMPRUDENCIA DEL CONDUCTOR,CONDUCIR VEHICULO EN RETROCESO,0,0,0,0,14:30:00
-71.5960824,-33.5441844,1318,5,REGION VALPARAISO,5603,CARTAGENA,CARLOS CORSI,SANTIAGO LOVELUCK,0,"Av. Padre Santiago Loveluck & Av. Carlos Corsi Gherardelli, Cartagena, Valparaíso, Chile",-33.5441844,-71.5960824,1,GEOMETRIC_CENTER,2020,1304357,2020/10/05 00:00:00+00,OTRO TIPO,OTRO TIPO,URBANA,IMPRUDENCIA DEL CONDUCTOR,CARGA SOBRESALE ESTRUCTURA VEHICULO,0,0,0,0,12:30:00
-70.618582,-32.8315443,1319,5,REGION VALPARAISO,5301,LOS ANDES,LOS VILLARES, ,2025,"Los Villares 2025, Los Andes, Valparaíso, Chile",-32.8315443,-70.618582,1,RANGE_INTERPOLATED,2020,1304363,2020/10/07 00:00:00+00,CHOQUE FRENTE/POSTERIOR,CHOQUE,URBANA,IMPRUDENCIA DEL CONDUCTOR,CONDUCCION NO ATENTO CONDICIONES TRANSITO MOMENTO,0,0,0,0,11:00:00
-71.4890101,-33.0338144,1320,5,REGION VALPARAISO,5109,VIÑA DEL MAR,CHILE,CAMBOYA,0,"Camboya & Chile, Viña del Mar, Valparaíso, Chile",-33.0338144,-71.4890101,1,GEOMETRIC_CENTER,2020,1304381,2020/10/07 00:00:00+00,CHOQUE POSTERIOR/FRENTE,CHOQUE,URBANA,IMPRUDENCIA DEL CONDUCTOR,CONDUCIR VEHICULO EN RETROCESO,0,0,0,0,11:00:00
-71.5922416,-33.0397774,1321,5,REGION VALPARAISO,5101,VALPARAISO,CARMEN,SAN GUILLERMO,0,"San Guillermo & Carmen, Valparaíso, Chile",-33.0397774,-71.5922416,1,GEOMETRIC_CENTER,2020,1304419,2020/09/23 00:00:00+00,COLISION LATERAL,COLISION,URBANA,IMPRUDENCIA DEL CONDUCTOR,CONDUCCION NO ATENTO CONDICIONES TRANSITO MOMENTO,0,0,0,0,17:30:00
-71.5434019,-33.0003636,1322,5,REGION VALPARAISO,5109,VIÑA DEL MAR,ALESSANDRI,HOSPITAL NAVAL ALMIRANTE NEF,0,"Alessandri, Viña del Mar, Valparaíso, Chile",-33.0003636,-71.5434019,1,GEOMETRIC_CENTER,2020,1304388,2020/10/04 00:00:00+00,CHOQUE POSTERIOR/FRENTE,CHOQUE,URBANA,IMPRUDENCIA DEL CONDUCTOR,CONDUCIR VEHICULO EN RETROCESO,0,0,0,0,18:10:00
-71.2047975,-32.7930294,1323,5,REGION VALPARAISO,5502,CALERA,CARRERA,COLO COLO,0,"Carrera & Colo Colo, La Calera, Calera, Valparaíso, Chile",-32.7930294,-71.2047975,1,GEOMETRIC_CENTER,2020,1304394,2020/10/09 00:00:00+00,CHOQUE FRENTE/POSTERIOR,CHOQUE,URBANA,IMPRUDENCIA DEL CONDUCTOR,CONDUCCION SIN MANTENER DISTANCIA RAZONABLE NI PRUDENTE,0,0,0,2,08:30:00
-71.5647493,-33.0651622,1324,5,REGION VALPARAISO,5101,VALPARAISO,UNION Y ESFUERZO,RODELILLO,0,"Av. Rodelillo, Valparaíso, Chile",-33.0651622,-71.5647493,1,GEOMETRIC_CENTER,2020,1304568,2020/09/02 00:00:00+00,OTRO TIPO,OTRO TIPO,URBANA,ALCOHOL EN CONDUCTOR,CONDUCCION EN ESTADO DE EBRIEDAD,0,0,0,0,00:05:00
-71.560148,-33.0533072,1325,5,REGION VALPARAISO,5101,VALPARAISO,MATTA, ,4307,"Manuel Antonio Matta 4307, Valparaíso, Chile",-33.0533072,-71.560148,1,RANGE_INTERPOLATED,2020,1304575,2020/09/03 00:00:00+00,CHOQUE LATERAL,CHOQUE,URBANA,IMPRUDENCIA DEL CONDUCTOR,CONDUCIR VEHICULO EN RETROCESO,0,0,0,0,13:30:00
-71.4430793,-33.0459995,1326,5,REGION VALPARAISO,5801,QUILPUE,CLAUDIO VICUÑA, ,630,"Claudio Vicuña 630, Quilpué, Valparaíso, Chile",-33.0459995,-71.4430793,1,ROOFTOP,2020,1304584,2020/10/13 00:00:00+00,CHOQUE POSTERIOR/FRENTE,CHOQUE,URBANA,IMPRUDENCIA DEL CONDUCTOR,CONDUCIR VEHICULO EN RETROCESO,0,0,0,0,15:30:00
-71.5444394,-32.9519198,1327,5,REGION VALPARAISO,5109,VIÑA DEL MAR,EDMUNDO ELUCHANS, ,2575,"Av Edmundo Eluchans 2575, Viña del Mar, Concón, Valparaíso, Chile",-32.9519198,-71.5444394,1,ROOFTOP,2020,1304605,2020/10/14 00:00:00+00,COLISION POR ALCANCE,COLISION,URBANA,IMPRUDENCIA DEL CONDUCTOR,CONDUCCION NO ATENTO CONDICIONES TRANSITO MOMENTO,0,1,0,0,16:00:00
-71.3914573,-33.0596253,1328,5,REGION VALPARAISO,5804,VILLA ALEMANA,TOROMIRO, ,2119,"Toromiro 2119, Villa Alemana, Valparaíso, Chile",-33.0596253,-71.3914573,1,RANGE_INTERPOLATED,2020,1304665,2020/10/09 00:00:00+00,CHOQUE FRENTE/POSTERIOR,CHOQUE,URBANA,ALCOHOL EN CONDUCTOR,CONDUCCION EN ESTADO DE EBRIEDAD,0,0,0,1,19:15:00
-71.5186065,-32.9299468,1329,5,REGION VALPARAISO,5103,CONCON,SALIDA CEMENTERIO PARQUE DEL SENDERO, ,0,"Concón, Valparaíso, Chile",-32.9299468,-71.5186065,1,APPROXIMATE,2020,1310885,2020/11/12 00:00:00+00,COLISION LATERAL,COLISION,URBANA,DESOBEDIENCIA A SEÑALIZACION,SEÑALIZACION DESOBEDECER SEÑAL PARE,0,0,0,0,15:15:00
-71.1401832,-32.8123657,1330,5,REGION VALPARAISO,5503,HIJUELAS,CUATRO ESQUINAS,CAMINO DE SERVICIO,0,"F-301-E 2939, Hijuelas, Valparaíso, Chile",-32.8123657,-71.1401832,1,ROOFTOP,2020,1304886,2020/10/13 00:00:00+00,COLISION LATERAL,COLISION,URBANA,DESOBEDIENCIA A SEÑALIZACION,SEÑALIZACION DESOBEDECER SEÑAL PARE,0,0,0,1,18:20:00
-71.2088781,-32.7919403,1331,5,REGION VALPARAISO,5502,CALERA,LAUTARO, ,485,"Lautaro 485, La Calera, Calera, Valparaíso, Chile",-32.7919403,-71.2088781,1,RANGE_INTERPOLATED,2020,1304896,2020/10/13 00:00:00+00,CHOQUE FRENTE/POSTERIOR,CHOQUE,URBANA,VELOCIDAD IMPRUDENTE,VELOCIDAD NO RAZONABLE NI PRUDENTE,0,0,0,1,14:30:00
-70.7251075,-32.7447616,1332,5,REGION VALPARAISO,5701,SAN FELIPE,TRASLAVIÑA,ARTEMON CIFUENTES,0,"Artemon Cifuentes & Traslaviña, San Felipe, Valparaíso, Chile",-32.7447616,-70.7251075,1,GEOMETRIC_CENTER,2020,1304946,2020/10/06 00:00:00+00,COLISION,COLISION,URBANA,DESOBEDIENCIA A SEÑALIZACION,SEÑALIZACION DESOBEDECER SEÑAL PARE,0,0,0,2,09:30:00
-71.5456614,-33.0332827,1333,5,REGION VALPARAISO,5109,VIÑA DEL MAR,MANUEL VILLAGRA, ,895,"Manuel Villagra 895, Viña del Mar, Valparaíso, Chile",-33.0332827,-71.5456614,1,RANGE_INTERPOLATED,2020,1304994,2020/10/08 00:00:00+00,COLISION,COLISION,URBANA,ALCOHOL EN CONDUCTOR,CONDUCCION EN ESTADO DE EBRIEDAD,0,0,0,0,19:45:00
-71.5423692,-33.0412653,1334,5,REGION VALPARAISO,5109,VIÑA DEL MAR,LA PAZ,ANABALON,0,"La Paz & Anabalón, Viña del Mar, Valparaíso, Chile",-33.0412653,-71.5423692,1,GEOMETRIC_CENTER,2020,1275070,2020/04/03 00:00:00+00,CHOQUE FRONTAL,CHOQUE,URBANA,PERDIDA CONTROL VEHICULO,PERDIDA CONTROL VEHICULO,0,0,2,3,22:50:00
-71.5351878,-33.0311408,1335,5,REGION VALPARAISO,5109,VIÑA DEL MAR,ALVAREZ, ,1111,"Álvarez 1111, Viña del Mar, Valparaíso, Chile",-33.0311408,-71.5351878,1,RANGE_INTERPOLATED,2020,1305006,2020/10/12 00:00:00+00,COLISION,COLISION,URBANA,IMPRUDENCIA DEL CONDUCTOR,CONDUCCION CAMBIAR SORPRESIVAMENTE PISTA CIRCULACION,0,0,0,0,10:45:00
-71.545345,-33.0474681,1336,5,REGION VALPARAISO,5109,VIÑA DEL MAR,MELITENE, ,535,"Los Melitenes 535, Viña del Mar, Valparaíso, Chile",-33.0474681,-71.545345,1,RANGE_INTERPOLATED,2020,1305021,2020/10/13 00:00:00+00,CHOQUE FRONTAL,CHOQUE,URBANA,ALCOHOL EN CONDUCTOR,CONDUCCION EN ESTADO DE EBRIEDAD,0,0,0,0,04:20:00
-71.4192945,-33.0442841,1337,5,REGION VALPARAISO,5801,QUILPUE,FREIRE,BADEN POWELL,0,"Baden Powell & Freire, Quilpué, Valparaíso, Chile",-33.0442841,-71.4192945,1,GEOMETRIC_CENTER,2020,1305117,2020/10/15 00:00:00+00,COLISION LATERAL,COLISION,URBANA,IMPRUDENCIA DEL CONDUCTOR,CONDUCCION SIN MANTENER DISTANCIA RAZONABLE NI PRUDENTE,0,0,0,0,15:40:00
-71.4411137,-33.0541374,1338,5,REGION VALPARAISO,5801,QUILPUE,CUMMING, ,1472,"Cumming 1472, Quilpué, Valparaíso, Chile",-33.0541374,-71.4411137,1,ROOFTOP,2020,1305138,2020/10/15 00:00:00+00,COLISION PERPENDICULAR,COLISION,URBANA,IMPRUDENCIA DEL CONDUCTOR,CONDUCIR VEHICULO EN RETROCESO,0,0,0,1,15:15:00
-71.5584363,-33.1357788,1339,5,REGION VALPARAISO,5101,VALPARAISO,TUPUNGATO, ,2821,"Av. Tupungato 2821, Placilla, Valparaíso, Chile",-33.1357788,-71.5584363,1,RANGE_INTERPOLATED,2020,1311133,2020/11/07 00:00:00+00,COLISION LATERAL,COLISION,URBANA,IMPRUDENCIA DEL CONDUCTOR,CONDUCCION NO ATENTO CONDICIONES TRANSITO MOMENTO,0,0,0,1,20:00:00
-71.611727,-33.5806527,1340,5,REGION VALPARAISO,5601,SAN ANTONIO,ALBERTO BARROS,CENTENARIO,0,"Centenario & Alberto Barros, San Antonio, Valparaíso, Chile",-33.5806527,-71.611727,1,GEOMETRIC_CENTER,2020,1305211,2020/09/21 00:00:00+00,CHOQUE FRENTE/POSTERIOR,CHOQUE,URBANA,IMPRUDENCIA DEL CONDUCTOR,CONDUCCION NO ATENTO CONDICIONES TRANSITO MOMENTO,0,0,0,0,21:37:00
-71.5795584,-33.0619512,1341,5,REGION VALPARAISO,5101,VALPARAISO,ISLA DE PASCUA, ,652,"C. Isla de Pascua 652, Valparaíso, Chile",-33.0619512,-71.5795584,1,RANGE_INTERPOLATED,2020,1305220,2020/10/12 00:00:00+00,COLISION POR ALCANCE,COLISION,URBANA,ALCOHOL EN CONDUCTOR,CONDUCCION EN ESTADO DE EBRIEDAD,0,0,0,0,03:25:00
-71.6083022,-33.6158544,1342,5,REGION VALPARAISO,5601,SAN ANTONIO,CHILE,ARZ VALDIVIESO,0,"Chile & Arz Crescente Errázuriz Valdivieso, San Antonio, Valparaíso, Chile",-33.6158544,-71.6083022,1,GEOMETRIC_CENTER,2020,1305222,2020/09/24 00:00:00+00,CHOQUE FRENTE/POSTERIOR,CHOQUE,URBANA,IMPRUDENCIA DEL CONDUCTOR,CONDUCCION NO ATENTO CONDICIONES TRANSITO MOMENTO,0,0,0,0,20:08:00
-109.4272859,-27.1480808,1343,5,REGION VALPARAISO,5201,ISLA DE PASCUA,TE PITO O TE HENUA, ,0,"Te Pito o Te Henua, Hanga Roa, Isla de Pascua, Valparaíso, Chile",-27.1480808,-109.4272859,1,GEOMETRIC_CENTER,2020,1305226,2020/10/10 00:00:00+00,COLISION LATERAL,COLISION,URBANA,CAUSAS NO DETERMINADAS,CAUSAS NO DETERMINADAS,0,0,0,1,11:30:00
-71.6144817,-33.588476,1344,5,REGION VALPARAISO,5601,SAN ANTONIO,PUERTO CENTRAL, ,5,"San Antonio, Valparaíso, Chile",-33.588476,-71.6144817,1,GEOMETRIC_CENTER,2020,1305232,2020/09/26 00:00:00+00,CHOQUE LATERAL,CHOQUE,URBANA,IMPRUDENCIA DEL CONDUCTOR,CONDUCCION NO ATENTO CONDICIONES TRANSITO MOMENTO,0,0,0,0,09:10:00
-71.1870597,-32.78721,1345,5,REGION VALPARAISO,5502,CALERA,LAS HERAS, ,212,"Las Heras 212, La Calera, Calera, Valparaíso, Chile",-32.78721,-71.1870597,1,ROOFTOP,2020,1305257,2020/10/16 00:00:00+00,COLISION FRONTAL,COLISION,URBANA,ALCOHOL EN CONDUCTOR,CONDUCCION EN ESTADO DE EBRIEDAD,0,0,0,0,21:47:00
-71.4634335,-33.0430686,1346,5,REGION VALPARAISO,5801,QUILPUE,LOS CARRERA,DECIMA,0,"Décima & Avenida Los Carrera, Quilpué, Valparaíso, Chile",-33.0430686,-71.4634335,1,GEOMETRIC_CENTER,2020,1305263,2020/10/16 00:00:00+00,COLISION LATERAL,COLISION,URBANA,IMPRUDENCIA DEL CONDUCTOR,VIRAJES INDEBIDOS,0,0,0,0,13:40:00
-71.4408912,-33.0481975,1347,5,REGION VALPARAISO,5801,QUILPUE,LOS CARRERA,CLAUDIO VICUÑA,0,"Claudio Vicuña & Avenida Los Carrera, Quilpué, Valparaíso, Chile",-33.0481975,-71.4408912,1,GEOMETRIC_CENTER,2020,1305264,2020/10/16 00:00:00+00,ATROPELLO,ATROPELLO,URBANA,IMPRUDENCIA DEL CONDUCTOR,NO RESPETAR DERECHO PREFERENTE DE PASO A PEATON,0,0,0,1,11:45:00
-70.7198748,-32.7521537,1348,5,REGION VALPARAISO,5701,SAN FELIPE,YUNGAY, ,226,"Yungay 226, San Felipe, Valparaíso, Chile",-32.7521537,-70.7198748,1,ROOFTOP,2020,1305267,2020/10/08 00:00:00+00,COLISION,COLISION,URBANA,IMPRUDENCIA DEL CONDUCTOR,CONDUCCION CAMBIAR SORPRESIVAMENTE PISTA CIRCULACION,0,0,0,0,09:45:00
-70.7200732,-32.738706,1349,5,REGION VALPARAISO,5701,SAN FELIPE,CHILE,ABRAHAM AHUMADA,0,"Chile & Abraham Ahumada, San Felipe, Valparaíso, Chile",-32.738706,-70.7200732,1,GEOMETRIC_CENTER,2020,1305270,2020/10/09 00:00:00+00,COLISION,COLISION,URBANA,DESOBEDIENCIA A SEÑALIZACION,SEÑALIZACION DESOBEDECER SEÑAL PARE,0,0,0,0,18:30:00
-71.5036751,-32.7963991,1350,5,REGION VALPARAISO,5107,QUINTERO,MANQUEHUE, ,220,"Av. Manquehue, Loncura, Quintero, Valparaíso, Chile",-32.7963991,-71.5036751,1,GEOMETRIC_CENTER,2020,1305283,2020/10/08 00:00:00+00,COLISION LATERAL,COLISION,URBANA,IMPRUDENCIA DEL CONDUCTOR,ADELANTAMIENTO SOBREPASANDO LINEA CONTINUA,0,0,0,1,17:10:00
-71.6128365,-33.5885486,1351,5,REGION VALPARAISO,5601,SAN ANTONIO,BARROS LUCO, ,23,"Barros Luco 23, San Antonio, Valparaíso, Chile",-33.5885486,-71.6128365,1,RANGE_INTERPOLATED,2020,1305289,2020/09/30 00:00:00+00,CHOQUE LATERAL,CHOQUE,URBANA,IMPRUDENCIA DEL CONDUCTOR,CONDUCCION NO ATENTO CONDICIONES TRANSITO MOMENTO,0,0,0,0,14:50:00
-70.6136634,-32.8313971,1352,5,REGION VALPARAISO,5301,LOS ANDES,ESMERALDA,UNO NORTE,0,"Esmeralda & Uno Poniente, Los Andes, Valparaíso, Chile",-32.8313971,-70.6136634,1,GEOMETRIC_CENTER,2020,1305310,2020/10/07 00:00:00+00,VOLCADURA,VOLCADURA,URBANA,ALCOHOL EN CONDUCTOR,CONDUCCION BAJO LA INFLUENCIA DEL ALCOHOL,0,0,0,1,22:40:00
-71.4022771,-33.0460355,1353,5,REGION VALPARAISO,5801,QUILPUE,MANCO CAPAC,FREIRE,0,"Manco Capac & Freire, Quilpué, Valparaíso, Chile",-33.0460355,-71.4022771,1,GEOMETRIC_CENTER,2020,1305356,2020/10/17 00:00:00+00,COLISION PERPENDICULAR,COLISION,URBANA,IMPRUDENCIA DEL CONDUCTOR,VIRAJES INDEBIDOS,0,0,0,0,14:30:00
-71.4616204,-33.0441649,1354,5,REGION VALPARAISO,5801,QUILPUE,LOS CARRERA,LOS LUNES,0,"771, - Av. Los Carrera 751, Quilpué, Valparaíso, Chile",-33.0441649,-71.4616204,1,ROOFTOP,2020,1305361,2020/10/17 00:00:00+00,COLISION POR ALCANCE,COLISION,URBANA,IMPRUDENCIA DEL CONDUCTOR,CONDUCCION CAMBIAR SORPRESIVAMENTE PISTA CIRCULACION,0,0,0,0,14:10:00
-71.1538418,-32.8032035,1355,5,REGION VALPARAISO,5503,HIJUELAS,CAMINO ALTERNATIVO RUTA 5 NORTE, ,106,"Ruta 5, Hijuelas, Valparaíso, Chile",-32.8032035,-71.1538418,1,GEOMETRIC_CENTER,2020,1305363,2020/10/17 00:00:00+00,COLISION LATERAL,COLISION,RURAL,ALCOHOL EN CONDUCTOR,CONDUCCION EN ESTADO DE EBRIEDAD,0,1,0,0,14:15:00
-71.5540742,-33.0253571,1356,5,REGION VALPARAISO,5109,VIÑA DEL MAR,QUINTA, ,247,"Quinta 247, Viña del Mar, Valparaíso, Chile",-33.0253571,-71.5540742,1,ROOFTOP,2020,1305402,2020/10/15 00:00:00+00,COLISION POR ALCANCE,COLISION,URBANA,IMPRUDENCIA DEL CONDUCTOR,CONDUCCION NO ATENTO CONDICIONES TRANSITO MOMENTO,0,0,0,0,17:35:00
-71.6074082,-33.6016497,1357,5,REGION VALPARAISO,5601,SAN ANTONIO,INDEPENDENCIA,CURICO,0,"Curicó & Independencia, San Antonio, Valparaíso, Chile",-33.6016497,-71.6074082,1,GEOMETRIC_CENTER,2020,1305434,2020/10/02 00:00:00+00,COLISION POR ALCANCE,COLISION,URBANA,IMPRUDENCIA DEL CONDUCTOR,CONDUCCION SIN MANTENER DISTANCIA RAZONABLE NI PRUDENTE,0,0,0,0,19:24:00
-71.4408752,-33.0482707,1358,5,REGION VALPARAISO,5801,QUILPUE,MUNICIPAL, ,1562,"Quilpué, Valparaíso, Chile",-33.0482707,-71.4408752,1,APPROXIMATE,2020,1305522,2020/10/18 00:00:00+00,CHOQUE POSTERIOR/FRENTE,CHOQUE,URBANA,PERDIDA CONTROL VEHICULO,PERDIDA CONTROL VEHICULO,0,0,0,0,15:25:00
-70.6155606,-32.8313587,1359,5,REGION VALPARAISO,5301,LOS ANDES,LOS VILLARES, ,1479,"Los Villares 1479, Los Andes, Valparaíso, Chile",-32.8313587,-70.6155606,1,RANGE_INTERPOLATED,2020,1305607,2020/10/10 00:00:00+00,CHOQUE,CHOQUE,URBANA,ALCOHOL EN CONDUCTOR,CONDUCCION EN ESTADO DE EBRIEDAD,0,0,0,0,05:30:00
-71.60201,-33.5990385,1360,5,REGION VALPARAISO,5601,SAN ANTONIO,MANUEL MONTT,MAULE,0,"Maule & Manuel Montt Torres, San Antonio, Valparaíso, Chile",-33.5990385,-71.60201,1,GEOMETRIC_CENTER,2020,1305563,2020/10/03 00:00:00+00,CHOQUE FRONTAL,CHOQUE,URBANA,ALCOHOL EN CONDUCTOR,CONDUCCION EN ESTADO DE EBRIEDAD,0,0,0,2,13:00:00
-71.5159177,-32.9951554,1361,5,REGION VALPARAISO,5109,VIÑA DEL MAR,EXTREMADURA, ,55,"Extremadura 55, Viña del Mar, Valparaíso, Chile",-32.9951554,-71.5159177,1,RANGE_INTERPOLATED,2020,1305586,2020/10/16 00:00:00+00,CHOQUE POSTERIOR/FRENTE,CHOQUE,URBANA,IMPRUDENCIA DEL CONDUCTOR,CONDUCCION NO ATENTO CONDICIONES TRANSITO MOMENTO,0,0,0,0,16:45:00
-71.5030141,-33.0107463,1362,5,REGION VALPARAISO,5109,VIÑA DEL MAR,LAS AZUCENAS,CARLOS IBAÑEZ DEL CAMPO,0,"Camino Internacional - Las Azucenas, Viña del Mar, Valparaíso, Chile",-33.0107463,-71.5030141,1,GEOMETRIC_CENTER,2020,1305603,2020/10/15 00:00:00+00,COLISION,COLISION,URBANA,IMPRUDENCIA DEL CONDUCTOR,CONDUCCION NO ATENTO CONDICIONES TRANSITO MOMENTO,0,0,0,0,16:20:00
-109.4291588,-27.1525602,1363,5,REGION VALPARAISO,5201,ISLA DE PASCUA,AVAREIPUA,TUKI HAKA HEVARI,0,"Tuki Haka He Vari & Avareipua, Hanga Roa, Isla de Pascua, Valparaíso, Chile",-27.1525602,-109.4291588,1,GEOMETRIC_CENTER,2020,1305616,2020/10/15 00:00:00+00,COLISION LATERAL,COLISION,URBANA,ALCOHOL EN CONDUCTOR,CONDUCCION EN ESTADO DE EBRIEDAD,0,0,0,0,21:30:00
-71.3784672,-33.0445353,1364,5,REGION VALPARAISO,5804,VILLA ALEMANA,VALPARAISO, ,1055,"Av. Valparaíso 1055, Villa Alemana, Valparaíso, Chile",-33.0445353,-71.3784672,1,ROOFTOP,2020,1305650,2020/10/08 00:00:00+00,CHOQUE FRENTE/POSTERIOR,CHOQUE,URBANA,IMPRUDENCIA DEL CONDUCTOR,CONDUCCION NO ATENTO CONDICIONES TRANSITO MOMENTO,0,0,0,0,14:40:00