X,Y,FID,COD_REG,REGION,CUT,COMUNA,CALLE_UNO,CALLE_DOS,NUMERO,DIR_GEOCOD,LAT,LNG,VAL_COM,TIPO,Año,Idaccident,Fecha,Tipo_Accid,Tipo__CONA,Zona,Causa__CON,Causa,Fallecidos,Graves,Menos_Grav,Leves,Hora
-71.3655414,-33.0450762,1365,5,REGION VALPARAISO,5804,VILLA ALEMANA,ATALAH,IGNACIO CARRERA PINTO,0,"Ignacio Carrera Pinto & Atalah, Villa Alemana, Valparaíso, Chile",-33.0450762,-71.3655414,1,GEOMETRIC_CENTER,2020,1305667,2020/10/17 00:00:00+00,COLISION,COLISION,URBANA,IMPRUDENCIA DEL CONDUCTOR,CONDUCCION NO ATENTO CONDICIONES TRANSITO MOMENTO,0,0,0,0,20:30:00
-71.3851154,-33.0416286,1366,5,REGION VALPARAISO,5804,VILLA ALEMANA,BERLIN,PRINCIPAL,0,"Berlín & Principal, Villa Alemana, Valparaíso, Chile",-33.0416286,-71.3851154,1,GEOMETRIC_CENTER,2020,1305674,2020/10/17 00:00:00+00,COLISION,COLISION,URBANA,IMPRUDENCIA DEL CONDUCTOR,CONDUCCION NO ATENTO CONDICIONES TRANSITO MOMENTO,0,0,0,2,10:00:00
-71.3920766,-33.0462409,1367,5,REGION VALPARAISO,5804,VILLA ALEMANA,VALPARAISO, ,2099,"Av. Valparaíso 2099, Villa Alemana, Valparaíso, Chile",-33.0462409,-71.3920766,1,ROOFTOP,2020,1305681,2020/10/17 00:00:00+00,COLISION,COLISION,URBANA,IMPRUDENCIA DEL CONDUCTOR,CONDUCCION CAMBIAR SORPRESIVAMENTE PISTA CIRCULACION,0,0,0,1,13:45:00
-70.7264409,-32.7445416,1368,5,REGION VALPARAISO,5701,SAN FELIPE,ARTEMON CIFUENTES,NAVARRO,0,"Artemon Cifuentes & Navarro, San Felipe, Valparaíso, Chile",-32.7445416,-70.7264409,1,GEOMETRIC_CENTER,2020,1305738,2020/10/11 00:00:00+00,CHOQUE LATERAL,CHOQUE,URBANA,DESOBEDIENCIA A SEÑALIZACION,SEÑALIZACION DESOBEDECER SEÑAL PARE,0,0,0,1,20:10:00
-71.4468787,-33.0454713,1369,5,REGION VALPARAISO,5801,QUILPUE,CONDELL SUR,MANUEL RODRIGUEZ,0,"Manuel Rodríguez & Condell Sur, Quilpué, Valparaíso, Chile",-33.0454713,-71.4468787,1,GEOMETRIC_CENTER,2020,1305750,2020/10/19 00:00:00+00,COLISION PERPENDICULAR,COLISION,URBANA,DESOBEDIENCIA A SEÑALIZACION,SEÑALIZACION DESOBEDECER SEÑAL PARE,0,0,0,0,18:15:00
-71.4685867,-33.0536961,1370,5,REGION VALPARAISO,5801,QUILPUE,FRODDEN, ,1569,"Frodden 1569, Quilpué, Valparaíso, Chile",-33.0536961,-71.4685867,1,RANGE_INTERPOLATED,2020,1305753,2020/10/19 00:00:00+00,CHOQUE FRONTAL,CHOQUE,URBANA,ALCOHOL EN CONDUCTOR,CONDUCCION EN ESTADO DE EBRIEDAD,0,0,0,1,02:50:00
-70.7259446,-32.7511594,1371,5,REGION VALPARAISO,5701,SAN FELIPE,MERCED,SALINAS,0,"Salinas & Merced, San Felipe, Valparaíso, Chile",-32.7511594,-70.7259446,1,GEOMETRIC_CENTER,2020,1305754,2020/10/11 00:00:00+00,COLISION,COLISION,URBANA,DESOBEDIENCIA A SEÑALIZACION,SEÑALIZACION DESOBEDECER LUZ ROJA DE SEMAFORO,0,0,0,1,15:40:00
-70.7260697,-32.7474648,1372,5,REGION VALPARAISO,5701,SAN FELIPE,TRASLAVIÑA,CARLOS CONDELL,0,"Carlos Condell & Traslaviña, San Felipe, Valparaíso, Chile",-32.7474648,-70.7260697,1,GEOMETRIC_CENTER,2020,1305759,2020/10/13 00:00:00+00,COLISION,COLISION,URBANA,DESOBEDIENCIA A SEÑALIZACION,SEÑALIZACION DESOBEDECER SEÑAL PARE,0,0,0,1,09:00:00
-71.5973164,-33.0529562,1373,5,REGION VALPARAISO,5101,VALPARAISO,WASHINGTON,PIEDAR AZUL,0,"Piedra Azul & George Washington, Valparaíso, Chile",-33.0529562,-71.5973164,1,GEOMETRIC_CENTER,2020,1305774,2020/10/11 00:00:00+00,COLISION LATERAL,COLISION,URBANA,IMPRUDENCIA DEL CONDUCTOR,ADELANTAMIENTO SOBREPASANDO LINEA CONTINUA,0,0,0,0,21:45:00
-71.5901723,-33.0398466,1374,5,REGION VALPARAISO,5101,VALPARAISO,MATTA,NEW YORK,0,"Conquista 677, Valparaíso, Chile",-33.0398466,-71.5901723,1,ROOFTOP,2020,1305781,2020/10/11 00:00:00+00,CHOQUE,CHOQUE,URBANA,ALCOHOL EN CONDUCTOR,CONDUCCION EN ESTADO DE EBRIEDAD,0,0,0,0,20:10:00
-70.68859,-32.83299,1375,5,REGION VALPARAISO,5303,RINCONADA,CARRETERA SAN MARTIN,LOS CAMPOS,0,"2140000, Carretera San Martin 253 Rinconada de Los Andes, Rinconada, Valparaíso, Chile",-32.83299,-70.68859,1,GEOMETRIC_CENTER,2020,1305877,2020/10/14 00:00:00+00,COLISION,COLISION,URBANA,DESOBEDIENCIA A SEÑALIZACION,SEÑALIZACION DESOBEDECER LUZ ROJA DE SEMAFORO,0,0,0,8,18:50:00
-71.5388772,-32.9488044,1376,5,REGION VALPARAISO,5103,CONCON,LOS PELLINES,FRANCISCO SOUZA COUSIÑO,0,"Los Pellines & Francisco Soza Cousiño, Concón, Valparaíso, Chile",-32.9488044,-71.5388772,1,GEOMETRIC_CENTER,2020,1305878,2020/10/16 00:00:00+00,COLISION LATERAL,COLISION,URBANA,DESOBEDIENCIA A SEÑALIZACION,SEÑALIZACION DESOBEDECER SEÑAL CEDA EL PASO,0,0,0,3,13:10:00
-71.5303936,-32.7842182,1377,5,REGION VALPARAISO,5107,QUINTERO,LUIS COUSIÑO, ,1840,"Luis Cousiño 1840, Quintero, Valparaíso, Chile",-32.7842182,-71.5303936,1,ROOFTOP,2020,1305882,2020/10/14 00:00:00+00,CHOQUE FRENTE/POSTERIOR,CHOQUE,URBANA,PERDIDA CONTROL VEHICULO,PERDIDA CONTROL VEHICULO,0,0,0,1,09:50:00
-71.1904855,-32.7881665,1378,5,REGION VALPARAISO,5502,CALERA,ARTURO PRAT, ,689,"Arturo Prat 689, La Calera, Calera, Valparaíso, Chile",-32.7881665,-71.1904855,1,ROOFTOP,2020,1305900,2020/10/19 00:00:00+00,CHOQUE FRENTE/POSTERIOR,CHOQUE,URBANA,IMPRUDENCIA DEL CONDUCTOR,CONDUCCION SIN MANTENER DISTANCIA RAZONABLE NI PRUDENTE,0,0,0,0,12:00:00
-70.716473,-32.7541221,1379,5,REGION VALPARAISO,5701,SAN FELIPE,EL MOLINO, ,1,"El Molino, San Felipe, Valparaíso, Chile",-32.7541221,-70.716473,1,GEOMETRIC_CENTER,2020,1305978,2020/10/16 00:00:00+00,CHOQUE,CHOQUE,RURAL,IMPRUDENCIA DEL CONDUCTOR,CONDUCCION NO ATENTO CONDICIONES TRANSITO MOMENTO,0,0,0,0,16:20:00
-71.4420169,-33.0469269,1380,5,REGION VALPARAISO,5801,QUILPUE,DIEGO PORTALES,CLAUDIO VICUÑA,0,"Claudio Vicuña & Diego Portales, Quilpué, Valparaíso, Chile",-33.0469269,-71.4420169,1,GEOMETRIC_CENTER,2020,1306098,2020/10/21 00:00:00+00,CHOQUE POSTERIOR/FRENTE,CHOQUE,URBANA,IMPRUDENCIA DEL CONDUCTOR,CONDUCCION SIN MANTENER DISTANCIA RAZONABLE NI PRUDENTE,0,0,0,0,21:35:00
-71.6966486,-33.4164314,1381,5,REGION VALPARAISO,5604,EL QUISCO,ISIDORO DUBOURNAIS, ,1931,"Av. Isidoro Dubournais 1931, El Quisco, Valparaíso, Chile",-33.4164314,-71.6966486,1,ROOFTOP,2020,1306132,2020/10/08 00:00:00+00,COLISION POR ALCANCE,COLISION,URBANA,IMPRUDENCIA DEL CONDUCTOR,CONDUCCION NO ATENTO CONDICIONES TRANSITO MOMENTO,0,0,0,0,08:35:00
-71.2762618,-32.9833806,1382,5,REGION VALPARAISO,5802,LIMACHE,CONDELL,PRAT,0,"Condell & Arturo Prat, Limache, Valparaíso, Chile",-32.9833806,-71.2762618,1,GEOMETRIC_CENTER,2020,1306164,2020/10/21 00:00:00+00,ATROPELLO,ATROPELLO,URBANA,IMPRUDENCIA DEL CONDUCTOR,CONDUCCION NO ATENTO CONDICIONES TRANSITO MOMENTO,0,0,0,1,13:00:00
-70.7313517,-32.7534129,1383,5,REGION VALPARAISO,5701,SAN FELIPE,BERNARDO OHIGGINS,MAIPU,0,"Maipú & Avenida Libertador Bernardo OHiggins, San Felipe, Valparaíso, Chile",-32.7534129,-70.7313517,1,GEOMETRIC_CENTER,2020,1306166,2020/10/17 00:00:00+00,CHOQUE POSTERIOR,CHOQUE,URBANA,IMPRUDENCIA DEL CONDUCTOR,CONDUCCION SIN MANTENER DISTANCIA RAZONABLE NI PRUDENTE,0,0,0,0,15:00:00
-70.7292792,-32.7478897,1384,5,REGION VALPARAISO,5701,SAN FELIPE,MAIPU,SANTO DOMINGO,0,"Santo Domingo & Maipú, San Felipe, Valparaíso, Chile",-32.7478897,-70.7292792,1,GEOMETRIC_CENTER,2020,1306177,2020/10/17 00:00:00+00,COLISION,COLISION,URBANA,IMPRUDENCIA DEL CONDUCTOR,CONDUCCION NO ATENTO CONDICIONES TRANSITO MOMENTO,0,0,0,1,22:35:00
-70.5944389,-32.8263456,1385,5,REGION VALPARAISO,5301,LOS ANDES,HERMANOS CLARK,EL MIRADOR,0,"El Mirador & Hermanos Clark, Los Andes, Valparaíso, Chile",-32.8263456,-70.5944389,1,GEOMETRIC_CENTER,2020,1306181,2020/10/15 00:00:00+00,CHOQUE FRENTE/POSTERIOR,CHOQUE,URBANA,IMPRUDENCIA DEL CONDUCTOR,CONDUCCION NO ATENTO CONDICIONES TRANSITO MOMENTO,0,0,0,0,19:30:00
-70.6258689,-32.8547302,1386,5,REGION VALPARAISO,5302,CALLE LARGA,LA PAMPILLA,CALLE LARGA,0,"Calle Larga & La Pampilla, Calle Larga, Valparaíso, Chile",-32.8547302,-70.6258689,1,GEOMETRIC_CENTER,2020,1306186,2020/10/15 00:00:00+00,CHOQUE FRENTE/POSTERIOR,CHOQUE,URBANA,IMPRUDENCIA DEL CONDUCTOR,CONDUCCION NO ATENTO CONDICIONES TRANSITO MOMENTO,0,0,0,0,12:30:00
-71.600215,-33.037713,1387,5,REGION VALPARAISO,5101,VALPARAISO,ESPAÑA,SERVICENTRO SHELL,0,"Av. España s/n° esq, Valparaíso, Chile",-33.037713,-71.600215,1,GEOMETRIC_CENTER,2020,1306207,2020/10/09 00:00:00+00,CHOQUE LATERAL,CHOQUE,URBANA,PERDIDA CONTROL VEHICULO,PERDIDA CONTROL VEHICULO,0,0,0,2,15:00:00
-71.575637,-33.1171104,1388,5,REGION VALPARAISO,5101,VALPARAISO,CARD SAMORE,MAURICIO RUGENDAS,0,"Av. Cardenal Samore - Mauricio Rugenda, Placilla, Valparaíso, Chile",-33.1171104,-71.575637,1,GEOMETRIC_CENTER,2020,1306217,2020/10/08 00:00:00+00,COLISION POR ALCANCE,COLISION,URBANA,IMPRUDENCIA DEL CONDUCTOR,CONDUCCION SIN MANTENER DISTANCIA RAZONABLE NI PRUDENTE,0,0,0,1,17:45:00
-71.5333,-32.7723101,1389,5,REGION VALPARAISO,5107,QUINTERO,CAMINO VIEJO SAN PEDRO, ,1840,"Quintero, Valparaíso, Chile",-32.7723101,-71.5333,1,APPROXIMATE,2020,1306272,2020/10/17 00:00:00+00,VOLCADURA,VOLCADURA,URBANA,DROGAS Y/O FATIGA EN CONDUCTOR,CONDUCCION BAJO INFLUENCIA DE DROGAS O ESTUPEFACIENTES,0,0,2,1,00:45:00
-70.6780164,-32.8923147,1390,5,REGION VALPARAISO,5303,RINCONADA,ALBORADA,CARRETERA SAN MARTIN,0,"Carr. Gral. San Martín, Rinconada, Valparaíso, Chile",-32.8923147,-70.6780164,1,GEOMETRIC_CENTER,2020,1306427,2020/10/15 00:00:00+00,CHOQUE FRENTE/POSTERIOR,CHOQUE,URBANA,IMPRUDENCIA DEL CONDUCTOR,CONDUCCION SIN MANTENER DISTANCIA RAZONABLE NI PRUDENTE,0,0,0,0,15:00:00
-70.6042315,-32.8359408,1391,5,REGION VALPARAISO,5301,LOS ANDES,SANTA TERESA, ,680,"Sta. Teresa 680, Los Andes, Valparaíso, Chile",-32.8359408,-70.6042315,1,ROOFTOP,2020,1306428,2020/10/10 00:00:00+00,COLISION LATERAL,COLISION,URBANA,IMPRUDENCIA DEL CONDUCTOR,CONDUCCION NO ATENTO CONDICIONES TRANSITO MOMENTO,0,0,0,0,12:00:00
-70.6016982,-32.8402238,1392,5,REGION VALPARAISO,5301,LOS ANDES,ARGENTINA, ,315,"República Argentina 315, Los Andes, Valparaíso, Chile",-32.8402238,-70.6016982,1,RANGE_INTERPOLATED,2020,1306433,2020/10/18 00:00:00+00,CHOQUE LATERAL,CHOQUE,URBANA,PERDIDA CONTROL VEHICULO,PERDIDA CONTROL VEHICULO,0,0,0,1,16:00:00
-70.6923799,-32.850177,1393,5,REGION VALPARAISO,5303,RINCONADA,CASUTO, ,20,"Casuto 20, Rinconada, Valparaíso, Chile",-32.850177,-70.6923799,1,RANGE_INTERPOLATED,2020,1306435,2020/10/18 00:00:00+00,CHOQUE FRENTE/FRENTE,CHOQUE,URBANA,IMPRUDENCIA DEL CONDUCTOR,CONDUCCION NO ATENTO CONDICIONES TRANSITO MOMENTO,0,0,0,0,21:00:00
-71.6949897,-33.4104939,1394,5,REGION VALPARAISO,5604,EL QUISCO,ISIDORO DUBOURNAIS, ,1443,"Av. Isidoro Dubournais 1443, El Quisco, Valparaíso, Chile",-33.4104939,-71.6949897,1,ROOFTOP,2020,1306613,2020/10/18 00:00:00+00,CHOQUE FRONTAL,CHOQUE,URBANA,PERDIDA CONTROL VEHICULO,PERDIDA CONTROL VEHICULO,0,0,0,0,20:50:00
-70.7238968,-32.7491933,1395,5,REGION VALPARAISO,5701,SAN FELIPE,SAN MARTIN,TORO MAZOTTE,0,"Sto Domingo 194, San Felipe, Valparaíso, Chile",-32.7491933,-70.7238968,1,ROOFTOP,2020,1306623,2020/10/19 00:00:00+00,COLISION FRONTAL,COLISION,URBANA,DESOBEDIENCIA A SEÑALIZACION,SEÑALIZACION DESOBEDECER SEÑAL PARE,0,0,0,1,18:00:00
-70.5948808,-32.8341066,1396,5,REGION VALPARAISO,5301,LOS ANDES,ESMERALDA,RANCAGUA,0,"Esmeralda & Rancagua, Los Andes, Valparaíso, Chile",-32.8341066,-70.5948808,1,GEOMETRIC_CENTER,2020,1306626,2020/09/30 00:00:00+00,COLISION LATERAL,COLISION,URBANA,DESOBEDIENCIA A SEÑALIZACION,SEÑALIZACION DESOBEDECER SEÑAL PARE,0,0,0,0,20:50:00
-70.6517202,-32.8055685,1397,5,REGION VALPARAISO,5701,SAN FELIPE,SAN RAFAEL, ,0,"San Rafael 789 San Felipe, Valparaíso, San Felipe, Valparaíso, Chile",-32.8055685,-70.6517202,1,GEOMETRIC_CENTER,2020,1306630,2020/10/19 00:00:00+00,COLISION POR ALCANCE,COLISION,RURAL,IMPRUDENCIA DEL CONDUCTOR,CONDUCCION NO ATENTO CONDICIONES TRANSITO MOMENTO,0,0,0,1,16:20:00
-71.6206616,-33.4860918,1398,5,REGION VALPARAISO,5605,EL TABO,G-98-F,LAGUNA EL PERAL,0,"G-98-F, El Tabo, Valparaíso, Chile",-33.4860918,-71.6206616,1,GEOMETRIC_CENTER,2020,1306635,2020/10/25 00:00:00+00,CHOQUE,CHOQUE,URBANA,PERDIDA CONTROL VEHICULO,PERDIDA CONTROL VEHICULO,0,0,0,0,07:45:00
-70.9626489,-32.7781693,1399,5,REGION VALPARAISO,5702,CATEMU,TRONCAL ARRAYAN, ,0,"Catemu, Valparaíso, Chile",-32.7781693,-70.9626489,1,APPROXIMATE,2020,1306638,2020/10/20 00:00:00+00,COLISION,COLISION,RURAL,IMPRUDENCIA DEL CONDUCTOR,CONDUCCION NO ATENTO CONDICIONES TRANSITO MOMENTO,0,0,0,0,05:00:00
-70.7031063,-32.7564645,1400,5,REGION VALPARAISO,5701,SAN FELIPE,CHARCAN TAPIA,TOCORNAL,0,"Tocornal & Charcan Tapia, San Felipe, Valparaíso, Chile",-32.7564645,-70.7031063,1,GEOMETRIC_CENTER,2020,1306645,2020/10/21 00:00:00+00,COLISION,COLISION,URBANA,IMPRUDENCIA DEL CONDUCTOR,CONDUCCION NO ATENTO CONDICIONES TRANSITO MOMENTO,0,0,0,0,16:15:00
-71.4080258,-33.046632,1401,5,REGION VALPARAISO,5801,QUILPUE,FREIRE,PEU,0,"Freire - Peru, Quilpué, Valparaíso, Chile",-33.046632,-71.4080258,1,GEOMETRIC_CENTER,2020,1306661,2020/10/24 00:00:00+00,COLISION LATERAL,COLISION,URBANA,IMPRUDENCIA DEL CONDUCTOR,CONDUCCION CAMBIAR SORPRESIVAMENTE PISTA CIRCULACION,0,0,0,0,11:00:00
-71.408851,-33.0578048,1402,5,REGION VALPARAISO,5801,QUILPUE,TIERRAS ROJAS,EL ALBA,0,"El Alba & Tierras Rojas, Quilpué, Valparaíso, Chile",-33.0578048,-71.408851,1,GEOMETRIC_CENTER,2020,1306663,2020/10/24 00:00:00+00,CHOQUE FRONTAL,CHOQUE,URBANA,ALCOHOL EN CONDUCTOR,CONDUCCION BAJO LA INFLUENCIA DEL ALCOHOL,0,0,0,0,19:20:00
-71.398891,-33.0523042,1403,5,REGION VALPARAISO,5801,QUILPUE,SANTA ANA,INES DE SUAREZ,0,"Ojos De Agua - Santa Ana, Villa Alemana, Quilpué, Valparaíso, Chile",-33.0523042,-71.398891,1,GEOMETRIC_CENTER,2020,1306665,2020/10/24 00:00:00+00,COLISION FRONTAL,COLISION,URBANA,IMPRUDENCIA DEL CONDUCTOR,CONDUCCION SIN MANTENER DISTANCIA RAZONABLE NI PRUDENTE,0,0,0,2,23:00:00
-71.4216948,-33.0761861,1404,5,REGION VALPARAISO,5801,QUILPUE,LA INVERNADA,PORTILLO ALTO,0,"Calle Portillo Alto & La invernada, Quilpué, Valparaíso, Chile",-33.0761861,-71.4216948,1,GEOMETRIC_CENTER,2020,1306679,2020/10/25 00:00:00+00,CHOQUE FRONTAL,CHOQUE,URBANA,PERDIDA CONTROL VEHICULO,PERDIDA CONTROL VEHICULO,0,0,0,0,17:55:00
-70.7284879,-32.7544331,1405,5,REGION VALPARAISO,5701,SAN FELIPE,BERNARDO OHIGGINS,RIQUELME,0,"Riquelme & Avenida Libertador Bernardo OHiggins, San Felipe, Valparaíso, Chile",-32.7544331,-70.7284879,1,GEOMETRIC_CENTER,2020,1306890,2020/10/22 00:00:00+00,COLISION,COLISION,URBANA,IMPRUDENCIA DEL CONDUCTOR,CONDUCCION SIN MANTENER DISTANCIA RAZONABLE NI PRUDENTE,0,0,0,3,08:10:00
-71.4093665,-33.0475533,1406,5,REGION VALPARAISO,5801,QUILPUE,JOSE FUENTES,QUINTO CENTENARIO,0,"José Fuentes & V Centenario, Quilpué, Valparaíso, Chile",-33.0475533,-71.4093665,1,GEOMETRIC_CENTER,2020,1306896,2020/10/21 00:00:00+00,CHOQUE POSTERIOR/FRENTE,CHOQUE,URBANA,IMPRUDENCIA DEL CONDUCTOR,CONDUCIR VEHICULO EN RETROCESO,0,0,0,0,10:00:00
-71.1113618,-32.847814,1407,5,REGION VALPARAISO,5503,HIJUELAS,VILLA PRAT,PRINCIPAL,0,"Plaza Villa Prat, Hijuelas, Valparaíso, Chile",-32.847814,-71.1113618,1,GEOMETRIC_CENTER,2020,1306906,2020/10/25 00:00:00+00,COLISION LATERAL,COLISION,URBANA,IMPRUDENCIA DEL CONDUCTOR,NO RESPETAR DERECHO PREFERENTE DE PASO A VEHICULO,0,0,0,1,11:30:00
-71.5904359,-33.0326792,1408,5,REGION VALPARAISO,5101,VALPARAISO,ESPAÑA,CALETA PORTALES,0,"Acceso A Caleta Portales & Avenida España, Valparaíso, Chile",-33.0326792,-71.5904359,1,GEOMETRIC_CENTER,2020,1306923,2020/10/08 00:00:00+00,COLISION POR ALCANCE,COLISION,URBANA,IMPRUDENCIA DEL CONDUCTOR,CONDUCCION SIN MANTENER DISTANCIA RAZONABLE NI PRUDENTE,0,0,0,1,13:50:00
-71.5085017,-32.9207654,1409,5,REGION VALPARAISO,5103,CONCON,BORGOÑO,SAN AGUSTIN,0,"Av. Borgoño 25550, Viña del Mar, Concón, Valparaíso, Chile",-32.9207654,-71.5085017,1,ROOFTOP,2020,1307027,2020/10/23 00:00:00+00,CHOQUE POSTERIOR,CHOQUE,URBANA,IMPRUDENCIA DEL CONDUCTOR,CONDUCCION NO ATENTO CONDICIONES TRANSITO MOMENTO,0,0,1,0,22:00:00
-71.3746738,-33.0420652,1410,5,REGION VALPARAISO,5804,VILLA ALEMANA,BERLIN,RIQUELME,0,"Berlín 796, Villa Alemana, Valparaíso, Chile",-33.0420652,-71.3746738,1,ROOFTOP,2020,1307240,2020/10/20 00:00:00+00,COLISION LATERAL,COLISION,URBANA,DESOBEDIENCIA A SEÑALIZACION,SEÑALIZACION DESOBEDECER LUZ ROJA DE SEMAFORO,0,0,0,0,14:40:00
-71.6159316,-33.5764106,1411,5,REGION VALPARAISO,5601,SAN ANTONIO,MANUEL BULNES,ROSALES,0,"Enrique Rosales & Manuel Bulnes, San Antonio, Valparaíso, Chile",-33.5764106,-71.6159316,1,GEOMETRIC_CENTER,2020,1307081,2020/10/10 00:00:00+00,CHOQUE FRENTE/POSTERIOR,CHOQUE,URBANA,IMPRUDENCIA DEL CONDUCTOR,CONDUCCION SIN MANTENER DISTANCIA RAZONABLE NI PRUDENTE,0,0,0,0,18:45:00
-71.5151495,-33.0356187,1412,5,REGION VALPARAISO,5109,VIÑA DEL MAR,ISLA MELINKA, ,270,"Isla Melinka 270, Viña del Mar, Valparaíso, Chile",-33.0356187,-71.5151495,1,RANGE_INTERPOLATED,2020,1307107,2020/10/23 00:00:00+00,CHOQUE FRONTAL,CHOQUE,URBANA,ALCOHOL EN CONDUCTOR,CONDUCCION BAJO LA INFLUENCIA DEL ALCOHOL,0,0,0,0,00:30:00
-71.5451824,-32.9489496,1413,5,REGION VALPARAISO,5109,VIÑA DEL MAR,EDMUNDO ELUCHANS,FRANCISCO SOSA COUSIÑO,0,"Francisco Soza Cousiño & Av Edmundo Eluchans, Viña del Mar, Valparaíso, Chile",-32.9489496,-71.5451824,1,GEOMETRIC_CENTER,2020,1307109,2020/10/22 00:00:00+00,COLISION,COLISION,URBANA,PERDIDA CONTROL VEHICULO,PERDIDA CONTROL VEHICULO,0,0,0,2,09:30:00
-71.5432485,-32.9718432,1414,5,REGION VALPARAISO,5109,VIÑA DEL MAR,ANGAMOS, ,152,"Av. Angamos 152, Viña del Mar, Valparaíso, Chile",-32.9718432,-71.5432485,1,ROOFTOP,2020,1307116,2020/10/26 00:00:00+00,COLISION,COLISION,URBANA,PERDIDA CONTROL VEHICULO,PERDIDA CONTROL VEHICULO,0,0,0,0,13:30:00
-70.6039991,-32.8359742,1415,5,REGION VALPARAISO,5301,LOS ANDES,SANTA TERESA, ,683,"Sta. Teresa 683, Los Andes, Valparaíso, Chile",-32.8359742,-70.6039991,1,ROOFTOP,2020,1275191,2020/03/26 00:00:00+00,CHOQUE FRENTE/LADO,CHOQUE,URBANA,IMPRUDENCIA DEL CONDUCTOR,CONDUCCION NO ATENTO CONDICIONES TRANSITO MOMENTO,0,0,0,0,12:50:00
-71.6376303,-33.4950469,1416,5,REGION VALPARAISO,5605,EL TABO,LAS SALINAS,PLAYA LAS SALINAS,0,"Playa Las Salinas, Las Cruces - Av. Las Salinas 1375, Las Cruces, El Tabo, Valparaíso, Chile",-33.4950469,-71.6376303,1,APPROXIMATE,2020,1313095,2020/11/17 00:00:00+00,COLISION,COLISION,URBANA,IMPRUDENCIA DEL CONDUCTOR,CONDUCCION NO ATENTO CONDICIONES TRANSITO MOMENTO,0,0,0,0,12:32:00
-71.6122725,-33.5760286,1417,5,REGION VALPARAISO,5601,SAN ANTONIO,PABLO NERUDA,ANGAMOS,0,"Camilo Henríquez 230, San Antonio, Valparaíso, Chile",-33.5760286,-71.6122725,1,ROOFTOP,2020,1307219,2020/10/08 00:00:00+00,COLISION,COLISION,URBANA,IMPRUDENCIA DEL CONDUCTOR,CONDUCCION SIN MANTENER DISTANCIA RAZONABLE NI PRUDENTE,0,0,0,0,11:20:00
-71.374225,-33.053029,1418,5,REGION VALPARAISO,5804,VILLA ALEMANA,MATURANA, ,892,"Maturana 892, Villa Alemana, Valparaíso, Chile",-33.053029,-71.374225,1,ROOFTOP,2020,1307237,2020/10/19 00:00:00+00,CHOQUE FRENTE/POSTERIOR,CHOQUE,URBANA,IMPRUDENCIA DEL CONDUCTOR,ADELANTAMIENTO SIN EL ESPACIO O TIEMPO SUFICIENTE,0,0,0,0,20:00:00
-71.5486345,-33.0230149,1419,5,REGION VALPARAISO,5109,VIÑA DEL MAR,UNO NORTE,QUILLOTA,0,"Quillota & 1 Norte, Viña del Mar, Valparaíso, Chile",-33.0230149,-71.5486345,1,GEOMETRIC_CENTER,2020,1307244,2020/10/25 00:00:00+00,COLISION LATERAL,COLISION,URBANA,DESOBEDIENCIA A SEÑALIZACION,SEÑALIZACION DESOBEDECER LUZ ROJA DE SEMAFORO,0,0,0,0,19:45:00
-71.5575147,-33.0190424,1420,5,REGION VALPARAISO,5109,VIÑA DEL MAR,TRES NORTE,SAN MARTIN,0,"Viña del Mar, Valparaíso, Chile",-33.0190424,-71.5575147,1,GEOMETRIC_CENTER,2020,1307249,2020/10/27 00:00:00+00,COLISION POR ALCANCE,COLISION,URBANA,IMPRUDENCIA DEL CONDUCTOR,CONDUCCION NO ATENTO CONDICIONES TRANSITO MOMENTO,0,0,0,0,12:07:00
-71.5509115,-33.0075131,1421,5,REGION VALPARAISO,5109,VIÑA DEL MAR,BENIDORM,SAN MARTIN,0,"San Martín & Avenida Benidorm, Viña del Mar, Valparaíso, Chile",-33.0075131,-71.5509115,1,GEOMETRIC_CENTER,2020,1307250,2020/10/27 00:00:00+00,COLISION POR ALCANCE,COLISION,URBANA,IMPRUDENCIA DEL CONDUCTOR,CONDUCCION NO ATENTO CONDICIONES TRANSITO MOMENTO,0,0,0,0,22:50:00
-71.5636301,-33.1324024,1422,5,REGION VALPARAISO,5101,VALPARAISO,LOMAS DE LA LUZ, ,4650,"Av. Lomas de la Luz 4650, Placilla, Valparaíso, Chile",-33.1324024,-71.5636301,1,ROOFTOP,2020,1307255,2020/10/14 00:00:00+00,COLISION POR ALCANCE,COLISION,URBANA,IMPRUDENCIA DEL CONDUCTOR,ADELANTAMIENTO SOBREPASANDO LINEA CONTINUA,0,0,0,0,15:30:00