X,Y,FID,COD_REG,REGION,CUT,COMUNA,CALLE_UNO,CALLE_DOS,NUMERO,DIR_GEOCOD,LAT,LNG,VAL_COM,TIPO,Año,Idaccident,Fecha,Tipo_Accid,Tipo__CONA,Zona,Causa__CON,Causa,Fallecidos,Graves,Menos_Grav,Leves,Hora
-71.1980974,-32.783382,1423,5,REGION VALPARAISO,5502,CALERA,BAQUEDANO,ESMERALDA,0,"General Baquedano & Esmeralda, La Calera, Calera, Valparaíso, Chile",-32.783382,-71.1980974,1,GEOMETRIC_CENTER,2020,1307259,2020/10/27 00:00:00+00,COLISION LATERAL,COLISION,URBANA,IMPRUDENCIA DEL CONDUCTOR,NO RESPETAR DERECHO PREFERENTE DE PASO A PEATON,0,0,1,0,15:20:00
-71.6392198,-33.023637,1424,5,REGION VALPARAISO,5101,VALPARAISO,ALC BARRIOS,GALVARINO,0,"Parque Alejo Barrios - Acceso A Estadio 837, Valparaíso, Chile",-33.023637,-71.6392198,1,ROOFTOP,2020,1307675,2020/10/06 00:00:00+00,COLISION LATERAL,COLISION,URBANA,VELOCIDAD IMPRUDENTE,"VELOCIDAD NO REDUCIR CRUCE DE CALLES, CUMBRE, CURVA, ETC.",0,0,0,0,19:20:00
-71.1898364,-32.4739764,1425,5,REGION VALPARAISO,5401,LA LIGUA,EL CARMEN,LOS TILOS,0,"El Carmen, La Ligua, Valparaíso, Chile",-32.4739764,-71.1898364,1,APPROXIMATE,2020,1307416,2020/10/21 00:00:00+00,COLISION,COLISION,RURAL,IMPRUDENCIA DEL CONDUCTOR,CONDUCCION NO ATENTO CONDICIONES TRANSITO MOMENTO,0,1,0,1,07:50:00
-71.4097743,-33.3093178,1426,5,REGION VALPARAISO,5102,CASABLANCA,DR VILDOSOLA,GABRIELA MISTRAL,0,"Doctor Carlos Vildósola & Gabriela Mistral, Casablanca, Valparaíso, Chile",-33.3093178,-71.4097743,1,GEOMETRIC_CENTER,2020,1307485,2020/10/27 00:00:00+00,ATROPELLO,ATROPELLO,URBANA,IMPRUDENCIA DEL PEATON,IMPRUDENCIA DEL PEATON,0,0,0,1,13:15:00
-71.6267347,-33.0433898,1427,5,REGION VALPARAISO,5101,VALPARAISO,ALMTE MONTT, ,166,"Almte. Montt 166, Valparaíso, Chile",-33.0433898,-71.6267347,1,RANGE_INTERPOLATED,2020,1307515,2020/10/04 00:00:00+00,CHOQUE FRENTE/POSTERIOR,CHOQUE,URBANA,IMPRUDENCIA DEL CONDUCTOR,CONDUCIR VEHICULO EN RETROCESO,0,0,0,0,14:10:00
-71.6138992,-33.0495154,1428,5,REGION VALPARAISO,5101,VALPARAISO,COLON,GRAL CRUZ,0,"Gral. Cruz & Av. Colón, Valparaíso, Chile",-33.0495154,-71.6138992,1,GEOMETRIC_CENTER,2020,1307517,2020/10/08 00:00:00+00,ATROPELLO,ATROPELLO,URBANA,IMPRUDENCIA DEL CONDUCTOR,NO RESPETAR DERECHO PREFERENTE DE PASO A PEATON,0,0,0,1,08:00:00
-71.6218089,-33.0436266,1429,5,REGION VALPARAISO,5101,VALPARAISO,PUDETO,BLANCO,0,"Pudeto & Blanco, Valparaíso, Chile",-33.0436266,-71.6218089,1,GEOMETRIC_CENTER,2020,1307523,2020/10/11 00:00:00+00,COLISION,COLISION,URBANA,DESOBEDIENCIA A SEÑALIZACION,SEÑALIZACION DESOBEDECER SEÑAL CEDA EL PASO,0,0,0,1,10:00:00
-71.6127612,-33.0472909,1430,5,REGION VALPARAISO,5101,VALPARAISO,PEDRO MONTT,FRANCIA,0,"Av. Francia & Pedro Montt, Valparaíso, Chile",-33.0472909,-71.6127612,1,GEOMETRIC_CENTER,2020,1307524,2020/10/20 00:00:00+00,COLISION,COLISION,URBANA,IMPRUDENCIA DEL CONDUCTOR,NO RESPETAR DERECHO PREFERENTE DE PASO A VEHICULO,0,1,0,0,15:25:00
-71.6161521,-33.0470077,1431,5,REGION VALPARAISO,5101,VALPARAISO,RODRIGUEZ,PEDRO MONTT,0,"Rodríguez & Pedro Montt, Valparaíso, Chile",-33.0470077,-71.6161521,1,GEOMETRIC_CENTER,2020,1307526,2020/10/21 00:00:00+00,COLISION,COLISION,URBANA,IMPRUDENCIA DEL CONDUCTOR,CONDUCCION NO ATENTO CONDICIONES TRANSITO MOMENTO,0,0,0,0,13:40:00
-71.609165,-33.0496879,1432,5,REGION VALPARAISO,5101,VALPARAISO,INDEPENDENCIA,MORRIS,0,"Independencia & Morris, Valparaíso, Chile",-33.0496879,-71.609165,1,GEOMETRIC_CENTER,2020,1307534,2020/10/22 00:00:00+00,COLISION,COLISION,URBANA,IMPRUDENCIA DEL CONDUCTOR,NO RESPETAR DERECHO PREFERENTE DE PASO A VEHICULO,0,0,0,1,13:50:00
-71.6124055,-33.0456952,1433,5,REGION VALPARAISO,5101,VALPARAISO,YUNGAY,FRANCIA,0,"Yungay - Francia, Valparaíso, Chile",-33.0456952,-71.6124055,1,GEOMETRIC_CENTER,2020,1307537,2020/10/22 00:00:00+00,COLISION,COLISION,URBANA,DESOBEDIENCIA A SEÑALIZACION,SEÑALIZACION DESOBEDECER LUZ ROJA DE SEMAFORO,0,0,0,0,19:50:00
-71.6133951,-33.0472175,1434,5,REGION VALPARAISO,5101,VALPARAISO,PEDRO MONTT,GRAL CRUZ,0,"Gral. Cruz & Pedro Montt, Valparaíso, Chile",-33.0472175,-71.6133951,1,GEOMETRIC_CENTER,2020,1307538,2020/10/25 00:00:00+00,ATROPELLO,ATROPELLO,URBANA,IMPRUDENCIA DEL PEATON,PEATON CRUZA CALZADA FUERA PASO PEATONES,0,0,0,1,15:45:00
-71.6072344,-33.0501545,1435,5,REGION VALPARAISO,5101,VALPARAISO,INDEPENDENCIA,RETAMO,0,"Retamo & Independencia, Valparaíso, Chile",-33.0501545,-71.6072344,1,GEOMETRIC_CENTER,2020,1307541,2020/10/28 00:00:00+00,CHOQUE FRONTAL,CHOQUE,URBANA,PERDIDA CONTROL VEHICULO,PERDIDA CONTROL VEHICULO,0,0,0,1,02:20:00
-71.4053962,-32.7108043,1436,5,REGION VALPARAISO,5105,PUCHUNCAVI,DEL MAR, ,3600,"F-30-E, Puchuncavi, Puchuncaví, Valparaíso, Chile",-32.7108043,-71.4053962,1,GEOMETRIC_CENTER,2020,1307635,2020/10/26 00:00:00+00,CHOQUE FRONTAL,CHOQUE,URBANA,IMPRUDENCIA DEL CONDUCTOR,CONDUCCION CAMBIAR SORPRESIVAMENTE PISTA CIRCULACION,0,0,0,0,00:50:00
-71.6370359,-33.0338127,1437,5,REGION VALPARAISO,5101,VALPARAISO,PAULINO ALFONSO,OYARZUN,0,"Paulino Alfonso & Oyarzún, Valparaíso, Chile",-33.0338127,-71.6370359,1,GEOMETRIC_CENTER,2020,1307673,2020/10/10 00:00:00+00,COLISION LATERAL,COLISION,URBANA,CAUSAS NO DETERMINADAS,CAUSAS NO DETERMINADAS,0,0,0,0,12:00:00
-71.5664146,-33.1135026,1438,5,REGION VALPARAISO,5101,VALPARAISO,EL SAUCE,OCTAVA,0,"Octava & El Sauce, Placilla, Valparaíso, Chile",-33.1135026,-71.5664146,1,GEOMETRIC_CENTER,2020,1307726,2020/10/14 00:00:00+00,CHOQUE FRONTAL,CHOQUE,URBANA,IMPRUDENCIA DEL CONDUCTOR,NO RESPETAR DERECHO PREFERENTE DE PASO A VEHICULO,0,0,0,1,11:50:00
-70.7343151,-32.7526483,1439,5,REGION VALPARAISO,5701,SAN FELIPE,TACNA NORTE, ,397,"Tacna Nte., San Felipe, Valparaíso, Chile",-32.7526483,-70.7343151,1,GEOMETRIC_CENTER,2020,1307804,2020/10/29 00:00:00+00,COLISION LATERAL,COLISION,URBANA,IMPRUDENCIA DEL CONDUCTOR,CONDUCCION NO ATENTO CONDICIONES TRANSITO MOMENTO,0,0,0,0,19:35:00
-70.7294538,-32.7489297,1440,5,REGION VALPARAISO,5701,SAN FELIPE,MAIPU, ,200,"Maipú 200, San Felipe, Valparaíso, Chile",-32.7489297,-70.7294538,1,ROOFTOP,2020,1307809,2020/10/28 00:00:00+00,COLISION LATERAL,COLISION,URBANA,IMPRUDENCIA DEL CONDUCTOR,CONDUCCION NO ATENTO CONDICIONES TRANSITO MOMENTO,0,0,0,1,12:43:00
-70.7301555,-32.7500497,1441,5,REGION VALPARAISO,5701,SAN FELIPE,MAIPU,MERCED,0,"Maipú & Merced, San Felipe, Valparaíso, Chile",-32.7500497,-70.7301555,1,GEOMETRIC_CENTER,2020,1307812,2020/10/27 00:00:00+00,COLISION LATERAL,COLISION,URBANA,IMPRUDENCIA DEL CONDUCTOR,CONDUCCION NO ATENTO CONDICIONES TRANSITO MOMENTO,0,0,0,1,20:50:00
-70.7225214,-32.7453945,1442,5,REGION VALPARAISO,5701,SAN FELIPE,ARTEMON CIFUENTES,ABRAHAM AHUMADA,0,"Artemon Cifuentes & Abraham Ahumada, San Felipe, Valparaíso, Chile",-32.7453945,-70.7225214,1,GEOMETRIC_CENTER,2020,1307815,2020/10/27 00:00:00+00,COLISION LATERAL,COLISION,URBANA,IMPRUDENCIA DEL CONDUCTOR,CONDUCCION NO ATENTO CONDICIONES TRANSITO MOMENTO,0,0,0,2,17:50:00
-71.267149,-32.9986831,1443,5,REGION VALPARAISO,5802,LIMACHE,PALMIRA ROMANO SUR,CARELMAPU,0,"Carelmapu & Palmira Romano Sur, Limache, Valparaíso, Chile",-32.9986831,-71.267149,1,GEOMETRIC_CENTER,2020,1307822,2020/10/29 00:00:00+00,COLISION LATERAL,COLISION,URBANA,IMPRUDENCIA DEL CONDUCTOR,ADELANTAMIENTO SIN EL ESPACIO O TIEMPO SUFICIENTE,0,0,0,0,09:10:00
-71.5504886,-33.0110143,1444,5,REGION VALPARAISO,5109,VIÑA DEL MAR,DOCE NORTE,UNO PONIENTE,0,"1 Pte & 12 Nte., Viña del Mar, Valparaíso, Chile",-33.0110143,-71.5504886,1,GEOMETRIC_CENTER,2020,1308032,2020/10/23 00:00:00+00,CHOQUE FRENTE/POSTERIOR,CHOQUE,URBANA,IMPRUDENCIA DEL CONDUCTOR,CONDUCCION NO ATENTO CONDICIONES TRANSITO MOMENTO,0,0,0,0,20:40:00
-71.6045745,-33.5482466,1445,5,REGION VALPARAISO,5603,CARTAGENA,SAN MARCOS, ,284,"Cartagena, Valparaíso, Chile",-33.5482466,-71.6045745,1,APPROXIMATE,2020,1308161,2020/10/26 00:00:00+00,CHOQUE,CHOQUE,URBANA,PERDIDA CONTROL VEHICULO,PERDIDA CONTROL VEHICULO,0,0,0,0,23:40:00
-71.4312905,-33.0515589,1446,5,REGION VALPARAISO,5801,QUILPUE,PEYRONET,SAMUEL VALENCIA,0,"Samuel Valencia & Peyronet, Quilpué, Valparaíso, Chile",-33.0515589,-71.4312905,1,GEOMETRIC_CENTER,2020,1308178,2020/10/27 00:00:00+00,COLISION LATERAL,COLISION,URBANA,IMPRUDENCIA DEL CONDUCTOR,CONDUCCION SIN MANTENER DISTANCIA RAZONABLE NI PRUDENTE,0,0,0,0,15:03:00
-71.4049388,-33.0721772,1447,5,REGION VALPARAISO,5801,QUILPUE,RAMON ANGEL JARA,MARGA MARGA,0,"Marga Marga & Ramón Ángel Jara, Quilpué, Valparaíso, Chile",-33.0721772,-71.4049388,1,GEOMETRIC_CENTER,2020,1308181,2020/10/27 00:00:00+00,COLISION POR ALCANCE,COLISION,URBANA,IMPRUDENCIA DEL CONDUCTOR,CONDUCCION SIN MANTENER DISTANCIA RAZONABLE NI PRUDENTE,0,0,0,0,12:10:00
-71.4791193,-33.0382124,1448,5,REGION VALPARAISO,5801,QUILPUE,ESTRELLA POLAR,LOS CARRERA,0,"Estrella Polar & Avenida Los Carrera, Quilpué, Valparaíso, Chile",-33.0382124,-71.4791193,1,GEOMETRIC_CENTER,2020,1308209,2020/10/27 00:00:00+00,COLISION POR ALCANCE,COLISION,URBANA,PERDIDA CONTROL VEHICULO,PERDIDA CONTROL VEHICULO,0,0,0,1,19:20:00
-71.4248539,-33.0471263,1449,5,REGION VALPARAISO,5801,QUILPUE,PERU,CENTENARIO,0,"V Centenario 1900, Quilpué, Valparaíso, Chile",-33.0471263,-71.4248539,1,ROOFTOP,2020,1308223,2020/10/28 00:00:00+00,COLISION,COLISION,URBANA,IMPRUDENCIA DEL CONDUCTOR,CONDUCCION SIN MANTENER DISTANCIA RAZONABLE NI PRUDENTE,0,0,0,0,10:00:00
-71.4056869,-33.0364151,1450,5,REGION VALPARAISO,5801,QUILPUE,GOMEZ CARREÑO,FRUTILLAR,0,"Gómez Carreño 859, Quilpué, Valparaíso, Chile",-33.0364151,-71.4056869,1,GEOMETRIC_CENTER,2020,1308234,2020/10/28 00:00:00+00,CHOQUE FRENTE/POSTERIOR,CHOQUE,URBANA,CAUSAS NO DETERMINADAS,CAUSAS NO DETERMINADAS,0,0,0,0,12:30:00
-71.4155135,-33.0628648,1451,5,REGION VALPARAISO,5801,QUILPUE,LAGO HILLINCO, ,2007,"Lago Huillinco 2007, Quilpué, Valparaíso, Chile",-33.0628648,-71.4155135,1,RANGE_INTERPOLATED,2020,1308239,2020/10/28 00:00:00+00,CHOQUE POSTERIOR,CHOQUE,URBANA,IMPRUDENCIA DEL CONDUCTOR,CONDUCCION NO ATENTO CONDICIONES TRANSITO MOMENTO,0,0,0,0,14:30:00
-71.4019541,-33.0557974,1452,5,REGION VALPARAISO,5801,QUILPUE,RAMON ANGEL JARA,20 DE ENERO,0,"Veinte de Enero & Ramón Ángel Jara, Quilpué, Valparaíso, Chile",-33.0557974,-71.4019541,1,GEOMETRIC_CENTER,2020,1308245,2020/10/28 00:00:00+00,CHOQUE,CHOQUE,URBANA,IMPRUDENCIA DEL CONDUCTOR,NO RESPETAR DERECHO PREFERENTE DE PASO A VEHICULO,0,0,0,1,09:50:00
-70.7301555,-32.7500497,1453,5,REGION VALPARAISO,5701,SAN FELIPE,MAIPU,MERCED,0,"Maipú & Merced, San Felipe, Valparaíso, Chile",-32.7500497,-70.7301555,1,GEOMETRIC_CENTER,2020,1308249,2020/10/28 00:00:00+00,COLISION,COLISION,URBANA,IMPRUDENCIA DEL CONDUCTOR,CONDUCCION NO ATENTO CONDICIONES TRANSITO MOMENTO,0,0,0,1,12:40:00
-71.2197371,-32.8038952,1454,5,REGION VALPARAISO,5504,LA CRUZ,CAMINO TRONCAL,CALLE DOS,0,"Unnamed Road, La Cruz, Valparaíso, Chile",-32.8038952,-71.2197371,1,GEOMETRIC_CENTER,2020,1308288,2020/10/06 00:00:00+00,COLISION LATERAL,COLISION,URBANA,IMPRUDENCIA DEL CONDUCTOR,CONDUCCION NO ATENTO CONDICIONES TRANSITO MOMENTO,0,1,0,1,07:05:00
-71.2524737,-32.8944697,1455,5,REGION VALPARAISO,5501,QUILLOTA,JUAN BAUTISTA ALBERDI,BULNES,0,"Juan Bautista Alberdi & Manuel Bulnes, Quillota, Valparaíso, Chile",-32.8944697,-71.2524737,1,GEOMETRIC_CENTER,2020,1308299,2020/10/23 00:00:00+00,CHOQUE,CHOQUE,URBANA,PERDIDA CONTROL VEHICULO,PERDIDA CONTROL VEHICULO,0,0,0,0,22:00:00
-71.2520636,-32.8763321,1456,5,REGION VALPARAISO,5501,QUILLOTA,BALMACEDA, ,2,"Balmaceda 2, Quillota, Valparaíso, Chile",-32.8763321,-71.2520636,1,RANGE_INTERPOLATED,2020,1308306,2020/10/23 00:00:00+00,COLISION,COLISION,URBANA,ALCOHOL EN CONDUCTOR,CONDUCCION EN ESTADO DE EBRIEDAD,0,0,0,2,22:00:00
-70.7224314,-32.7531559,1457,5,REGION VALPARAISO,5701,SAN FELIPE,FREIRE,TORO MAZOTTE,0,"Ramón Freire & Toro Mazote, San Felipe, Valparaíso, Chile",-32.7531559,-70.7224314,1,GEOMETRIC_CENTER,2020,1308308,2020/10/30 00:00:00+00,COLISION,COLISION,URBANA,DESOBEDIENCIA A SEÑALIZACION,SEÑALIZACION DESOBEDECER SEÑAL PARE,0,0,0,2,14:00:00
-71.671388,-33.3712938,1458,5,REGION VALPARAISO,5602,ALGARROBO,VIA NAUTICA,IGNACIO CARRERA PINTO,0,"Vía Náutica & Avenida Ignacio Carrera Pinto, Algarrobo, Valparaíso, Chile",-33.3712938,-71.671388,1,GEOMETRIC_CENTER,2020,1308371,2020/10/25 00:00:00+00,COLISION LATERAL,COLISION,URBANA,OTRAS CAUSAS,OTRAS CAUSAS,0,0,0,1,14:00:00
-71.604858,-33.5789321,1459,5,REGION VALPARAISO,5601,SAN ANTONIO,CAUPOLICAN, ,656,"Caupolicán 656, San Antonio, Valparaíso, Chile",-33.5789321,-71.604858,1,RANGE_INTERPOLATED,2020,1308379,2020/10/12 00:00:00+00,CHOQUE FRENTE/POSTERIOR,CHOQUE,URBANA,IMPRUDENCIA DEL CONDUCTOR,CONDUCCION NO ATENTO CONDICIONES TRANSITO MOMENTO,0,0,0,0,09:30:00
-71.5469875,-32.9437176,1460,5,REGION VALPARAISO,5103,CONCON,LOS GINKOS,CONCON REÑACA,0,"Av. ConCon Reñaca Concón, Valparaíso, Concón, Valparaíso, Chile",-32.9437176,-71.5469875,1,GEOMETRIC_CENTER,2020,1308429,2020/10/29 00:00:00+00,CHOQUE POSTERIOR,CHOQUE,URBANA,DESOBEDIENCIA A SEÑALIZACION,SEÑALIZACION DESOBEDECER SEÑAL CEDA EL PASO,0,0,0,0,17:50:00
-71.4257899,-33.0741751,1461,5,REGION VALPARAISO,5801,QUILPUE,ALTO MANQUEHUE, ,2696,"Alto Manquehue 2696, Quilpué, Valparaíso, Chile",-33.0741751,-71.4257899,1,RANGE_INTERPOLATED,2020,1308474,2020/11/02 00:00:00+00,CHOQUE FRENTE/POSTERIOR,CHOQUE,URBANA,PERDIDA CONTROL VEHICULO,PERDIDA CONTROL VEHICULO,0,0,0,0,13:20:00
-71.2329456,-32.4555934,1462,5,REGION VALPARAISO,5401,LA LIGUA,LA PATAGUA, ,643,"La Patagua 643, La Ligua, Valparaíso, Chile",-32.4555934,-71.2329456,1,RANGE_INTERPOLATED,2020,1308509,2020/10/30 00:00:00+00,CHOQUE,CHOQUE,URBANA,ALCOHOL EN CONDUCTOR,CONDUCCION EN ESTADO DE EBRIEDAD,0,0,0,0,00:00:00
-71.2320901,-32.4490538,1463,5,REGION VALPARAISO,5401,LA LIGUA,ORTIZ DE ROZAS,SERRANO,0,"Serrano & Ortiz de Rosas, La Ligua, Valparaíso, Chile",-32.4490538,-71.2320901,1,GEOMETRIC_CENTER,2020,1308562,2020/11/02 00:00:00+00,CHOQUE,CHOQUE,URBANA,IMPRUDENCIA DEL CONDUCTOR,CONDUCCION NO ATENTO CONDICIONES TRANSITO MOMENTO,0,0,0,2,15:17:00
-71.2569915,-33.0228062,1464,5,REGION VALPARAISO,5802,LIMACHE,SAN ALFONSO, ,999,"San Alfonso 999, Limache, Valparaíso, Chile",-33.0228062,-71.2569915,1,ROOFTOP,2020,1308775,2020/10/30 00:00:00+00,COLISION FRONTAL,COLISION,URBANA,IMPRUDENCIA DEL CONDUCTOR,CONDUCCION NO ATENTO CONDICIONES TRANSITO MOMENTO,0,0,0,0,07:55:00
-70.6263656,-32.8557701,1465,5,REGION VALPARAISO,5302,CALLE LARGA,CALLE LARGA,PASO BASAURE,0,"C. Larga, Los Andes, Calle Larga, Valparaíso, Chile",-32.8557701,-70.6263656,1,GEOMETRIC_CENTER,2020,1308777,2020/10/24 00:00:00+00,COLISION LATERAL,COLISION,URBANA,IMPRUDENCIA DEL CONDUCTOR,CONDUCCION NO ATENTO CONDICIONES TRANSITO MOMENTO,0,0,0,0,13:00:00
-71.242511,-32.8768122,1466,5,REGION VALPARAISO,5501,QUILLOTA,CONDELL,PRAT,0,"Calle Condell & Prat, Quillota, Valparaíso, Chile",-32.8768122,-71.242511,1,GEOMETRIC_CENTER,2020,1308814,2020/10/29 00:00:00+00,COLISION,COLISION,URBANA,IMPRUDENCIA DEL CONDUCTOR,CONDUCCION NO ATENTO CONDICIONES TRANSITO MOMENTO,0,0,0,0,10:45:00
-71.242511,-32.8768122,1467,5,REGION VALPARAISO,5501,QUILLOTA,CONDELL,PRAT,0,"Calle Condell & Prat, Quillota, Valparaíso, Chile",-32.8768122,-71.242511,1,GEOMETRIC_CENTER,2020,1308820,2020/10/29 00:00:00+00,COLISION,COLISION,URBANA,IMPRUDENCIA DEL CONDUCTOR,CONDUCCION NO ATENTO CONDICIONES TRANSITO MOMENTO,0,0,0,0,17:30:00
-71.255787,-32.8877582,1468,5,REGION VALPARAISO,5501,QUILLOTA,ARAUCO,GABRIELA MISTRAL,0,"Gabriela Mistral & Arauco Poniente, Quillota, Valparaíso, Chile",-32.8877582,-71.255787,1,GEOMETRIC_CENTER,2020,1308827,2020/10/30 00:00:00+00,COLISION,COLISION,URBANA,DESOBEDIENCIA A SEÑALIZACION,SEÑALIZACION DESOBEDECER SEÑAL PARE,0,0,0,0,16:00:00
-70.5929592,-32.8099691,1469,5,REGION VALPARAISO,5304,SAN ESTEBAN,LOS OLMOS, ,1002,"Los Olmos, San Esteban, Valparaíso, Chile",-32.8099691,-70.5929592,1,APPROXIMATE,2020,1308829,2020/10/26 00:00:00+00,IMPACTO CON ANIMAL,OTRO TIPO,URBANA,DEFICIENCIAS VIALES,ANIMALES SUELTOS VIA PUBLICA,0,0,0,0,11:45:00
-71.2384666,-32.8898047,1470,5,REGION VALPARAISO,5501,QUILLOTA,ARAUCO,FRANCISCO SILVA,0,"Arauco & Francisco Silva Gajardo, Quillota, Valparaíso, Chile",-32.8898047,-71.2384666,1,GEOMETRIC_CENTER,2020,1308830,2020/10/30 00:00:00+00,VOLCADURA,VOLCADURA,URBANA,PERDIDA CONTROL VEHICULO,PERDIDA CONTROL VEHICULO,0,0,0,2,18:00:00
-71.2594286,-32.8930872,1471,5,REGION VALPARAISO,5501,QUILLOTA,LOS LUCUMOS,QUILLOTA,0,"Los Lúcumos, Quillota, Valparaíso, Chile",-32.8930872,-71.2594286,1,GEOMETRIC_CENTER,2020,1308832,2020/10/31 00:00:00+00,COLISION,COLISION,URBANA,DESOBEDIENCIA A SEÑALIZACION,SEÑALIZACION DESOBEDECER SEÑAL CEDA EL PASO,0,0,0,0,00:30:00
-71.242569,-32.8780174,1472,5,REGION VALPARAISO,5501,QUILLOTA,CHACABUCO,CONDELL,0,"Chacabuco & Calle Condell, Quillota, Valparaíso, Chile",-32.8780174,-71.242569,1,GEOMETRIC_CENTER,2020,1308834,2020/10/31 00:00:00+00,COLISION,COLISION,URBANA,DESOBEDIENCIA A SEÑALIZACION,SEÑALIZACION DESOBEDECER LUZ ROJA DE SEMAFORO,0,0,0,0,22:45:00
-71.2470101,-32.8839616,1473,5,REGION VALPARAISO,5501,QUILLOTA,OHIGGINS,ESMERALDA,0,"Esmeralda & OHiggins, Quillota, Valparaíso, Chile",-32.8839616,-71.2470101,1,GEOMETRIC_CENTER,2020,1308845,2020/10/28 00:00:00+00,COLISION,COLISION,URBANA,DESOBEDIENCIA A SEÑALIZACION,SEÑALIZACION DESOBEDECER SEÑAL PARE,0,0,0,0,20:50:00
-71.4240727,-33.0548744,1474,5,REGION VALPARAISO,5801,QUILPUE,OVALLE,DEL ALHELI,0,"Del Alelí & Ovalle, Quilpué, Valparaíso, Chile",-33.0548744,-71.4240727,1,GEOMETRIC_CENTER,2020,1308853,2020/11/03 00:00:00+00,COLISION PERPENDICULAR,COLISION,URBANA,DESOBEDIENCIA A SEÑALIZACION,SEÑALIZACION DESOBEDECER SEÑAL PARE,0,0,0,2,11:00:00
-71.4428996,-32.657353,1475,5,REGION VALPARAISO,5105,PUCHUNCAVI,AVENIDA DEL MAR, ,3462,"Av. del Mar 3462, Maitencillo, Puchuncaví, Valparaíso, Chile",-32.657353,-71.4428996,1,ROOFTOP,2020,1308931,2020/10/31 00:00:00+00,CHOQUE LADO/FRENTE,CHOQUE,RURAL,ALCOHOL EN CONDUCTOR,CONDUCCION EN ESTADO DE EBRIEDAD,0,0,0,0,18:00:00
-71.5988172,-33.0361818,1476,5,REGION VALPARAISO,5101,VALPARAISO,ESPAÑA,YOLANDA,0,"Pasarela Av España - Yolanda, Valparaíso, Chile",-33.0361818,-71.5988172,1,GEOMETRIC_CENTER,2020,1309028,2020/10/15 00:00:00+00,OTRO TIPO,OTRO TIPO,URBANA,PERDIDA CONTROL VEHICULO,PERDIDA CONTROL VEHICULO,0,1,0,0,18:10:00
-71.6003594,-33.5963335,1477,5,REGION VALPARAISO,5601,SAN ANTONIO,MANUEL MONTT,LUIS GONZALEZ,0,"Manuel Montt Torres & Luis González Edwards, San Antonio, Valparaíso, Chile",-33.5963335,-71.6003594,1,GEOMETRIC_CENTER,2020,1309057,2020/10/16 00:00:00+00,COLISION LATERAL,COLISION,URBANA,IMPRUDENCIA DEL CONDUCTOR,CONDUCCION NO ATENTO CONDICIONES TRANSITO MOMENTO,0,0,0,1,17:30:00
-70.6812724,-32.8350461,1478,5,REGION VALPARAISO,5303,RINCONADA,CAMINO DEL INCA, ,63,"Cam. del Inca 63, Rinconada, Valparaíso, Chile",-32.8350461,-70.6812724,1,RANGE_INTERPOLATED,2020,1309141,2020/10/27 00:00:00+00,COLISION,COLISION,URBANA,IMPRUDENCIA DEL CONDUCTOR,CONDUCIR VEHICULO EN RETROCESO,0,0,0,0,07:45:00
-71.6064175,-33.5724318,1479,5,REGION VALPARAISO,5601,SAN ANTONIO,BRUSELAS,CORREGIDOR NORAMBUENA,0,"Bruselas, San Antonio, Valparaíso, Chile",-33.5724318,-71.6064175,1,GEOMETRIC_CENTER,2020,1309097,2020/10/20 00:00:00+00,COLISION LATERAL,COLISION,URBANA,IMPRUDENCIA DEL CONDUCTOR,CONDUCCION NO ATENTO CONDICIONES TRANSITO MOMENTO,0,0,0,0,09:40:00
-71.608374,-33.5811193,1480,5,REGION VALPARAISO,5601,SAN ANTONIO,ANTONIO PALMIERI, ,250,"Antonio Palmieri 250, San Antonio, Valparaíso, Chile",-33.5811193,-71.608374,1,RANGE_INTERPOLATED,2020,1309118,2020/10/22 00:00:00+00,COLISION LATERAL,COLISION,URBANA,IMPRUDENCIA DEL CONDUCTOR,CONDUCCION NO ATENTO CONDICIONES TRANSITO MOMENTO,0,0,0,0,18:50:00
-71.3499021,-33.0457248,1481,5,REGION VALPARAISO,5804,VILLA ALEMANA,CADIZ,MARSELLA SUR,0,"Cádiz & Marsella, Villa Alemana, Valparaíso, Chile",-33.0457248,-71.3499021,1,GEOMETRIC_CENTER,2020,1309126,2020/10/22 00:00:00+00,OTRO TIPO,OTRO TIPO,URBANA,IMPRUDENCIA DEL CONDUCTOR,CONDUCCION NO ATENTO CONDICIONES TRANSITO MOMENTO,0,1,0,3,11:45:00