X,Y,FID,COD_REG,REGION,CUT,COMUNA,CALLE_UNO,CALLE_DOS,NUMERO,DIR_GEOCOD,LAT,LNG,VAL_COM,TIPO,Año,Idaccident,Fecha,Tipo_Accid,Tipo__CONA,Zona,Causa__CON,Causa,Fallecidos,Graves,Menos_Grav,Leves,Hora
-71.6130477,-33.5916546,1482,5,REGION VALPARAISO,5601,SAN ANTONIO,IGNACIO CARRERA PINTO,BARROS LUCO,0,"Ignacio Carrera Pinto & Barros Luco, San Antonio, Valparaíso, Chile",-33.5916546,-71.6130477,1,GEOMETRIC_CENTER,2020,1309132,2020/10/26 00:00:00+00,ATROPELLO,ATROPELLO,URBANA,IMPRUDENCIA DEL CONDUCTOR,CONDUCCION NO ATENTO CONDICIONES TRANSITO MOMENTO,0,0,0,1,12:50:00
-71.3877087,-33.0477607,1483,5,REGION VALPARAISO,5804,VILLA ALEMANA,PORVENIR SUR,VENECIA,0,"Venecia & Porvenir, Villa Alemana, Valparaíso, Chile",-33.0477607,-71.3877087,1,GEOMETRIC_CENTER,2020,1309134,2020/10/27 00:00:00+00,COLISION,COLISION,URBANA,DESOBEDIENCIA A SEÑALIZACION,SEÑALIZACION DESOBEDECER SEÑAL PARE,0,0,0,0,21:50:00
-71.6070536,-33.5857443,1484,5,REGION VALPARAISO,5601,SAN ANTONIO,VERTIENTES,FERNANDEZ CONCHA,0,"Domingo Fernández Concha & Las Vertientes, San Antonio, Valparaíso, Chile",-33.5857443,-71.6070536,1,GEOMETRIC_CENTER,2020,1309148,2020/10/29 00:00:00+00,COLISION FRONTAL,COLISION,URBANA,IMPRUDENCIA DEL CONDUCTOR,CONDUCCION CONTRA SENTIDO DEL TRANSITO,0,0,0,1,14:40:00
-71.6137615,-33.6039978,1485,5,REGION VALPARAISO,5601,SAN ANTONIO,BARROS LUCO,LUIS URIBE,0,"Luis Uribe & Barros Luco, San Antonio, Valparaíso, Chile",-33.6039978,-71.6137615,1,GEOMETRIC_CENTER,2020,1309157,2020/10/30 00:00:00+00,COLISION,COLISION,URBANA,IMPRUDENCIA DEL CONDUCTOR,CONDUCCION SIN MANTENER DISTANCIA RAZONABLE NI PRUDENTE,0,0,0,0,10:00:00
-71.4115485,-33.061886,1486,5,REGION VALPARAISO,5801,QUILPUE,TRONCOS VIEJOS,PASAJE 817,0,"Troncos Viejos & Pasaje 817, Quilpué, Valparaíso, Chile",-33.061886,-71.4115485,1,GEOMETRIC_CENTER,2020,1309195,2020/11/04 00:00:00+00,COLISION PERPENDICULAR,COLISION,URBANA,IMPRUDENCIA DEL CONDUCTOR,NO RESPETAR DERECHO PREFERENTE DE PASO A VEHICULO,0,0,0,0,22:40:00
-71.6145292,-33.0450419,1487,5,REGION VALPARAISO,5101,VALPARAISO,BRASIL,FREIRE,0,"Freire & Brasil, Valparaíso, Chile",-33.0450419,-71.6145292,1,GEOMETRIC_CENTER,2020,1309238,2020/10/30 00:00:00+00,COLISION,COLISION,URBANA,DESOBEDIENCIA A SEÑALIZACION,SEÑALIZACION DESOBEDECER SEÑAL PARE,0,1,0,0,21:00:00
-71.6112962,-33.0500172,1488,5,REGION VALPARAISO,5101,VALPARAISO,SAN IGNACIO,COLON,0,"San Ignacio & Avenida Colón, Valparaíso, Chile",-33.0500172,-71.6112962,1,GEOMETRIC_CENTER,2020,1309240,2020/11/01 00:00:00+00,CHOQUE POSTERIOR/FRENTE,CHOQUE,URBANA,IMPRUDENCIA DEL CONDUCTOR,CONDUCCION NO ATENTO CONDICIONES TRANSITO MOMENTO,0,0,0,0,22:10:00
-70.6026483,-32.8331965,1489,5,REGION VALPARAISO,5301,LOS ANDES,SANTA TERESA, ,401,"Sta. Teresa 401, Los Andes, Valparaíso, Chile",-32.8331965,-70.6026483,1,ROOFTOP,2020,1309279,2020/10/28 00:00:00+00,CHOQUE POSTERIOR/FRENTE,CHOQUE,URBANA,IMPRUDENCIA DEL CONDUCTOR,CONDUCIR VEHICULO EN RETROCESO,0,0,0,0,10:30:00
-71.560148,-33.0533072,1490,5,REGION VALPARAISO,5101,VALPARAISO,MATTA, ,4307,"Manuel Antonio Matta 4307, Valparaíso, Chile",-33.0533072,-71.560148,1,RANGE_INTERPOLATED,2020,1309297,2020/10/15 00:00:00+00,COLISION LATERAL,COLISION,URBANA,IMPRUDENCIA DEL CONDUCTOR,CONDUCCION SIN MANTENER DISTANCIA RAZONABLE NI PRUDENTE,0,0,0,0,15:30:00
-71.5038004,-33.0091135,1491,5,REGION VALPARAISO,5109,VIÑA DEL MAR,LOS ALELIES,LAS MAGNOLIAS,0,"Las Magnolias & Los Alelies, Viña del Mar, Valparaíso, Chile",-33.0091135,-71.5038004,1,GEOMETRIC_CENTER,2020,1309299,2020/10/22 00:00:00+00,COLISION,COLISION,URBANA,IMPRUDENCIA DEL CONDUCTOR,CONDUCCION NO ATENTO CONDICIONES TRANSITO MOMENTO,0,0,0,0,12:00:00
-71.532862,-33.0511136,1492,5,REGION VALPARAISO,5109,VIÑA DEL MAR,LAGO CONDOR,ARROYO DEL SALTO,0,"Lago Condor & Arroyo del Salto, Viña del Mar, Valparaíso, Chile",-33.0511136,-71.532862,1,GEOMETRIC_CENTER,2020,1309307,2020/10/23 00:00:00+00,CHOQUE FRENTE/POSTERIOR,CHOQUE,URBANA,IMPRUDENCIA DEL CONDUCTOR,CONDUCCION NO ATENTO CONDICIONES TRANSITO MOMENTO,0,0,0,0,18:00:00
-71.5174365,-33.0016102,1493,5,REGION VALPARAISO,5109,VIÑA DEL MAR,ALESSANDRI, ,3401,"Alessandri N° 3401, Viña del Mar, Valparaíso, Chile",-33.0016102,-71.5174365,1,ROOFTOP,2020,1309342,2020/10/26 00:00:00+00,COLISION,COLISION,URBANA,IMPRUDENCIA DEL CONDUCTOR,CONDUCCION NO ATENTO CONDICIONES TRANSITO MOMENTO,0,0,0,0,18:53:00
-71.4987165,-33.0074775,1494,5,REGION VALPARAISO,5109,VIÑA DEL MAR,LAS AZUCENAS,PETER ARAYA,0,"Peter Araya & Avenida Las Azucenas, Viña del Mar, Valparaíso, Chile",-33.0074775,-71.4987165,1,GEOMETRIC_CENTER,2020,1309344,2020/10/26 00:00:00+00,COLISION,COLISION,URBANA,IMPRUDENCIA DEL CONDUCTOR,CONDUCCION NO ATENTO CONDICIONES TRANSITO MOMENTO,0,0,0,0,10:20:00
-71.5057919,-33.0218979,1495,5,REGION VALPARAISO,5109,VIÑA DEL MAR,DIEGO MEDELLIN,MARCOS MATURANA,0,"Marcos Maturana & Diego Medellín, Viña del Mar, Valparaíso, Chile",-33.0218979,-71.5057919,1,GEOMETRIC_CENTER,2020,1309346,2020/10/26 00:00:00+00,COLISION,COLISION,URBANA,IMPRUDENCIA DEL CONDUCTOR,CONDUCCION NO ATENTO CONDICIONES TRANSITO MOMENTO,0,0,0,0,09:20:00
-71.5235401,-33.0354283,1496,5,REGION VALPARAISO,5109,VIÑA DEL MAR,UNO NORTE, ,2901,"1 Nte. 2901, Viña del Mar, Valparaíso, Chile",-33.0354283,-71.5235401,1,ROOFTOP,2020,1309352,2020/10/27 00:00:00+00,COLISION,COLISION,URBANA,IMPRUDENCIA DEL CONDUCTOR,CONDUCCION NO ATENTO CONDICIONES TRANSITO MOMENTO,0,0,0,0,18:00:00
-71.496362,-33.018101,1497,5,REGION VALPARAISO,5109,VIÑA DEL MAR,LUIS HURTADO,GABRIELA MISTRAL,0,"Gabriela Mistral & Luis Hurtado López, Viña del Mar, Valparaíso, Chile",-33.018101,-71.496362,1,GEOMETRIC_CENTER,2020,1309361,2020/10/28 00:00:00+00,COLISION,COLISION,URBANA,DESOBEDIENCIA A SEÑALIZACION,SEÑALIZACION DESOBEDECER SEÑAL CEDA EL PASO,0,0,0,0,18:20:00
-71.5373139,-33.0627658,1498,5,REGION VALPARAISO,5109,VIÑA DEL MAR,RIO SAN PEDRO,RIO ALVAREZ,0,"Río Álvarez & Rio San Pedro, Viña del Mar, Valparaíso, Chile",-33.0627658,-71.5373139,1,GEOMETRIC_CENTER,2020,1309367,2020/10/28 00:00:00+00,COLISION POR ALCANCE,COLISION,URBANA,IMPRUDENCIA DEL CONDUCTOR,CONDUCCION NO ATENTO CONDICIONES TRANSITO MOMENTO,0,0,0,0,19:45:00
-71.172713,-33.0067699,1499,5,REGION VALPARAISO,5803,OLMUE,RINCONADA,LO NARVAEZ,0,"Rinconada, Olmué, Valparaíso, Chile",-33.0067699,-71.172713,1,GEOMETRIC_CENTER,2020,1309369,2020/11/04 00:00:00+00,COLISION LATERAL,COLISION,URBANA,VELOCIDAD IMPRUDENTE,VELOCIDAD NO RAZONABLE NI PRUDENTE,0,0,0,0,19:40:00
-71.5640003,-33.0378072,1500,5,REGION VALPARAISO,5109,VIÑA DEL MAR,AGUA SANTA,LAS PALMAS,0,"Padre Hurtado 650, Viña del Mar, Valparaíso, Chile",-33.0378072,-71.5640003,1,ROOFTOP,2020,1309381,2020/10/30 00:00:00+00,CHOQUE FRENTE/POSTERIOR,CHOQUE,URBANA,IMPRUDENCIA DEL CONDUCTOR,CONDUCCION NO ATENTO CONDICIONES TRANSITO MOMENTO,0,0,0,5,19:30:00
-71.4996029,-32.9756292,1501,5,REGION VALPARAISO,5109,VIÑA DEL MAR,CAMINO INTERNACIONAL, ,4700,"Cam. Internacional 4700, Montemar, Viña del Mar, Valparaíso, Chile",-32.9756292,-71.4996029,1,RANGE_INTERPOLATED,2020,1309385,2020/10/30 00:00:00+00,COLISION,COLISION,URBANA,PERDIDA CONTROL VEHICULO,PERDIDA CONTROL VEHICULO,0,0,0,1,08:00:00
-71.64252,-33.0498456,1502,5,REGION VALPARAISO,5101,VALPARAISO,CHAPARRO, ,1000,"Chaparro 1000, Valparaíso, Chile",-33.0498456,-71.64252,1,RANGE_INTERPOLATED,2020,1309409,2020/10/13 00:00:00+00,ATROPELLO,ATROPELLO,URBANA,IMPRUDENCIA DEL PEATON,PEATON CRUZA CALZADA FORMA SORPRESIVA O DESCUIDADA,0,0,0,1,11:15:00
-71.6045745,-33.5482466,1503,5,REGION VALPARAISO,5603,CARTAGENA,CARTAGENA, ,0,"Cartagena, Valparaíso, Chile",-33.5482466,-71.6045745,1,APPROXIMATE,2020,1309852,2020/11/07 00:00:00+00,COLISION,COLISION,URBANA,OTRAS CAUSAS,OTRAS CAUSAS,0,0,0,2,23:30:00
-70.728348,-32.7456733,1504,5,REGION VALPARAISO,5701,SAN FELIPE,MAIPU,CHACABUCO,0,"Maipú & Chacabuco, San Felipe, Valparaíso, Chile",-32.7456733,-70.728348,1,GEOMETRIC_CENTER,2020,1309410,2020/11/01 00:00:00+00,COLISION,COLISION,URBANA,IMPRUDENCIA DEL CONDUCTOR,CONDUCCION SIN MANTENER DISTANCIA RAZONABLE NI PRUDENTE,0,0,0,0,22:15:00
-71.6346548,-33.0300814,1505,5,REGION VALPARAISO,5101,VALPARAISO,GRAN BRETAÑA,GRAL MUNIZAGA,0,"Gran Bretaña & Munizaga, Valparaíso, Chile",-33.0300814,-71.6346548,1,GEOMETRIC_CENTER,2020,1309411,2020/10/17 00:00:00+00,CHOQUE FRENTE/POSTERIOR,CHOQUE,URBANA,FALLAS MECANICAS,FALLAS MECANICAS FRENOS,0,0,0,0,08:25:00
-70.7222483,-32.7548609,1506,5,REGION VALPARAISO,5701,SAN FELIPE,SANTA MARGARITA, ,0,"Av. Yungay 313, San Felipe, Valparaíso, Chile",-32.7548609,-70.7222483,1,ROOFTOP,2020,1309419,2020/11/01 00:00:00+00,CHOQUE,CHOQUE,RURAL,PERDIDA CONTROL VEHICULO,PERDIDA CONTROL VEHICULO,0,0,0,0,19:00:00
-70.6258069,-32.857493,1507,5,REGION VALPARAISO,5302,CALLE LARGA,LOS VILLARES,PASO BASAURE,0,"Calle Larga, Valparaíso, Chile",-32.857493,-70.6258069,1,GEOMETRIC_CENTER,2020,1309423,2020/10/30 00:00:00+00,CHOQUE FRENTE/POSTERIOR,CHOQUE,URBANA,IMPRUDENCIA DEL CONDUCTOR,CONDUCCION NO ATENTO CONDICIONES TRANSITO MOMENTO,0,0,0,0,13:45:00
-71.6440883,-33.0368244,1508,5,REGION VALPARAISO,5101,VALPARAISO,LEVARTE,PORVENIR,0,"Levarte & Porvenir, Valparaíso, Chile",-33.0368244,-71.6440883,1,GEOMETRIC_CENTER,2020,1309448,2020/10/26 00:00:00+00,CHOQUE FRENTE/POSTERIOR,CHOQUE,URBANA,VELOCIDAD IMPRUDENTE,"VELOCIDAD NO REDUCIR CRUCE DE CALLES, CUMBRE, CURVA, ETC.",0,0,0,0,12:00:00
-71.5967794,-33.0352386,1509,5,REGION VALPARAISO,5101,VALPARAISO,FEDERICO SANTA MARIA,VANEZUELA,0,"Av. España 1680, Valparaíso, Chile",-33.0352386,-71.5967794,1,ROOFTOP,2020,1309449,2020/10/28 00:00:00+00,COLISION POR ALCANCE,COLISION,URBANA,IMPRUDENCIA DEL CONDUCTOR,VIRAJES INDEBIDOS,0,0,0,0,21:00:00
-71.6090512,-33.0474163,1510,5,REGION VALPARAISO,5101,VALPARAISO,PEDRO MONTT,MORRIS,0,"Pedro Montt & Morris, Valparaíso, Chile",-33.0474163,-71.6090512,1,GEOMETRIC_CENTER,2020,1309450,2020/10/23 00:00:00+00,CHOQUE FRENTE/LADO,CHOQUE,URBANA,VELOCIDAD IMPRUDENTE,VELOCIDAD MAYOR QUE MAXIMA PERMITIDA,0,0,0,0,13:30:00
-71.5557993,-33.0148276,1511,5,REGION VALPARAISO,5109,VIÑA DEL MAR,SAN MARTIN,CUATRO NORTE,0,"San Martín 667, Valparaíso, Viña del Mar, Valparaíso, Chile",-33.0148276,-71.5557993,1,ROOFTOP,2020,1309478,2020/10/28 00:00:00+00,COLISION POR ALCANCE,COLISION,URBANA,IMPRUDENCIA DEL CONDUCTOR,CONDUCCION NO ATENTO CONDICIONES TRANSITO MOMENTO,0,0,0,0,18:15:00
-71.5605361,-33.1358117,1512,5,REGION VALPARAISO,5101,VALPARAISO,TUPUNGATO,OJOS DEL SALADO,0,"Av. Tupungato & Av. Ojos del Salado, Placilla, Valparaíso, Chile",-33.1358117,-71.5605361,1,GEOMETRIC_CENTER,2020,1309480,2020/10/21 00:00:00+00,COLISION POR ALCANCE,COLISION,URBANA,OTRAS CAUSAS,OTRAS CAUSAS,0,0,0,1,09:00:00
-71.5523936,-33.0107262,1513,5,REGION VALPARAISO,5109,VIÑA DEL MAR,SAN MARTIN,DOCE NORTE,0,"12 Norte & San Martín, Viña del Mar, Valparaíso, Chile",-33.0107262,-71.5523936,1,GEOMETRIC_CENTER,2020,1309483,2020/10/29 00:00:00+00,COLISION POR ALCANCE,COLISION,URBANA,IMPRUDENCIA DEL CONDUCTOR,CONDUCCION NO ATENTO CONDICIONES TRANSITO MOMENTO,0,1,0,0,19:55:00
-71.5469384,-33.0083108,1514,5,REGION VALPARAISO,5109,VIÑA DEL MAR,ALESSANDRI,BENIDORM,0,"Alessandri & Avenida Benidorm, Viña del Mar, Valparaíso, Chile",-33.0083108,-71.5469384,1,GEOMETRIC_CENTER,2020,1309487,2020/10/30 00:00:00+00,COLISION POR ALCANCE,COLISION,URBANA,IMPRUDENCIA DEL CONDUCTOR,CONDUCCION CAMBIAR SORPRESIVAMENTE PISTA CIRCULACION,0,0,0,0,11:15:00
-71.5556586,-33.0177249,1515,5,REGION VALPARAISO,5109,VIÑA DEL MAR,CINCO NORTE,CUATRO PONIENTE,0,"5 Nte. & 4 Pte., Viña del Mar, Valparaíso, Chile",-33.0177249,-71.5556586,1,GEOMETRIC_CENTER,2020,1309488,2020/10/30 00:00:00+00,COLISION POR ALCANCE,COLISION,URBANA,IMPRUDENCIA DEL CONDUCTOR,CONDUCCION NO ATENTO CONDICIONES TRANSITO MOMENTO,0,0,0,0,15:50:00
-71.5335135,-33.0283389,1516,5,REGION VALPARAISO,5109,VIÑA DEL MAR,LOS PENSAMIENTOS,ANDRES MOZART,0,"Los Fresnos 91, Viña del Mar, Valparaíso, Chile",-33.0283389,-71.5335135,1,ROOFTOP,2020,1309489,2020/11/01 00:00:00+00,CHOQUE POSTERIOR/POSTERIOR,CHOQUE,URBANA,IMPRUDENCIA DEL CONDUCTOR,CONDUCCION NO ATENTO CONDICIONES TRANSITO MOMENTO,0,0,0,0,21:00:00
-71.5087785,-33.0003778,1517,5,REGION VALPARAISO,5109,VIÑA DEL MAR,SANTA JULIA,PRINCIPAL,0,"Principal & Santa Julia, Viña del Mar, Valparaíso, Chile",-33.0003778,-71.5087785,1,GEOMETRIC_CENTER,2020,1309492,2020/11/02 00:00:00+00,COLISION,COLISION,URBANA,IMPRUDENCIA DEL CONDUCTOR,CONDUCCION NO ATENTO CONDICIONES TRANSITO MOMENTO,0,0,0,0,17:05:00
-71.1709919,-32.7027976,1518,5,REGION VALPARAISO,5506,NOGALES,CAMINO EL CARRETON, ,179,"Cam. El Carretón, Nogales, Valparaíso, Chile",-32.7027976,-71.1709919,1,GEOMETRIC_CENTER,2020,1309504,2020/10/25 00:00:00+00,COLISION LATERAL,COLISION,RURAL,IMPRUDENCIA DEL CONDUCTOR,CONDUCIR VEHICULO EN RETROCESO,0,0,0,0,17:00:00
-71.2430159,-32.8845699,1519,5,REGION VALPARAISO,5501,QUILLOTA,CONDELL, ,661,"Calle Condell 661, Quillota, Valparaíso, Chile",-32.8845699,-71.2430159,1,ROOFTOP,2020,1309510,2020/11/05 00:00:00+00,CHOQUE,CHOQUE,URBANA,PERDIDA CONTROL VEHICULO,PERDIDA CONTROL VEHICULO,0,1,0,1,22:00:00
-71.1948367,-32.7877242,1520,5,REGION VALPARAISO,5502,CALERA,CARRERA,HUICI,0,"Carrera & Huici, La Calera, Calera, Valparaíso, Chile",-32.7877242,-71.1948367,1,GEOMETRIC_CENTER,2020,1309516,2020/11/05 00:00:00+00,COLISION LATERAL,COLISION,URBANA,IMPRUDENCIA DEL CONDUCTOR,NO RESPETAR DERECHO PREFERENTE DE PASO A VEHICULO,0,0,0,1,07:40:00
-71.5147401,-32.9989814,1521,5,REGION VALPARAISO,5109,VIÑA DEL MAR,ALESSANDRI,INDICO,0,"Alessandri - Gomez Carreño, Viña del Mar, Valparaíso, Chile",-32.9989814,-71.5147401,1,GEOMETRIC_CENTER,2020,1309554,2020/11/04 00:00:00+00,COLISION,COLISION,URBANA,PERDIDA CONTROL VEHICULO,PERDIDA CONTROL VEHICULO,0,0,0,1,19:40:00
-71.5408656,-33.0068671,1522,5,REGION VALPARAISO,5109,VIÑA DEL MAR,SAN EUGENIO, ,2043,"San Eugenio 2043, Viña del Mar, Valparaíso, Chile",-33.0068671,-71.5408656,1,RANGE_INTERPOLATED,2020,1309555,2020/11/05 00:00:00+00,CHOQUE LATERAL,CHOQUE,URBANA,IMPRUDENCIA DEL CONDUCTOR,CONDUCCION NO ATENTO CONDICIONES TRANSITO MOMENTO,0,0,0,0,17:50:00
-70.7208115,-32.75,1523,5,REGION VALPARAISO,5701,SAN FELIPE,ROTONDA MONASTERIO, ,0,"San Felipe, Valparaíso, Chile",-32.75,-70.7208115,1,APPROXIMATE,2020,1309665,2020/11/01 00:00:00+00,VOLCADURA,VOLCADURA,URBANA,PERDIDA CONTROL VEHICULO,PERDIDA CONTROL VEHICULO,0,0,0,1,06:00:00
-70.702599,-32.7578361,1524,5,REGION VALPARAISO,5701,SAN FELIPE,TOCORNAL, ,2810,"Tocornal 2810, San Felipe, Valparaíso, Chile",-32.7578361,-70.702599,1,ROOFTOP,2020,1309675,2020/11/02 00:00:00+00,CHOQUE,CHOQUE,URBANA,IMPRUDENCIA DEL CONDUCTOR,CONDUCIR VEHICULO EN RETROCESO,0,0,0,2,18:00:00
-71.193636,-32.7870295,1525,5,REGION VALPARAISO,5502,CALERA,CAUPOLICAN,COCHRANE,0,"Lord Cochrane 345, La Calera, Calera, Valparaíso, Chile",-32.7870295,-71.193636,1,ROOFTOP,2020,1309684,2020/11/04 00:00:00+00,ATROPELLO,ATROPELLO,URBANA,IMPRUDENCIA DEL CONDUCTOR,NO RESPETAR DERECHO PREFERENTE DE PASO A PEATON,0,0,1,0,08:10:00
-71.1899642,-32.786053,1526,5,REGION VALPARAISO,5502,CALERA,JOSE JOAQUIN PEREZ,CAUPOLICAN,0,"J. J. Pérez & Caupolicán, La Calera, Calera, Valparaíso, Chile",-32.786053,-71.1899642,1,GEOMETRIC_CENTER,2020,1309719,2020/11/06 00:00:00+00,CHOQUE LADO/LADO,CHOQUE,URBANA,OTRAS CAUSAS,OTRAS CAUSAS,0,0,0,0,12:00:00
-70.6647804,-32.7712027,1527,5,REGION VALPARAISO,5706,SANTA MARIA,TOCORNAL, ,8200,"Tocornal 8200, Santa Maria, Valparaíso, Chile",-32.7712027,-70.6647804,1,RANGE_INTERPOLATED,2020,1309731,2020/11/02 00:00:00+00,COLISION,COLISION,RURAL,IMPRUDENCIA DEL CONDUCTOR,CONDUCCION SIN MANTENER DISTANCIA RAZONABLE NI PRUDENTE,0,0,0,3,11:30:00
-70.6040484,-32.8360892,1528,5,REGION VALPARAISO,5301,LOS ANDES,SANTA TERESA, ,881,"Sta. Teresa 881, Los Andes, Valparaíso, Chile",-32.8360892,-70.6040484,1,RANGE_INTERPOLATED,2020,1309743,2020/11/02 00:00:00+00,CHOQUE FRENTE/POSTERIOR,CHOQUE,URBANA,IMPRUDENCIA DEL CONDUCTOR,CONDUCCION NO ATENTO CONDICIONES TRANSITO MOMENTO,0,0,0,0,17:40:00
-70.6452248,-32.8402871,1529,5,REGION VALPARAISO,5302,CALLE LARGA,TABOLANGO,TOMAS LAS PIEDRAS,0,"Tabolango, Calle Larga, Valparaíso, Chile",-32.8402871,-70.6452248,1,GEOMETRIC_CENTER,2020,1309745,2020/11/02 00:00:00+00,COLISION LATERAL,COLISION,URBANA,IMPRUDENCIA DEL CONDUCTOR,CONDUCCION NO ATENTO CONDICIONES TRANSITO MOMENTO,0,0,0,2,11:20:00
-70.6083567,-32.8472442,1530,5,REGION VALPARAISO,5302,CALLE LARGA,SEÑOR POBRE, ,0,"Señor Pobre 8-12, Los Andes, Calle Larga, Valparaíso, Chile",-32.8472442,-70.6083567,1,ROOFTOP,2020,1309747,2020/11/02 00:00:00+00,CHOQUE FRONTAL,CHOQUE,RURAL,PERDIDA CONTROL VEHICULO,PERDIDA CONTROL VEHICULO,0,0,0,2,13:50:00
-70.6039991,-32.8359742,1531,5,REGION VALPARAISO,5301,LOS ANDES,SANTA TERESA, ,683,"Sta. Teresa 683, Los Andes, Valparaíso, Chile",-32.8359742,-70.6039991,1,ROOFTOP,2020,1309748,2020/11/03 00:00:00+00,CHOQUE,CHOQUE,URBANA,IMPRUDENCIA DEL CONDUCTOR,CARGA ESCURRE A LA CALZADA,0,0,0,0,18:00:00
-70.6464095,-32.8412679,1532,5,REGION VALPARAISO,5302,CALLE LARGA,TABOLANGO, ,1780,"Tabolango 1780, Calle Larga, Valparaíso, Chile",-32.8412679,-70.6464095,1,RANGE_INTERPOLATED,2020,1309754,2020/11/05 00:00:00+00,COLISION LATERAL,COLISION,URBANA,IMPRUDENCIA DEL CONDUCTOR,CONDUCIR VEHICULO EN RETROCESO,0,0,0,0,18:15:00
-71.5486345,-33.0230149,1533,5,REGION VALPARAISO,5109,VIÑA DEL MAR,QUILLOTA,UNO NORTE,0,"Quillota & 1 Norte, Viña del Mar, Valparaíso, Chile",-33.0230149,-71.5486345,1,GEOMETRIC_CENTER,2020,1309764,2020/11/02 00:00:00+00,COLISION LATERAL,COLISION,URBANA,DESOBEDIENCIA A SEÑALIZACION,SEÑALIZACION DESOBEDECER LUZ ROJA DE SEMAFORO,0,0,0,2,17:35:00
-71.5542788,-33.0261358,1534,5,REGION VALPARAISO,5109,VIÑA DEL MAR,ALVAREZ,QUINTA,0,"Quinta & Álvarez, Viña del Mar, Valparaíso, Chile",-33.0261358,-71.5542788,1,GEOMETRIC_CENTER,2020,1309774,2020/11/04 00:00:00+00,COLISION POR ALCANCE,COLISION,URBANA,IMPRUDENCIA DEL CONDUCTOR,CONDUCCION NO ATENTO CONDICIONES TRANSITO MOMENTO,0,0,0,1,17:20:00
-71.4569027,-33.0434238,1535,5,REGION VALPARAISO,5801,QUILPUE,CONDELL SUR,QUINTA,0,"Quinta & Condell Sur, Quilpué, Valparaíso, Chile",-33.0434238,-71.4569027,1,GEOMETRIC_CENTER,2020,1309787,2020/11/07 00:00:00+00,CHOQUE FRENTE/POSTERIOR,CHOQUE,URBANA,IMPRUDENCIA DEL CONDUCTOR,CONDUCIR VEHICULO EN RETROCESO,0,0,0,0,13:00:00
-71.6713694,-33.4548216,1536,5,REGION VALPARAISO,5605,EL TABO,BAQUEDANO,YUNGAY,0,"Baquedano 1415, El Tabo, Valparaíso, Chile",-33.4548216,-71.6713694,1,ROOFTOP,2020,1309814,2020/11/01 00:00:00+00,VOLCADURA,VOLCADURA,URBANA,PERDIDA CONTROL VEHICULO,PERDIDA CONTROL VEHICULO,0,1,0,0,09:00:00
-71.5971311,-33.525585,1537,5,REGION VALPARAISO,5603,CARTAGENA,EL PERAL, ,1,"Av. El Peral 258, Cartagena, Valparaíso, Chile",-33.525585,-71.5971311,1,ROOFTOP,2020,1309826,2020/11/01 00:00:00+00,VOLCADURA,VOLCADURA,URBANA,PERDIDA CONTROL VEHICULO,PERDIDA CONTROL VEHICULO,0,0,0,0,07:10:00
-70.7094213,-32.7498335,1538,5,REGION VALPARAISO,5701,SAN FELIPE,MIRAFLORES, ,2085,"Av. Miraflores 2085, San Felipe, Valparaíso, Chile",-32.7498335,-70.7094213,1,ROOFTOP,2020,1309907,2020/11/03 00:00:00+00,ATROPELLO,ATROPELLO,URBANA,IMPRUDENCIA DEL CONDUCTOR,NO RESPETAR DERECHO PREFERENTE DE PASO A PEATON,0,0,0,2,13:25:00
-71.3538794,-33.0397794,1539,5,REGION VALPARAISO,5804,VILLA ALEMANA,COVADONGA,CRISTINICH,0,"Covadonga & G. Cristinich, Villa Alemana, Valparaíso, Chile",-33.0397794,-71.3538794,1,GEOMETRIC_CENTER,2020,1309914,2020/11/01 00:00:00+00,COLISION,COLISION,URBANA,DESOBEDIENCIA A SEÑALIZACION,SEÑALIZACION DESOBEDECER SEÑAL PARE,0,0,0,0,05:30:00
-70.7208115,-32.75,1540,5,REGION VALPARAISO,5701,SAN FELIPE,CALLE SUR, ,0,"San Felipe, Valparaíso, Chile",-32.75,-70.7208115,1,APPROXIMATE,2020,1309916,2020/11/04 00:00:00+00,COLISION,COLISION,RURAL,PERDIDA CONTROL VEHICULO,PERDIDA CONTROL VEHICULO,0,0,0,2,18:50:00
-71.5485728,-33.0208727,1541,5,REGION VALPARAISO,5109,VIÑA DEL MAR,TRES NORTE,DOS ORIENTE,0,"2 Ote. & 3 Nte., Viña del Mar, Valparaíso, Chile",-33.0208727,-71.5485728,1,GEOMETRIC_CENTER,2020,1309927,2020/11/07 00:00:00+00,COLISION LATERAL,COLISION,URBANA,DESOBEDIENCIA A SEÑALIZACION,SEÑALIZACION DESOBEDECER SEÑAL CEDA EL PASO,0,0,0,2,14:45:00