X,Y,FID,COD_REG,REGION,CUT,COMUNA,CALLE_UNO,CALLE_DOS,NUMERO,DIR_GEOCOD,LAT,LNG,VAL_COM,TIPO,Año,Idaccident,Fecha,Tipo_Accid,Tipo__CONA,Zona,Causa__CON,Causa,Fallecidos,Graves,Menos_Grav,Leves,Hora
-71.5922248,-33.0489278,1542,5,REGION VALPARAISO,5101,VALPARAISO,ALMTE SIMPSON, ,1013,"Almte. Simpson 1013, Valparaíso, Chile",-33.0489278,-71.5922248,1,ROOFTOP,2020,1309942,2020/10/24 00:00:00+00,CHOQUE FRONTAL,CHOQUE,URBANA,CAUSAS NO DETERMINADAS,CAUSAS NO DETERMINADAS,0,0,0,0,02:45:00
-71.5905132,-33.032825,1543,5,REGION VALPARAISO,5101,VALPARAISO,ESPAÑA,PELLE,0,"Pelle & Avenida España, Valparaíso, Chile",-33.032825,-71.5905132,1,GEOMETRIC_CENTER,2020,1309947,2020/10/24 00:00:00+00,COLISION LATERAL,COLISION,URBANA,IMPRUDENCIA DEL CONDUCTOR,CONDUCCION CAMBIAR SORPRESIVAMENTE PISTA CIRCULACION,0,0,0,0,20:00:00
-70.6553071,-32.7759152,1544,5,REGION VALPARAISO,5706,SANTA MARIA,TOCORNAL, ,0,"Tocornal 7377, Santa Maria, Valparaíso, Chile",-32.7759152,-70.6553071,1,ROOFTOP,2020,1275254,2020/04/06 00:00:00+00,COLISION LATERAL,COLISION,RURAL,IMPRUDENCIA DEL CONDUCTOR,CONDUCCION NO ATENTO CONDICIONES TRANSITO MOMENTO,0,0,0,1,07:45:00
-70.5936881,-32.8338584,1545,5,REGION VALPARAISO,5301,LOS ANDES,ESPAÑA,ARGENTINA,0,"Independencia 255, Los Andes, Valparaíso, Chile",-32.8338584,-70.5936881,1,ROOFTOP,2020,1309991,2020/11/06 00:00:00+00,COLISION FRONTAL,COLISION,URBANA,IMPRUDENCIA DEL CONDUCTOR,VIRAJES INDEBIDOS,1,3,0,2,18:25:00
-109.4279443,-27.1482215,1546,5,REGION VALPARAISO,5201,ISLA DE PASCUA,ATAMU TEKENA, ,0,"Atamu Tekena, Hanga Roa, Isla de Pascua, Valparaíso, Chile",-27.1482215,-109.4279443,1,GEOMETRIC_CENTER,2020,1310056,2020/11/04 00:00:00+00,COLISION POR ALCANCE,COLISION,URBANA,IMPRUDENCIA DEL CONDUCTOR,CONDUCCION NO ATENTO CONDICIONES TRANSITO MOMENTO,0,0,0,1,09:15:00
-71.565767,-33.0634066,1547,5,REGION VALPARAISO,5101,VALPARAISO,TRIWE, ,190,"Triwe 190, Valparaíso, Chile",-33.0634066,-71.565767,1,ROOFTOP,2020,1309245,2020/10/14 00:00:00+00,CHOQUE FRONTAL,CHOQUE,URBANA,PERDIDA CONTROL VEHICULO,PERDIDA CONTROL VEHICULO,0,0,0,1,19:10:00
-70.581482,-32.8012391,1548,5,REGION VALPARAISO,5304,SAN ESTEBAN,ALESSANDRI, ,243,"Av. Alessandri 243, San Esteban, Valparaíso, Chile",-32.8012391,-70.581482,1,RANGE_INTERPOLATED,2020,1310170,2020/11/06 00:00:00+00,CHOQUE FRENTE/POSTERIOR,CHOQUE,URBANA,IMPRUDENCIA DEL CONDUCTOR,CONDUCCION NO ATENTO CONDICIONES TRANSITO MOMENTO,0,0,0,0,11:30:00
-71.1683213,-32.7903859,1549,5,REGION VALPARAISO,5503,HIJUELAS,UNION AMERICANA, ,645,"Unión Americana 645, La Calera, Hijuelas, Valparaíso, Chile",-32.7903859,-71.1683213,1,RANGE_INTERPOLATED,2020,1310182,2020/11/09 00:00:00+00,COLISION POR ALCANCE,COLISION,URBANA,IMPRUDENCIA DEL CONDUCTOR,CONDUCCION SIN MANTENER DISTANCIA RAZONABLE NI PRUDENTE,0,0,1,0,20:10:00
-71.5860005,-33.0502445,1550,5,REGION VALPARAISO,5101,VALPARAISO,JOSE MIGUEL CARRERA, ,443,"José Miguel Carrera, Valparaíso, Chile",-33.0502445,-71.5860005,1,GEOMETRIC_CENTER,2020,1310189,2020/10/25 00:00:00+00,CHOQUE POSTERIOR,CHOQUE,URBANA,IMPRUDENCIA DEL CONDUCTOR,CONDUCCION SIN MANTENER DISTANCIA RAZONABLE NI PRUDENTE,0,0,0,0,15:00:00
-71.4652207,-33.0491674,1551,5,REGION VALPARAISO,5801,QUILPUE,JULIO VELASCO,YUTA,0,"Julio Velasco, Quilpué, Valparaíso, Chile",-33.0491674,-71.4652207,1,GEOMETRIC_CENTER,2020,1310217,2020/11/09 00:00:00+00,COLISION LATERAL,COLISION,URBANA,IMPRUDENCIA DEL CONDUCTOR,CONDUCCION SIN MANTENER DISTANCIA RAZONABLE NI PRUDENTE,0,0,0,1,19:50:00
-71.4192945,-33.0442841,1552,5,REGION VALPARAISO,5801,QUILPUE,BADEN POWELL,FREIRE,0,"Baden Powell & Freire, Quilpué, Valparaíso, Chile",-33.0442841,-71.4192945,1,GEOMETRIC_CENTER,2020,1310221,2020/11/10 00:00:00+00,COLISION LATERAL,COLISION,URBANA,CAUSAS NO DETERMINADAS,CAUSAS NO DETERMINADAS,0,0,0,0,15:35:00
-71.4332533,-33.051547,1553,5,REGION VALPARAISO,5801,QUILPUE,SAMUEL VALENCIA,SAN MARTIN,0,"Samuel Valencia & San Martín, Quilpué, Valparaíso, Chile",-33.051547,-71.4332533,1,GEOMETRIC_CENTER,2020,1310230,2020/11/10 00:00:00+00,COLISION PERPENDICULAR,COLISION,URBANA,IMPRUDENCIA DEL CONDUCTOR,VIRAJES INDEBIDOS,0,0,0,0,15:30:00
-71.5997063,-33.0557869,1554,5,REGION VALPARAISO,5101,VALPARAISO,RAMADITAS,FEDERICO COSTA,0,"Ramaditas & Federico Costa, Valparaíso, Chile",-33.0557869,-71.5997063,1,GEOMETRIC_CENTER,2020,1310231,2020/10/26 00:00:00+00,COLISION FRONTAL,COLISION,URBANA,IMPRUDENCIA DEL CONDUCTOR,CONDUCCION NO ATENTO CONDICIONES TRANSITO MOMENTO,0,0,0,0,19:30:00
-71.5816915,-33.0517785,1555,5,REGION VALPARAISO,5101,VALPARAISO,GABRIELA MISTRAL,LAUTARO,0,"Gabriela Mistral & Lautaro, Valparaíso, Chile",-33.0517785,-71.5816915,1,GEOMETRIC_CENTER,2020,1310240,2020/10/26 00:00:00+00,COLISION FRONTAL,COLISION,URBANA,IMPRUDENCIA DEL CONDUCTOR,CONDUCCION NO ATENTO CONDICIONES TRANSITO MOMENTO,0,0,0,0,12:00:00
-70.6062972,-32.8424871,1556,5,REGION VALPARAISO,5301,LOS ANDES,GALVARINO,GUAYANAS,0,"Galvarino & Guayanas, Los Andes, Valparaíso, Chile",-32.8424871,-70.6062972,1,GEOMETRIC_CENTER,2020,1310241,2020/11/06 00:00:00+00,COLISION LATERAL,COLISION,URBANA,IMPRUDENCIA DEL CONDUCTOR,CONDUCCION NO ATENTO CONDICIONES TRANSITO MOMENTO,0,0,0,1,19:00:00
-70.6933758,-32.8582493,1557,5,REGION VALPARAISO,5303,RINCONADA,CASUTO,MARTIN CRUZ,0,"Martín Cruz & Casuto, Casuto, Rinconada, Valparaíso, Chile",-32.8582493,-70.6933758,1,GEOMETRIC_CENTER,2020,1310286,2020/11/07 00:00:00+00,COLISION FRONTAL,COLISION,URBANA,ALCOHOL EN CONDUCTOR,CONDUCCION EN ESTADO DE EBRIEDAD,0,0,0,1,11:20:00
-71.6071464,-33.5847324,1558,5,REGION VALPARAISO,5601,SAN ANTONIO,DAMIANA CARRERA,FERNANDEZ CONCHA,0,"Domingo Fernández Concha & Damiana Carrera, San Antonio, Valparaíso, Chile",-33.5847324,-71.6071464,1,GEOMETRIC_CENTER,2020,1310308,2020/11/01 00:00:00+00,COLISION LATERAL,COLISION,URBANA,IMPRUDENCIA DEL CONDUCTOR,CONDUCCION NO ATENTO CONDICIONES TRANSITO MOMENTO,0,0,0,0,11:21:00
-71.2528735,-32.8921166,1559,5,REGION VALPARAISO,5501,QUILLOTA,BULNES,LORCA,0,"Lorca & Manuel Bulnes, Quillota, Valparaíso, Chile",-32.8921166,-71.2528735,1,GEOMETRIC_CENTER,2020,1310311,2020/11/06 00:00:00+00,CHOQUE,CHOQUE,URBANA,DESOBEDIENCIA A SEÑALIZACION,SEÑALIZACION DESOBEDECER SEÑAL PARE,0,0,0,0,18:30:00
-71.2648156,-32.8815765,1560,5,REGION VALPARAISO,5501,QUILLOTA,LIBERTAD,PASAJE 6,0,"Libertad & Pasaje 6, Quillota, Valparaíso, Chile",-32.8815765,-71.2648156,1,GEOMETRIC_CENTER,2020,1310330,2020/11/10 00:00:00+00,COLISION,COLISION,URBANA,IMPRUDENCIA DEL CONDUCTOR,CONDUCCION NO ATENTO CONDICIONES TRANSITO MOMENTO,0,0,0,0,11:00:00
-71.242569,-32.8780174,1561,5,REGION VALPARAISO,5501,QUILLOTA,CONDELL,HERBOSO,0,"Calle Condell & C. Herboso, Quillota, Valparaíso, Chile",-32.8780174,-71.242569,1,GEOMETRIC_CENTER,2020,1310338,2020/11/10 00:00:00+00,COLISION,COLISION,URBANA,DESOBEDIENCIA A SEÑALIZACION,SEÑALIZACION DESOBEDECER LUZ ROJA DE SEMAFORO,0,0,0,0,11:35:00
-71.5922416,-33.0397774,1562,5,REGION VALPARAISO,5101,VALPARAISO,SAN GUILLERMO,CARMEN,0,"San Guillermo & Carmen, Valparaíso, Chile",-33.0397774,-71.5922416,1,GEOMETRIC_CENTER,2020,1310417,2020/10/28 00:00:00+00,COLISION LATERAL,COLISION,URBANA,DESOBEDIENCIA A SEÑALIZACION,SEÑALIZACION DESOBEDECER SEÑAL CEDA EL PASO,0,0,0,1,20:30:00
-71.5617289,-33.1159866,1563,5,REGION VALPARAISO,5101,VALPARAISO,PRIMERA DEL SUR,DUODECIMA,0,"Primera del Sur & Duodécima, Placilla, Valparaíso, Chile",-33.1159866,-71.5617289,1,GEOMETRIC_CENTER,2020,1310453,2020/10/28 00:00:00+00,CHOQUE POSTERIOR,CHOQUE,URBANA,IMPRUDENCIA DEL CONDUCTOR,CONDUCCION SIN MANTENER DISTANCIA RAZONABLE NI PRUDENTE,0,0,0,0,12:50:00
-71.6001684,-33.0375185,1564,5,REGION VALPARAISO,5101,VALPARAISO,ESPAÑA, ,951,"Av. España 951, Valparaíso, Chile",-33.0375185,-71.6001684,1,RANGE_INTERPOLATED,2020,1310532,2020/10/29 00:00:00+00,COLISION LATERAL,COLISION,URBANA,IMPRUDENCIA DEL CONDUCTOR,CONDUCCION CAMBIAR SORPRESIVAMENTE PISTA CIRCULACION,0,0,0,2,18:15:00
-71.3877087,-33.0477607,1565,5,REGION VALPARAISO,5804,VILLA ALEMANA,PORVENIR,VENECIA,0,"Venecia & Porvenir, Villa Alemana, Valparaíso, Chile",-33.0477607,-71.3877087,1,GEOMETRIC_CENTER,2020,1310494,2020/11/02 00:00:00+00,COLISION FRONTAL,COLISION,URBANA,DESOBEDIENCIA A SEÑALIZACION,SEÑALIZACION DESOBEDECER SEÑAL PARE,0,0,0,2,18:30:00
-71.625949,-33.044188,1566,5,REGION VALPARAISO,5101,VALPARAISO,CUMMING,CONDELL,0,"Cumming 129, Valparaíso, Chile",-33.044188,-71.625949,1,ROOFTOP,2020,1310528,2020/11/02 00:00:00+00,CAIDA,CAIDA,URBANA,OTRAS CAUSAS,OTRAS CAUSAS,0,0,0,1,11:30:00
-71.4371129,-33.0483234,1567,5,REGION VALPARAISO,5801,QUILPUE,LOS CARRERA,DAVID CORTES,0,"David Cortés & Avenida Los Carrera, Quilpué, Valparaíso, Chile",-33.0483234,-71.4371129,1,GEOMETRIC_CENTER,2020,1310543,2020/11/10 00:00:00+00,COLISION PERPENDICULAR,COLISION,URBANA,IMPRUDENCIA DEL CONDUCTOR,CONDUCCION CAMBIAR SORPRESIVAMENTE PISTA CIRCULACION,0,0,0,0,13:20:00
-71.4600119,-33.0555359,1568,5,REGION VALPARAISO,5801,QUILPUE,ANITA LIZANA,HUMBOLT,0,"Humboldt & Anita Lizana, Quilpué, Valparaíso, Chile",-33.0555359,-71.4600119,1,GEOMETRIC_CENTER,2020,1310565,2020/11/11 00:00:00+00,CHOQUE FRENTE/FRENTE,CHOQUE,URBANA,PERDIDA CONTROL VEHICULO,PERDIDA CONTROL VEHICULO,0,0,0,0,07:30:00
-71.5441811,-32.953771,1569,5,REGION VALPARAISO,5109,VIÑA DEL MAR,EDMUNDO ELUCHANS, ,2415,"Av Edmundo Eluchans 2415, Viña del Mar, Concón, Valparaíso, Chile",-32.953771,-71.5441811,1,ROOFTOP,2020,1310640,2020/11/10 00:00:00+00,CHOQUE LATERAL,CHOQUE,URBANA,PERDIDA CONTROL VEHICULO,PERDIDA CONTROL VEHICULO,0,0,0,0,16:40:00
-71.5392767,-32.9339761,1570,5,REGION VALPARAISO,5103,CONCON,PIMPINELAS,CONCON REÑACA,0,"Las Pimpinelas & Avenida Concon Reñaca, Concón, Valparaíso, Chile",-32.9339761,-71.5392767,1,GEOMETRIC_CENTER,2020,1310646,2020/11/07 00:00:00+00,ATROPELLO,ATROPELLO,RURAL,IMPRUDENCIA DEL CONDUCTOR,CONDUCCION NO ATENTO CONDICIONES TRANSITO MOMENTO,0,0,0,1,09:00:00
-71.5154213,-32.9295142,1571,5,REGION VALPARAISO,5103,CONCON,CONCON REÑACA, ,5,"Av. Concón Reñaca Ote. 5, Concón, Valparaíso, Chile",-32.9295142,-71.5154213,1,RANGE_INTERPOLATED,2020,1310661,2020/11/09 00:00:00+00,COLISION FRONTAL,COLISION,URBANA,IMPRUDENCIA DEL CONDUCTOR,VIRAJES INDEBIDOS,0,0,0,0,13:45:00
-70.6002896,-32.8404666,1572,5,REGION VALPARAISO,5301,LOS ANDES,CHILE,PERU,0,"Perú & Chile, Los Andes, Valparaíso, Chile",-32.8404666,-70.6002896,1,GEOMETRIC_CENTER,2020,1310680,2020/11/08 00:00:00+00,COLISION LATERAL,COLISION,URBANA,ALCOHOL EN CONDUCTOR,CONDUCCION EN ESTADO DE EBRIEDAD,0,0,1,1,12:55:00
-71.5075805,-32.9881009,1573,5,REGION VALPARAISO,5109,VIÑA DEL MAR,LAS MARGARITAS,CARLOS IBAÑEZ DEL CAMPO,0,"Malfatti 223, Viña del Mar, Valparaíso, Chile",-32.9881009,-71.5075805,1,ROOFTOP,2020,1310681,2020/11/01 00:00:00+00,CHOQUE POSTERIOR/FRENTE,CHOQUE,URBANA,IMPRUDENCIA DEL CONDUCTOR,CONDUCCION NO ATENTO CONDICIONES TRANSITO MOMENTO,0,0,0,0,19:15:00
-71.267149,-32.9986831,1574,5,REGION VALPARAISO,5802,LIMACHE,PALMIRA ROMANO SUR,CARELMAPU,0,"Carelmapu & Palmira Romano Sur, Limache, Valparaíso, Chile",-32.9986831,-71.267149,1,GEOMETRIC_CENTER,2020,1310701,2020/11/12 00:00:00+00,COLISION LATERAL,COLISION,URBANA,IMPRUDENCIA DEL CONDUCTOR,VIRAJES INDEBIDOS,0,0,0,2,23:20:00
-71.4996029,-32.9756292,1575,5,REGION VALPARAISO,5109,VIÑA DEL MAR,CAMINO INTERNACIONAL, ,4700,"Cam. Internacional 4700, Montemar, Viña del Mar, Valparaíso, Chile",-32.9756292,-71.4996029,1,RANGE_INTERPOLATED,2020,1310717,2020/11/11 00:00:00+00,CHOQUE FRONTAL,CHOQUE,URBANA,PERDIDA CONTROL VEHICULO,PERDIDA CONTROL VEHICULO,0,0,0,0,05:50:00
-71.1894794,-32.7897325,1576,5,REGION VALPARAISO,5502,CALERA,IRIARTE,JOSE JOAQUIN PEREZ,0,"J. J. Pérez & Iriarte, La Calera, Calera, Valparaíso, Chile",-32.7897325,-71.1894794,1,GEOMETRIC_CENTER,2020,1310721,2020/11/11 00:00:00+00,COLISION LATERAL,COLISION,URBANA,DESOBEDIENCIA A SEÑALIZACION,SEÑALIZACION DESOBEDECER LUZ ROJA DE SEMAFORO,0,0,0,0,09:20:00
-71.20732,-32.7873428,1577,5,REGION VALPARAISO,5502,CALERA,PUENTE 19 DEJUNIO, ,1,"La Calera, Calera, Valparaíso, Chile",-32.7873428,-71.20732,1,APPROXIMATE,2020,1310725,2020/11/11 00:00:00+00,CHOQUE FRENTE/POSTERIOR,CHOQUE,URBANA,IMPRUDENCIA DEL CONDUCTOR,CONDUCCION SIN MANTENER DISTANCIA RAZONABLE NI PRUDENTE,0,0,0,1,18:40:00
-70.5760003,-32.8350498,1578,5,REGION VALPARAISO,5301,LOS ANDES,RIO COLORADO, ,0,"Río Colorado, Los Andes, Valparaíso, Chile",-32.8350498,-70.5760003,1,GEOMETRIC_CENTER,2020,1310736,2020/11/09 00:00:00+00,COLISION LATERAL,COLISION,RURAL,IMPRUDENCIA DEL CONDUCTOR,CONDUCCION SIN MANTENER DISTANCIA RAZONABLE NI PRUDENTE,0,0,0,0,18:30:00
-71.2374581,-32.8919101,1579,5,REGION VALPARAISO,5501,QUILLOTA,LA TETERA,ARAUCO,0,"La Tetera & Arauco, Quillota, Valparaíso, Chile",-32.8919101,-71.2374581,1,GEOMETRIC_CENTER,2020,1310869,2020/11/11 00:00:00+00,VOLCADURA,VOLCADURA,URBANA,PERDIDA CONTROL VEHICULO,PERDIDA CONTROL VEHICULO,0,1,0,0,13:30:00
-71.252161,-32.8803133,1580,5,REGION VALPARAISO,5501,QUILLOTA,CONCEPCION,BULNES,0,"La Concepción & Manuel Bulnes, Quillota, Valparaíso, Chile",-32.8803133,-71.252161,1,GEOMETRIC_CENTER,2020,1310877,2020/11/11 00:00:00+00,COLISION,COLISION,URBANA,DESOBEDIENCIA A SEÑALIZACION,SEÑALIZACION DESOBEDECER SEÑAL CEDA EL PASO,0,0,0,1,13:00:00
-70.7231446,-32.7439927,1581,5,REGION VALPARAISO,5701,SAN FELIPE,SALINAS, ,1312,"Salinas 1312, San Felipe, Valparaíso, Chile",-32.7439927,-70.7231446,1,RANGE_INTERPOLATED,2020,1310891,2020/11/07 00:00:00+00,CHOQUE,CHOQUE,URBANA,PERDIDA CONTROL VEHICULO,PERDIDA CONTROL VEHICULO,0,0,0,0,20:10:00
-70.7335573,-32.7559853,1582,5,REGION VALPARAISO,5701,SAN FELIPE,MANSO DE VELASCO,PANTALEON CORTEZ,0,"Manso de Velasco & Pantaleón Cortez, San Felipe, Valparaíso, Chile",-32.7559853,-70.7335573,1,GEOMETRIC_CENTER,2020,1310899,2020/11/08 00:00:00+00,VOLCADURA,VOLCADURA,URBANA,PERDIDA CONTROL VEHICULO,PERDIDA CONTROL VEHICULO,0,0,0,1,17:25:00
-70.5928862,-32.8433035,1583,5,REGION VALPARAISO,5301,LOS ANDES,PERU,PASCUAL BABURIZZA,0,"Av. Pascual Baburizza, Los Andes, Valparaíso, Chile",-32.8433035,-70.5928862,1,GEOMETRIC_CENTER,2020,1310939,2020/11/09 00:00:00+00,COLISION LATERAL,COLISION,URBANA,VELOCIDAD IMPRUDENTE,VELOCIDAD EXCESO EN ZONA RESTRINGIDA,0,0,0,0,17:34:00
-70.5974094,-32.8339961,1584,5,REGION VALPARAISO,5301,LOS ANDES,MAIPU, ,350,"Maipú 350, Los Andes, Valparaíso, Chile",-32.8339961,-70.5974094,1,ROOFTOP,2020,1310953,2020/11/09 00:00:00+00,COLISION LATERAL,COLISION,URBANA,IMPRUDENCIA DEL CONDUCTOR,ADELANTAMIENTO SIN EL ESPACIO O TIEMPO SUFICIENTE,0,0,0,0,08:10:00
-70.591586,-32.7510907,1585,5,REGION VALPARAISO,5304,SAN ESTEBAN,LA CAPILLA,LAS GOLONDRINAS,0,"E-755, Lo Calvo, San Esteban, Valparaíso, Chile",-32.7510907,-70.591586,1,GEOMETRIC_CENTER,2020,1310996,2020/11/11 00:00:00+00,COLISION FRONTAL,COLISION,URBANA,DROGAS Y/O FATIGA EN CONDUCTOR,CONDUCCION BAJO INFLUENCIA DE DROGAS O ESTUPEFACIENTES,0,1,0,0,23:15:00
-71.6105117,-33.065906,1586,5,REGION VALPARAISO,5101,VALPARAISO,VERGEL ALTO,BERLIN,0,"Plaza El Vergel Alto - Juan Fernández 1346, Valparaíso, Chile",-33.065906,-71.6105117,1,ROOFTOP,2020,1311012,2020/11/01 00:00:00+00,OTRO TIPO,OTRO TIPO,URBANA,ALCOHOL EN CONDUCTOR,CONDUCCION EN ESTADO DE EBRIEDAD,0,0,0,0,23:45:00
-71.4546515,-33.0468893,1587,5,REGION VALPARAISO,5801,QUILPUE,LOS CARRERA,HUMBOLT,0,"Humboldt & Avenida Los Carrera, Quilpué, Valparaíso, Chile",-33.0468893,-71.4546515,1,GEOMETRIC_CENTER,2020,1311020,2020/11/13 00:00:00+00,COLISION POR ALCANCE,COLISION,URBANA,IMPRUDENCIA DEL CONDUCTOR,CONDUCCION SIN MANTENER DISTANCIA RAZONABLE NI PRUDENTE,0,0,0,0,17:00:00
-71.3986862,-33.0373953,1588,5,REGION VALPARAISO,5804,VILLA ALEMANA,CARLOS GRUHNNE,LOS DURAZNOS,0,"Pje. Los Duraznos & Carlos Gruhner, Villa Alemana, Valparaíso, Chile",-33.0373953,-71.3986862,1,GEOMETRIC_CENTER,2020,1311024,2020/11/12 00:00:00+00,COLISION FRONTAL,COLISION,URBANA,IMPRUDENCIA DEL CONDUCTOR,ADELANTAMIENTO SIN EL ESPACIO O TIEMPO SUFICIENTE,0,0,0,0,16:25:00
-71.5875122,-33.0585083,1589,5,REGION VALPARAISO,5101,VALPARAISO,IBSEN,NORUEGA,0,"Ibsen & Noruega, Valparaíso, Chile",-33.0585083,-71.5875122,1,GEOMETRIC_CENTER,2020,1311042,2020/11/02 00:00:00+00,COLISION POR ALCANCE,COLISION,URBANA,IMPRUDENCIA DEL CONDUCTOR,ADELANTAMIENTO SIN EL ESPACIO O TIEMPO SUFICIENTE,0,0,0,0,08:00:00
-71.4324815,-33.0484801,1590,5,REGION VALPARAISO,5801,QUILPUE,SAN MARTIN,LOS CARRERA,0,"San Martín & Avenida Los Carrera, Quilpué, Valparaíso, Chile",-33.0484801,-71.4324815,1,GEOMETRIC_CENTER,2020,1311054,2020/11/14 00:00:00+00,COLISION PERPENDICULAR,COLISION,URBANA,DESOBEDIENCIA A SEÑALIZACION,SEÑALIZACION DESOBEDECER LUZ ROJA DE SEMAFORO,0,0,0,3,15:00:00
-70.7335573,-32.7559853,1591,5,REGION VALPARAISO,5701,SAN FELIPE,MANSO DE VELASCO,PANTALEON CORTEZ,0,"Manso de Velasco & Pantaleón Cortez, San Felipe, Valparaíso, Chile",-32.7559853,-70.7335573,1,GEOMETRIC_CENTER,2020,1311240,2020/11/08 00:00:00+00,VOLCADURA,VOLCADURA,URBANA,PERDIDA CONTROL VEHICULO,PERDIDA CONTROL VEHICULO,0,1,0,0,17:25:00
-70.719437,-32.7503728,1592,5,REGION VALPARAISO,5701,SAN FELIPE,YUNGAY,SANTO DOMINGO,0,"Santo Domingo & Yungay, San Felipe, Valparaíso, Chile",-32.7503728,-70.719437,1,GEOMETRIC_CENTER,2020,1311243,2020/11/09 00:00:00+00,COLISION,COLISION,URBANA,DESOBEDIENCIA A SEÑALIZACION,SEÑALIZACION DESOBEDECER SEÑAL PARE,0,0,0,2,15:15:00
-70.5952095,-32.8281453,1593,5,REGION VALPARAISO,5301,LOS ANDES,HERMANOS CLARK,ARGENTINA,0,"Hnos Clark 20, Los Andes, Valparaíso, Chile",-32.8281453,-70.5952095,1,ROOFTOP,2020,1311299,2020/11/13 00:00:00+00,COLISION,COLISION,URBANA,IMPRUDENCIA DEL CONDUCTOR,CONDUCCION CAMBIAR SORPRESIVAMENTE PISTA CIRCULACION,0,0,0,0,17:00:00
-70.5929547,-32.8330732,1594,5,REGION VALPARAISO,5301,LOS ANDES,INDEPENDENCIA, ,164,"Independencia 164, Los Andes, Valparaíso, Chile",-32.8330732,-70.5929547,1,ROOFTOP,2020,1311371,2020/11/11 00:00:00+00,CHOQUE POSTERIOR/LADO,CHOQUE,URBANA,IMPRUDENCIA DEL CONDUCTOR,CONDUCIR VEHICULO EN RETROCESO,0,0,0,0,19:00:00
-71.2469452,-32.9008696,1595,5,REGION VALPARAISO,5501,QUILLOTA,CONDELL, ,1678,"Carlos Condell 1678, Quillota, Valparaíso, Chile",-32.9008696,-71.2469452,1,RANGE_INTERPOLATED,2020,1311381,2020/11/16 00:00:00+00,VOLCADURA,VOLCADURA,URBANA,PERDIDA CONTROL VEHICULO,PERDIDA CONTROL VEHICULO,0,0,1,0,10:05:00
-71.4077315,-33.036205,1596,5,REGION VALPARAISO,5801,QUILPUE,MATEO DE TORO Y ZAMBRANO,BELLOTO,0,"Mateo de Toro y Zambrano & Avda El Belloto, Quilpué, Valparaíso, Chile",-33.036205,-71.4077315,1,GEOMETRIC_CENTER,2020,1311454,2020/11/16 00:00:00+00,COLISION PERPENDICULAR,COLISION,URBANA,DEFICIENCIAS VIALES,SEÑALIZACION MAL INSTALADA O MANTENIDA FORMA DEFECTUOSA,0,0,0,1,23:45:00
-70.587812,-32.8528241,1597,5,REGION VALPARAISO,5301,LOS ANDES,COMBATE NAVAL DE IQUIQUE, ,1855,"Combate Naval de Iquique 1855, Los Andes, Valparaíso, Chile",-32.8528241,-70.587812,1,ROOFTOP,2020,1311464,2020/11/15 00:00:00+00,COLISION,COLISION,URBANA,ALCOHOL EN CONDUCTOR,CONDUCCION EN ESTADO DE EBRIEDAD,0,0,0,0,17:05:00
-71.3997729,-33.042351,1598,5,REGION VALPARAISO,5801,QUILPUE,LOS NARANJOS,LAGO LLANQUIHUE,0,"Los Naranjos & Lago Llanquihue, Villa Alemana, Quilpué, Valparaíso, Chile",-33.042351,-71.3997729,1,GEOMETRIC_CENTER,2020,1311514,2020/11/16 00:00:00+00,COLISION PERPENDICULAR,COLISION,URBANA,IMPRUDENCIA DEL CONDUCTOR,VIRAJES INDEBIDOS,0,0,0,1,21:15:00
-71.5494413,-33.0122196,1599,5,REGION VALPARAISO,5109,VIÑA DEL MAR,LIBERTAD,ONCE NORTE,0,"Av. Libertad & 11 Nte., Viña del Mar, Valparaíso, Chile",-33.0122196,-71.5494413,1,GEOMETRIC_CENTER,2020,1311593,2020/11/15 00:00:00+00,CHOQUE FRENTE/POSTERIOR,CHOQUE,URBANA,IMPRUDENCIA DEL CONDUCTOR,CONDUCCION NO ATENTO CONDICIONES TRANSITO MOMENTO,0,0,0,0,13:20:00
-71.6330497,-33.0378422,1600,5,REGION VALPARAISO,5101,VALPARAISO,TOMA SAN FRANCISCO,EL HUILMO,0,"San Francisco 265, Valparaíso, Chile",-33.0378422,-71.6330497,1,ROOFTOP,2020,1311635,2020/11/09 00:00:00+00,COLISION LATERAL,COLISION,URBANA,IMPRUDENCIA DEL CONDUCTOR,CONDUCCION NO ATENTO CONDICIONES TRANSITO MOMENTO,0,0,0,0,20:05:00